,Energy[eV],alpha_norm_deg,alpha_deg,beta_norm_deg,beta_deg,cff,Efficiency
0,500,73.34,16.66,-71.1061982036661,18.893801796333904,1.1294885684126728,0.029156687180011888
1,510,73.66,16.34,-71.4308507323756,18.569149267624397,1.131913922878742,0.03034073114578162
2,520,74.0,16.0,-71.77157848039032,18.228421519609682,1.1348465882479966,0.03140694685489957
3,530,74.3,15.700000000000001,-72.07551859272752,17.92448140727248,1.137334371285589,0.03249764156446537
4,540,74.6,15.4,-72.37801727052145,17.621982729478546,1.1400060483482226,0.03360043390954462
5,550,74.88,15.120000000000001,-72.66158416473706,17.338415835262936,1.1425135597881149,0.03463452807144684
6,560,75.16,14.84,-72.94381676468338,17.056183235316624,1.1451996615481974,0.0354998086328129
7,570,75.44,14.56,-73.22472560623703,16.77527439376297,1.148074258105567,0.0363170929149321
8,580,75.68,14.32,-73.46955683071621,16.530443169283785,1.1503514331507974,0.03721194642556117
9,590,75.94,14.06,-73.73059053438332,16.269409465616675,1.153192962220224,0.03802674043369967
10,600,76.18,13.82,-73.97310858905749,16.02689141094251,1.1557988681578968,0.03851926834462664
11,610,76.42,13.58,-74.21450395951278,15.785496040487217,1.1585749277864634,0.03891436455391184
12,620,76.64,13.36,-74.43756136871276,15.562438631287236,1.1610759829257726,0.03950724986629453
13,630,76.86,13.14,-74.65959229058956,15.340407709410442,1.1637347528910815,0.03974186580752912
14,640,77.06,12.94,-74.86345663315552,15.136543366844478,1.1660767544127424,0.03967119733622931
15,650,77.26,12.74,-75.06638804179485,14.933611958205148,1.168561793729866,0.03945735526809344
16,660,77.46,12.540000000000001,-75.26839584894695,14.731604151053048,1.1711961460005302,0.03935707877724824
17,670,77.66,12.34,-75.46948718018888,14.530512819811122,1.1739866608376612,0.03919833750662982
18,680,77.84,12.16,-75.65266988434547,14.347330115654529,1.1763985939537458,0.038048405158092886
19,690,78.02,11.98,-75.83502573330027,14.16497426669973,1.178948889451767,0.03688954619234328
20,700,78.2,11.8,-76.01656188153369,13.98343811846631,1.1816434119664396,0.035813155845549054
21,710,78.38,11.620000000000001,-76.19728374873425,13.80271625126575,1.1844885304175685,0.03461616361654914
22,720,78.53999999999999,11.46,-76.3603485229259,13.639651477074096,1.1868845751170944,0.03275756973615229
23,730,78.7,11.3,-76.52268537609525,13.477314623904746,1.1894102416047256,0.030001527930844235
24,740,78.86,11.14,-76.68430061737644,13.315699382623563,1.1920706597760105,0.027358659863769348
25,750,79.02,10.98,-76.84519920501535,13.154800794984652,1.1948713752184865,0.024780060662928777
26,760,79.16,10.84,-76.98868305707153,13.011316942928474,1.1971449744787888,0.022156417367703414
27,770,79.32,10.68,-77.14820094658148,12.851799053418517,1.2002248790949313,0.018140863315849902
28,780,79.46,10.540000000000001,-77.29038760481505,12.709612395184948,1.2027528561911223,0.013152452547191383
29,790,79.6,10.4,-77.4319500052578,12.568049994742196,1.205406795062256,0.009039540390584057
30,800,79.74,10.26,-77.57289238628769,12.427107613712309,1.2081915211478749,0.0058490352079222
31,810,79.88,10.120000000000001,-77.7132179961568,12.2867820038432,1.21111222038318,0.0034990238885319468
32,820,80.02,9.98,-77.85292911287156,12.147070887128436,1.2141744627673512,0.0014695422187227872
33,830,80.14,9.86,-77.97559294303566,12.024407056964336,1.216577539692153,0.00015435363282628435
34,840,80.28,9.72,-78.11412324709721,11.885876752902789,1.2199181257968412,5.589962463656776e-05
35,850,80.46,9.540000000000001,-78.28471455774562,11.715285442254384,1.225131389594826,0.009655582416827426
36,860,80.56,9.44,-78.38934811499789,11.610651885002113,1.2270854739722485,0.009605237792388494
37,870,80.66,9.34,-78.49351931155962,11.506480688440377,1.2291293841506863,0.009069329921771488
38,880,80.74,9.26,-78.58098478510406,11.419015214895936,1.2303568559527955,0.01002188442631766
39,890,80.82,9.18,-78.66804590175684,11.331954098243159,1.2316484350560246,0.010765640393652019
40,900,80.92,9.08,-78.77092497681258,11.22907502318742,1.2339391645767503,0.011364652587480083
41,910,81.0,9.0,-78.85718188418953,11.14281811581047,1.2353751421474406,0.01232429689524814
42,920,81.1,8.9,-78.95921935455401,11.040780645445992,1.2378459593338642,0.01348330433722785
43,930,81.18,8.82,-79.04469647170485,10.955303528295147,1.2394325836814508,0.015051597916304628
44,940,81.28,8.72,-79.14591088384834,10.854089116151656,1.2420927666865087,0.016195135971465952
45,950,81.36,8.64,-79.23062904883466,10.769370951165342,1.2438372185643578,0.01717406094716993
46,960,81.44,8.56,-79.3149862554502,10.685013744549806,1.2456553214920838,0.018067940190824087
47,970,81.53999999999999,8.46,-79.41501206603685,10.584987933963149,1.248607695195856,0.019197489721848617
48,980,81.62,8.38,-79.49863637343476,10.501363626565237,1.2505956151611441,0.02044939941778514
49,990,81.7,8.3,-79.58191246739341,10.418087532606592,1.25266275865464,0.02156709840434868
50,1000,81.78,8.22,-79.66484419487536,10.335155805124643,1.2548110036432727,0.021716127430646732
51,1010,81.88,8.120000000000001,-79.76333822292288,10.236661777077117,1.2581839125345742,0.02042388467812878
52,1020,81.94,8.06,-79.82968829439065,10.17031170560935,1.259358879746124,0.02290378172637156
53,1030,82.02,7.98,-79.91160674442858,10.088393255571418,1.2617628504126932,0.02523887191218268
54,1040,82.1,7.9,-79.99319300085384,10.006806999146164,1.2642566117790308,0.026690572118281852
55,1050,82.16,7.84,-80.05865444397072,9.941345556029276,1.265621692098661,0.028515369485723644
56,1060,82.24,7.76,-80.1396160918106,9.860383908189405,1.268278918030988,0.030407143570546163
57,1070,82.3,7.7,-80.20450953889036,9.795490461109637,1.2697722552271808,0.03217430447482904
58,1080,82.38,7.62,-80.28485746518176,9.715142534818241,1.2726006895998,0.033726775649100614
59,1090,82.44,7.5600000000000005,-80.34919619796788,9.650803802032115,1.2742277512898723,0.03516996151826895
60,1100,82.52,7.48,-80.42893930281183,9.571060697188173,1.2772359716415136,0.03676788979012759
61,1110,82.58,7.42,-80.49273476864309,9.50726523135691,1.2790028881297952,0.0386164959274748
62,1120,82.64,7.36,-80.55627354097201,9.443726459027985,1.2808327649365188,0.04033950248493658
63,1130,82.7,7.3,-80.61955860163555,9.380441398364454,1.2827267662042796,0.04204901440785409
64,1140,82.78,7.22,-80.69815223821368,9.30184776178632,1.2860935644012992,0.0441269729328411
65,1150,82.84,7.16,-80.76091346332144,9.239086536678556,1.2881404145939348,0.04589118990814584
66,1160,82.9,7.1000000000000005,-80.82342807210718,9.176571927892823,1.2902559216101106,0.0475774620945087
67,1170,82.96,7.04,-80.88569831664547,9.114301683354526,1.2924415389592534,0.049287880496201114
68,1180,83.02,6.98,-80.94772628061219,9.052273719387813,1.2946987935982415,0.051024482879837935
69,1190,83.08,6.92,-81.00951388348545,8.990486116514546,1.2970292885372767,0.052754645056096124
70,1200,83.12,6.88,-81.05566242094636,8.944337579053638,1.2978919623625707,0.054440144709266496
71,1210,83.18,6.82,-81.11700365238673,8.882996347613272,1.300348967189501,0.05677643930463771
72,1220,83.24,6.76,-81.17811014253192,8.82188985746808,1.302883708455963,0.05910137824902586
73,1230,83.3,6.7,-81.23898320294548,8.761016797054523,1.3054980940680712,0.06074426373463736
74,1240,83.34,6.66,-81.28432617185138,8.715673828148624,1.3065588553520544,0.061992437118546045
75,1250,83.4,6.6000000000000005,-81.34476801629802,8.65523198370198,1.3093104754810685,0.06439090675152033
76,1260,83.46,6.54,-81.40498035122093,8.595019648779072,1.3121471116557526,0.06615780117666033
77,1270,83.5,6.5,-81.44974572394179,8.550254276058212,1.313362205718772,0.06804672716313552
78,1280,83.56,6.44,-81.50953580419895,8.490464195801053,1.3163451361427545,0.07025953058617451
79,1290,83.6,6.4,-81.55393082277871,8.44606917722129,1.3176623432038905,0.07216652137361794
80,1300,83.66,6.34,-81.61330391102095,8.38669608897905,1.3207977543815381,0.07442985748471163
81,1310,83.7,6.3,-81.65733600351336,8.342663996486635,1.32222080129718,0.07657151888811843
82,1320,83.76,6.24,-81.71629645991882,8.283703540081177,1.3255154137881726,0.07772750502564084
83,1330,83.8,6.2,-81.75997223453373,8.240027765466266,1.327048404262545,0.08044662014730641
84,1340,83.84,6.16,-81.80348106364174,8.19651893635826,1.3286279767482978,0.0823848067881418
85,1350,83.88,6.12,-81.84682484589567,8.153175154104332,1.3302547444368487,0.08380361461331207
86,1360,83.94,6.0600000000000005,-81.9050103906492,8.094989609350804,1.333852740883571,0.08628394012340994
87,1370,83.98,6.0200000000000005,-81.94800994488291,8.051990055117088,1.335597568878755,0.08884475285076326
88,1380,84.02,5.98,-81.99084914670115,8.009150853298848,1.337392152067211,0.09112791508715493
89,1390,84.06,5.94,-82.03352956611346,7.966470433886542,1.3392372404146506,0.09327432220648313
90,1400,84.1,5.9,-82.07605269707288,7.923947302927118,1.3411336168348729,0.09515515344712491
91,1410,84.14,5.86,-82.11841995938009,7.881580040619909,1.3430820979998586,0.09689740097285449
92,1420,84.18,5.82,-82.16063270049355,7.839367299506449,1.3450835351988926,0.09874156337365304
93,1430,84.22,5.78,-82.2026921972494,7.797307802750595,1.347138815248563,0.10073325796485258
94,1440,84.26,5.74,-82.24459965749543,7.755400342504572,1.3492488614553537,0.10289918887913951
95,1450,84.3,5.7,-82.2863562216424,7.713643778357607,1.3514146346328102,0.1052473052309612
96,1460,84.34,5.66,-82.32796296413662,7.672037035863383,1.35363713417542,0.10776535130635616
97,1470,84.38,5.62,-82.3694208948563,7.6305791051436955,1.3559173991914872,0.1104176144264264
98,1480,84.42,5.58,-82.41073096043613,7.589269039563874,1.3582565096972805,0.11313957156058746
99,1490,84.46,5.54,-82.45189404552089,7.548105954479112,1.3606555878753215,0.11583001409513959
100,1500,84.5,5.5,-82.49291097395327,7.507089026046728,1.3631157993992877,0.11793344283613728
101,1510,84.54,5.46,-82.53378250989687,7.4662174901031335,1.3656383548286377,0.11963087755636063
102,1520,84.58,5.42,-82.57450935889732,7.425490641102684,1.3682245110761406,0.12066566003131819
103,1530,84.6,5.4,-82.60049027101053,7.399509728989472,1.3684987697331177,0.12400369507173897
104,1540,84.64,5.36,-82.64095836781706,7.359041632182937,1.3711828845959593,0.12686873247367048
105,1550,84.68,5.32,-82.68128415055064,7.318715849449362,1.373933798538699,0.12882716210757897
106,1560,84.7,5.3,-82.70692818197615,7.293071818023847,1.374297508718704,0.13007756200583823
107,1570,84.74,5.26,-82.74700103202622,7.252998967973781,1.3771509864358744,0.1338954424166575
108,1580,84.78,5.22,-82.78693348656657,7.213066513433432,1.3800747890827474,0.13630635995504758
109,1590,84.8,5.2,-82.81225198870465,7.187748011295355,1.3805309200889648,0.1375949781092474
110,1600,84.84,5.16,-82.85193648916355,7.148063510836451,1.383562410751065,0.141371156729532
111,1610,84.88,5.12,-82.89148208327018,7.108517916729824,1.3866681074941196,0.1426237350518742
112,1620,84.9,5.1000000000000005,-82.91648526451577,7.083514735484229,1.3872201041311054,0.1452033839368648
113,1630,84.94,5.0600000000000005,-82.95578709220975,7.0442129077902536,1.3904391744385447,0.14769360564151973
114,1640,84.96,5.04,-82.98058732288432,7.019412677115682,1.3910524939608124,0.14913991735741655
115,1650,85.0,5.0,-83.01964809855932,6.9803519014406845,1.3943885337529478,0.1524526875688256
116,1660,85.02,4.98,-83.04424956315339,6.955750436846614,1.3950645484815554,0.1535686840347423
117,1670,85.06,4.94,-83.08307169341845,6.916928306581553,1.3985213861890287,0.1571817852566283
118,1680,85.08,4.92,-83.10747829857917,6.892521701420833,1.3992615952852372,0.1586304160710931
119,1690,85.12,4.88,-83.14606389354063,6.853936106459372,1.4028433039827128,0.16183467352092887
120,1700,85.14,4.86,-83.17027928043647,6.829720719563525,1.4036493387576896,0.16422364234012352
121,1710,85.18,4.82,-83.20863016398202,6.791369836017978,1.4073602493996773,0.16568104786167367
122,1720,85.2,4.8,-83.23265771971629,6.767342280283714,1.4082338792269282,0.16912610262599614
123,1730,85.22,4.78,-83.2565971026271,6.743402897372903,1.4091330660521935,0.16933544969281458
124,1740,85.26,4.74,-83.2946183070144,6.705381692985597,1.413021733938582,0.1731336765974829
125,1750,85.28,4.72,-83.31837480617865,6.681625193821347,1.4139909691678851,0.17542379094240496
126,1760,85.3,4.7,-83.34204592168774,6.657954078312258,1.414986427833524,0.1752892702993374
127,1770,85.34,4.66,-83.37974164696145,6.620258353038551,1.4190612641001488,0.17998716700473083
128,1780,85.36,4.64,-83.40323432284274,6.596765677157265,1.4201295058910655,0.18239709750147443
129,1790,85.38,4.62,-83.42664416736348,6.573355832636523,1.4212247405366416,0.1828479289312415
130,1800,85.42,4.58,-83.46401782205463,6.535982177945371,1.4254949010421352,0.18638133674996055
131,1810,85.44,4.5600000000000005,-83.48725319821439,6.51274680178561,1.426665953198782,0.1898644354514383
132,1820,85.46,4.54,-83.51040807367646,6.489591926323541,1.427864876314501,0.19163451394801145
133,1830,85.48,4.5200000000000005,-83.53348326360978,6.4665167363902185,1.4290918631416372,0.19172137773698394
134,1840,85.52,4.48,-83.57044624523772,6.429553754762281,1.4336184159480845,0.1952673126709704
135,1850,85.54,4.46,-83.59335179987046,6.406648200129538,1.4349253760946743,0.19854599455659458
136,1860,85.56,4.44,-83.61617972641677,6.3838202735832255,1.4362614248191579,0.20058945566722183
137,1870,85.58,4.42,-83.63893075418815,6.361069245811848,1.4376267948979,0.20172388501975566
138,1880,85.6,4.4,-83.66160559234761,6.3383944076523875,1.439021727851663,0.2022080492434126
139,1890,85.64,4.36,-83.69807303992229,6.301926960077708,1.4438766302861075,0.20528237515415526
140,1900,85.66,4.34,-83.72058344912637,6.279416550873634,1.445357187644887,0.20891941086183988
141,1910,85.68,4.32,-83.74301941560478,6.256980584395222,1.4468685260190206,0.21181317149389464
142,1920,85.7,4.3,-83.76538157122181,6.234618428778191,1.4484109306310495,0.21416348405988878
143,1930,85.72,4.28,-83.78767052971175,6.212329470288253,1.4499846962108915,0.21613276955301955
144,1940,85.74,4.26,-83.80988688705098,6.190113112949021,1.4515901271332927,0.2178525574726475
145,1950,85.76,4.24,-83.83203122181921,6.167968778180793,1.453227537561713,0.2192986133826281
146,1960,85.78,4.22,-83.8541040955485,6.145895904451507,1.454897251599106,0.22044670188503063
147,1970,85.8,4.2,-83.87610605306061,6.12389394693939,1.4565996034457886,0.22159898156015842
148,1980,85.84,4.16,-83.91173445645177,6.088265543548232,1.4620569760582816,0.22384225671593208
149,1990,85.86,4.14,-83.93357943808026,6.066420561919742,1.4638561884094925,0.22670206867681636
150,2000,85.88,4.12,-83.95535476461075,6.044645235389254,1.4656896307688272,0.2293576838052835
151,2010,85.9,4.1,-83.97706091585115,6.022939084148845,1.467557689323989,0.23185702560445548
152,2020,85.92,4.08,-83.99869835639277,6.001301643607235,1.4694607615153459,0.23423290474994515
153,2030,85.94,4.0600000000000005,-84.02026753588757,5.9797324641124305,1.47139925624609,0.23650401455059372
154,2040,85.96,4.04,-84.04176888931705,5.958231110682945,1.4733735941006716,0.23867540886071129
155,2050,85.98,4.0200000000000005,-84.0632028372526,5.936797162747396,1.4753842075718304,0.24073845562387083
156,2060,86.0,4.0,-84.0845697861066,5.915430213893401,1.4774315412966934,0.2426702451100933
157,2070,86.02,3.98,-84.10587012837682,5.8941298716231785,1.479516052301691,0.24443241110181108
158,2080,86.04,3.96,-84.12710424288153,5.872895757118471,1.4816382102571664,0.24596929822646268
159,2090,86.04,3.96,-84.1347749320039,5.865225067996107,1.4797097862360562,0.2469832225122145
160,2100,86.06,3.94,-84.15589750615422,5.8441024938457815,1.4818717690716283,0.24982395895449916
161,2110,86.08,3.92,-84.17695520238905,5.823044797610947,1.4840722349920876,0.252734554953703
162,2120,86.1,3.9,-84.19794834879298,5.802051651207023,1.4863116938282506,0.25565709591650265
163,2130,86.12,3.88,-84.21887726087932,5.781122739120676,1.488590669123882,0.25851762168347875
164,2140,86.14,3.86,-84.23974224178355,5.760257758216454,1.4909096984417993,0.26122222191208394
165,2150,86.16,3.84,-84.26054358244981,5.739456417550187,1.4932693336813325,0.26365190879727607
166,2160,86.18,3.8200000000000003,-84.28128156181234,5.718718438187665,1.4956701414070592,0.2656558976958105
167,2170,86.2,3.8000000000000003,-84.30195644696961,5.698043553030388,1.4981127031897545,0.26704284348599017
168,2180,86.22,3.7800000000000002,-84.32256849335396,5.677431506646045,1.5005976159594452,0.26756952889355134
169,2190,86.24,3.7600000000000002,-84.34311794489412,5.656882055105882,1.5031254923714719,0.2669265605698283
170,2200,86.24,3.7600000000000002,-84.35030233124144,5.649697668758563,1.5012226792986703,0.27091190392816167
171,2210,86.26,3.74,-84.3707501886028,5.629249811397202,1.5037943662729942,0.2749695521324321
172,2220,86.28,3.72,-84.39113642768415,5.608863572315855,1.5064101542953967,0.2783033262764824
173,2230,86.3,3.7,-84.411461250116,5.588538749883995,1.5090707056363442,0.2803766159763667
174,2240,86.32,3.68,-84.43172484680368,5.568275153196325,1.5117766998463873,0.2808337284474698
175,2250,86.34,3.66,-84.4519273980598,5.548072601940206,1.5145288341928238,0.2793059687416821
176,2260,86.34,3.66,-84.4588675583429,5.541132441657098,1.5126402032299888,0.2828090266026187
177,2270,86.36,3.64,-84.478973066754,5.521026933246006,1.5154386620721718,0.28701240634906006
178,2280,86.38,3.62,-84.49901833151054,5.500981668489459,1.518284575583688,0.28973538511356145
179,2290,86.4,3.6,-84.51900349419508,5.480996505804924,1.5211786968242846,0.29037514743979487
180,2300,86.42,3.58,-84.53892868643531,5.461071313564688,1.524121798434274,0.28811457280065883
181,2310,86.42,3.58,-84.54567646014827,5.454323539851728,1.522244268623915,0.29283315546391425
182,2320,86.44,3.56,-84.56550797689951,5.434492023100489,1.5252360119812969,0.297093734565434
183,2330,86.46,3.54,-84.58528019201253,5.414719807987467,1.5282782074662327,0.2989463969515329
184,2340,86.48,3.52,-84.60499320090618,5.395006799093821,1.5313716893257099,0.2973783496982126
185,2350,86.48,3.52,-84.61159228954281,5.388407710457187,1.5295040682729268,0.2999244428979851
186,2360,86.5,3.5,-84.63121410206564,5.368785897934359,1.5326481031475945,0.30490033613941653
187,2370,86.52,3.48,-84.65077727859182,5.349222721408182,1.5358450245360062,0.30682183850229056
188,2380,86.54,3.46,-84.67028188010546,5.329718119894537,1.5390957332195696,0.3042508573700855
189,2390,86.54,3.46,-84.67673935371528,5.323260646284723,1.537236340438018,0.3084302189169028
190,2400,86.56,3.44,-84.69615499830178,5.303845001698221,1.54053971883028,0.3126150257837678
191,2410,86.58,3.42,-84.7155125449631,5.284487455036896,1.543898622938011,0.3125816565549099
192,2420,86.58,3.42,-84.72186430075794,5.278135699242057,1.5420481701571545,0.3109468043146917
193,2430,86.6,3.4,-84.74113452149066,5.258865478509335,1.5454612163854078,0.31709537346203887
194,2440,86.62,3.38,-84.76034705610739,5.239652943892608,1.5489316250097802,0.3189984698817308
195,2450,86.64,3.36,-84.77950190970836,5.220498090291642,1.5524604200208103,0.3145520290598123
196,2460,86.64,3.36,-84.78572346429529,5.2142765357047125,1.5506153812140655,0.32159316777947494
197,2470,86.66,3.34,-84.80479284874866,5.1952071512513385,1.5542008110611496,0.32465565044294853
198,2480,86.68,3.3200000000000003,-84.8238048790602,5.176195120939795,1.5578466214668023,0.32089609826823157
199,2490,86.68,3.3200000000000003,-84.82992892388158,5.170071076118418,1.5560085146306568,0.3266502921337451
200,2500,86.7,3.3000000000000003,-84.84885684704228,5.151143152957715,1.5597127003734335,0.3300800445335297
201,2510,86.72,3.2800000000000002,-84.86772768333866,5.132272316661343,1.5634793730249614,0.32581575430893095
202,2520,86.72,3.2800000000000002,-84.87375750284507,5.126242497154934,1.56164737458027,0.3324374706509508
203,2530,86.74,3.2600000000000002,-84.89254548787945,5.107454512120555,1.5654742801499508,0.33530946041989823
204,2540,86.74,3.2600000000000002,-84.8985092780825,5.1014907219175,1.5636511682459822,0.3306247350007983
205,2550,86.76,3.24,-84.91721533181519,5.082784668184814,1.5675391969459505,0.3385229148807641
206,2560,86.78,3.22,-84.93586474292837,5.0641352570716265,1.571493027829385,0.33930440269798023
207,2570,86.78,3.22,-84.94173951962497,5.058260480375026,1.5696747195308494,0.3376003065796904
208,2580,86.8,3.2,-84.96030809040293,5.039691909597067,1.5736917189644357,0.3438964015005064
209,2590,86.82,3.18,-84.9788201390615,5.021179860938503,1.577776935583556,0.3411975814792292
210,2600,86.82,3.18,-84.98460882179631,5.015391178203686,1.575962641452958,0.34496773853875107
211,2610,86.84,3.16,-85.00304102661426,4.996958973385745,1.5801132048992,0.34820694032667115
212,2620,86.84,3.16,-85.00876904348748,4.991230956512524,1.5783065069993836,0.34385520284414367
213,2630,86.86,3.14,-85.0271221622436,4.9728778377564,1.5825234764800369,0.35173247199534674
214,2640,86.88,3.12,-85.04541897484809,4.95458102515191,1.5868124741356575,0.3495335067964087
215,2650,86.88,3.12,-85.05106554079336,4.94893445920664,1.58500854061911,0.3530564410177123
216,2660,86.9,3.1,-85.06928411667397,4.93071588332603,1.589366336428706,0.3560347448964304
217,2670,86.9,3.1,-85.07487308604424,4.925126913955765,1.5875692307132168,0.35304410434215894
218,2680,86.92,3.08,-85.09301409118491,4.906985908815088,1.5919969962841978,0.3601622727841993
219,2690,86.94,3.06,-85.11109887471596,4.888901125284036,1.5965009345656354,0.3545288651687403
220,2700,86.94,3.06,-85.1166107190312,4.8833892809687995,1.5947053706962047,0.3627943365078325
221,2710,86.96,3.04,-85.13461864347455,4.865381356525447,1.5992819032235883,0.361905904792051
222,2720,86.96,3.04,-85.14007575521688,4.859924244783116,1.5974924221866822,0.3644632546959853
223,2730,86.98,3.02,-85.15800740092861,4.841992599071389,1.602142842423937,0.367096393181973
224,2740,86.98,3.02,-85.16341089112939,4.836589108870612,1.6003591596487248,0.36516808263837125
225,2750,87.0,3.0,-85.18126680644615,4.818733193553854,1.605084804231357,0.3708956089232245
226,2760,87.0,3.0,-85.18661775648096,4.813382243519044,1.6033066392525386,0.3657247904580445
227,2770,87.02,2.98,-85.20439845859175,4.795601541408246,1.6081088891751008,0.3739757550157882
228,2780,87.02,2.98,-85.20969792116753,4.790302078832468,1.6063359654153289,0.3663629714034174
229,2790,87.04,2.96,-85.22740389694474,4.772596103055264,1.611216247279091,0.37666969177252885
230,2800,87.06,2.94,-85.24505366209996,4.754946337900037,1.616181972619525,0.3714094956579179
231,2810,87.06,2.94,-85.25028460384027,4.749715396159729,1.6144080791599102,0.3792147862157467
232,2820,87.08,2.92,-85.26786008405684,4.732139915943165,1.6194549912065583,0.3758808744664597
233,2830,87.08,2.92,-85.27304200603528,4.726957993964717,1.6176856371954647,0.3817773094312687
234,2840,87.1,2.9,-85.2905436139171,4.7094563860829055,1.6228153074036644,0.37974967226258044
235,2850,87.1,2.9,-85.29567747630446,4.704322523695538,1.6210502267657252,0.3844683444674475
236,2860,87.12,2.88,-85.31310559671928,4.686894403280718,1.6262642779434755,0.38316057896174144
237,2870,87.12,2.88,-85.31819233496805,4.681807665031954,1.6245032075686205,0.3873537548994181
238,2880,87.14,2.86,-85.33554732572352,4.664452674276475,1.6298033154594533,0.3861820402171218
239,2890,87.14,2.86,-85.34058785135606,4.659412148643938,1.6280459950130517,0.39045983498208053
240,2900,87.16,2.84,-85.35787004384422,4.6421299561557845,1.6334338899555099,0.3888126957524987
241,2910,87.16,2.84,-85.36286524521003,4.637134754789969,1.6316800616926097,0.39368149711339073
242,2920,87.18,2.82,-85.38007494502384,4.619925054976164,1.63715753035871,0.39070947997798655
243,2930,87.18,2.82,-85.38502568802706,4.614974311972944,1.6354069389421153,0.3967972012011023
244,2940,87.2,2.8000000000000003,-85.4021631755486,4.597836824451406,1.6409758261590612,0.39190731811445045
245,2950,87.2,2.8000000000000003,-85.40707030434717,4.592929695652828,1.6392282184809044,0.3999764212286233
246,2960,87.22,2.7800000000000002,-85.42413583530939,4.575864164690614,1.6448904291395992,0.39225150059066627
247,2970,87.22,2.7800000000000002,-85.4290001729874,4.570999827012599,1.643145554146061,0.4030792460148449
248,2980,87.22,2.7800000000000002,-85.43383698313382,4.566163016866184,1.641410541744751,0.3957212541154625
249,2990,87.24,2.7600000000000002,-85.45081632822478,4.549183671775225,1.6471606637192067,0.405904104466748
250,3000,87.24,2.7600000000000002,-85.45561158403189,4.544388415968115,1.6454280499468952,0.400812445525439
251,3010,87.26,2.74,-85.47251976093042,4.527480239069575,1.651275330850999,0.40816822854451135
252,3020,87.26,2.74,-85.47727423512454,4.52272576487546,1.649544870675258,0.405956887005486
253,3030,87.28,2.72,-85.4941114196567,4.505888580343296,1.6554914070875484,0.4094774631482388
254,3040,87.28,2.72,-85.49882586606351,4.5011741339364875,1.6537628569622336,0.41092122555411986
255,3050,87.3,2.7,-85.51559221168012,4.484407788319885,1.6598108140031744,0.40927982363487886
256,3060,87.3,2.7,-85.52026736578874,4.47973263421126,1.6580839317055875,0.4153889884605779
257,3070,87.32,2.68,-85.53696300400058,4.463036995999417,1.664235545444668,0.4067942608940154
258,3080,87.32,2.68,-85.54159958350728,4.458400416492722,1.662510089914163,0.41892451706389544
259,3090,87.32,2.68,-85.54621092323644,4.453789076763556,1.6607940163096742,0.413436801396491
260,3100,87.34,2.66,-85.5628233296321,4.437176670367904,1.6670434010698585,0.4209157728243037
261,3110,87.34,2.66,-85.56739717694074,4.432602823059256,1.665328442026192,0.41993863633733697
262,3120,87.36,2.64,-85.5839393766824,4.416060623317605,1.6716860116113317,0.4201691140228862
263,3130,87.36,2.64,-85.58847640666578,4.411523593334223,1.6699719300409566,0.4250262855349094
264,3140,87.36,2.64,-85.59298915556492,4.407010844435078,1.668267011431913,0.41569089680152205
265,3150,87.38,2.62,-85.60944933187021,4.390550668129791,1.6747267070007341,0.428332213916931
266,3160,87.38,2.62,-85.61392628301178,4.386073716988221,1.673022362549477,0.4237601828394007
267,3170,87.4,2.6,-85.63031663626977,4.369683363730232,1.6795950817105958,0.42881719386463973
268,3180,87.4,2.6,-85.63475842519709,4.3652415748029085,1.677891077460996,0.43043993644234485
269,3190,87.42,2.58,-85.6510789686158,4.348921031384194,1.684579448019938,0.42490411022582103
270,3200,87.42,2.58,-85.65548621597038,4.3445137840296155,1.6828755503052293,0.4348692375964766
271,3210,87.42,2.58,-85.65987042899232,4.3401295710076795,1.6811805480762225,0.42916765346985997
272,3220,87.44,2.56,-85.67611025538227,4.3238897446177305,1.6879782631459612,0.4357373905971165
273,3230,87.44,2.56,-85.68046086636396,4.319539133636042,1.6862830739180388,0.43685117571033383
274,3240,87.46,2.54,-85.69663111038491,4.303368889615086,1.6932017891609203,0.43097650168010776
275,3250,87.46,2.54,-85.70094870422685,4.299051295773154,1.6915061812478929,0.44151183951901934
276,3260,87.46,2.54,-85.70524410237002,4.294755897629983,1.68981928051093,0.43659106395314395
277,3270,87.48,2.52,-85.7213344636184,4.278665536381595,1.6968525375040306,0.4413715638205911
278,3280,87.48,2.52,-85.72559773156185,4.274402268438152,1.6951649307722976,0.44439601017466984
279,3290,87.48,2.52,-85.72983929279852,4.270160707201484,1.6934859072864616,0.43521689443847644
280,3300,87.5,2.5,-85.74585032351848,4.254149676481518,1.7006363647520741,0.4479325769114641
281,3310,87.5,2.5,-85.75006061147158,4.249939388528418,1.6989563519971118,0.44573003547008794
282,3320,87.52,2.48,-85.766002324481,4.2339976755190065,1.706236448721782,0.44456228750797994
283,3330,87.52,2.48,-85.77018187177944,4.229818128220558,1.7045552173842822,0.45204504352904357
284,3340,87.52,2.48,-85.77434048127509,4.22565951872491,1.7028823993178976,0.44589042203263585
285,3350,87.54,2.46,-85.79020347800852,4.209796521991478,1.710285474274982,0.4517966243768524
286,3360,87.54,2.46,-85.79433215678488,4.205667843215124,1.7086111589875268,0.4545303042012489
287,3370,87.54,2.46,-85.79844034680049,4.20155965319951,1.7069451437616203,0.4456893080547968
288,3380,87.56,2.44,-85.81422505632632,4.185774943673678,1.714474160923468,0.4571151577772189
289,3390,87.56,2.44,-85.81830409869848,4.181695901301524,1.712806372987737,0.45650153642631947
290,3400,87.58,2.42,-85.83401951537975,4.165980484620249,1.7204745976369245,0.4495632335898678
291,3410,87.58,2.42,-85.83806989595105,4.161930104048949,1.7188048082329632,0.46135404771217337
292,3420,87.58,2.42,-85.84210049429494,4.1578995057050605,1.7171431656232106,0.4584137337391262
293,3430,87.6,2.4,-85.85773803548118,4.1422619645188234,1.724943758665239,0.4562343272943826
294,3440,87.6,2.4,-85.86174071300285,4.138259286997155,1.7232798422407167,0.465058706699594
295,3450,87.6,2.4,-85.86572402154131,4.134275978458689,1.7216239691694912,0.46057168334327736
296,3460,87.62,2.38,-85.88128400303758,4.118715996962422,1.7295602358378768,0.46162234195860524
297,3470,87.62,2.38,-85.88524010763298,4.114759892367019,1.7279018189252318,0.46857874047056924
298,3480,87.62,2.38,-85.88917724394753,4.110822756052471,1.72625134542296,0.4631739451254467
299,3490,87.64,2.36,-85.90465994212853,4.095340057871468,1.7343267132868956,0.46613206285007897
300,3500,87.64,2.36,-85.90857056822779,4.091429431772212,1.732673427946283,0.47212337778161395
301,3510,87.64,2.36,-85.91246261469712,4.0875373853028805,1.7310279894537783,0.46633787020561723
302,3520,87.66,2.34,-85.92786826766805,4.072131732331954,1.739246013248709,0.4699721738003746
303,3530,87.66,2.34,-85.93173447540035,4.068265524599653,1.7375974966666776,0.47579247251690215
304,3540,87.66,2.34,-85.93558248056941,4.064417519430592,1.7359567336396695,0.47011308672142393
305,3550,87.68,2.32,-85.95091128926535,4.049088710734651,1.7443211003669596,0.47315792406593876
306,3560,87.68,2.32,-85.95473410578447,4.045265894215532,1.7426769944663745,0.4793538184965674
307,3570,87.68,2.32,-85.9585390856683,4.041460914331694,1.7410405519908358,0.4740289069606013
308,3580,87.7,2.3000000000000003,-85.97379121489179,4.02620878510821,1.7495550863034184,0.47504351330136474
309,3590,87.7,2.3000000000000003,-85.97757163563875,4.022428364361247,1.7479150373635002,0.4825748802168828
310,3600,87.7,2.3000000000000003,-85.98133457496468,4.018665425035323,1.7462825647808422,0.47828466637933287
311,3610,87.72,2.2800000000000002,-85.9965101543676,4.0034898456324015,1.7549512346699456,0.4759193311948754
312,3620,87.72,2.2800000000000002,-86.00024914427426,3.999750855725736,1.7533148929553348,0.4856487971070412
313,3630,87.72,2.2800000000000002,-86.00397099766538,3.996029002334623,1.7516860434966464,0.482921764465811
314,3640,87.74,2.2600000000000002,-86.01907012267745,3.980929877322552,1.7605129662972694,0.4753066710844432
315,3650,87.74,2.2600000000000002,-86.02276861731282,3.9772313826871795,1.7588799856957968,0.48826963925465755
316,3660,87.74,2.2600000000000002,-86.0264503104164,3.9735496895836064,1.7572544161240984,0.487724655778723
317,3670,87.74,2.2600000000000002,-86.0301153209222,3.9698846790777935,1.7556362051752419,0.4786354505381659
318,3680,87.76,2.24,-86.04513194978759,3.9548680502124114,1.7646139025254917,0.4899667595297036
319,3690,87.76,2.24,-86.04877438035128,3.9512256196487243,1.7629912727850992,0.4923767397966222
320,3700,87.76,2.24,-86.05240045045994,3.947599549540058,1.7613759242220695,0.48543718076182296
321,3710,87.78,2.22,-86.06734094909257,3.932659050907432,1.770520398873468,0.49003023176801497
322,3720,87.78,2.22,-86.07094498799087,3.9290550120091297,1.7689003717457807,0.4964206474827753
323,3730,87.78,2.22,-86.0745329794953,3.9254670205046978,1.7672875510211297,0.492242925416609
324,3740,87.8,2.2,-86.08939733779019,3.9106026622098113,1.7766034050503783,0.4873813449136845
325,3750,87.8,2.2,-86.09296383000417,3.907036169995834,1.7749856458150925,0.49918857636049374
326,3760,87.8,2.2,-86.09651457913576,3.903485420864243,1.7733750208027061,0.49859951650289647
327,3770,87.8,2.2,-86.1000496935681,3.8999503064319043,1.771771480946978,0.49003696601237823
328,3780,87.82,2.18,-86.11483252183734,3.885167478162657,1.7812512091553996,0.4996789718975819
329,3790,87.82,2.18,-86.11834684018658,3.8816531598134247,1.7796424498202286,0.5038629515021106
330,3800,87.82,2.18,-86.1218458168013,3.8781541831987028,1.7780407068622284,0.49852515194370817
331,3810,87.84,2.16,-86.1365526002161,3.863447399783894,1.7877013645296767,0.4959916975640194
332,3820,87.84,2.16,-86.14003127561179,3.85996872438821,1.7860941426011698,0.50651205154672
333,3830,87.84,2.16,-86.1434948942105,3.856505105789495,1.7844938706914268,0.5054623483815035
334,3840,87.84,2.16,-86.14694355771677,3.8530564422832327,1.7829005019012547,0.49686040580100543
335,3850,87.86,2.14,-86.16156932288116,3.8384306771188363,1.7927345996572543,0.5055706765499184
336,3860,87.86,2.14,-86.16499834062981,3.8350016593701923,1.7911354743223067,0.5104400559998401
337,3870,87.86,2.14,-86.16841267779941,3.8315873222005905,1.7895431889135933,0.505991590077263
338,3880,87.88,2.12,-86.18296234620439,3.8170376537956088,1.7995685256839473,0.49867922446987706
339,3890,87.88,2.12,-86.18635749842362,3.813642501576382,1.7979702235081925,0.5120049889575244
340,3900,87.88,2.12,-86.18973823720148,3.8102617627985182,1.796378700332287,0.5131109130369507
341,3910,87.88,2.12,-86.19310465809099,3.806895341909012,1.794793911258819,0.5063424576797422
342,3920,87.9,2.1,-86.20757363958342,3.7924263604165844,1.8050030365856649,0.507739779860663
343,3930,87.9,2.1,-86.21092148708304,3.7890785129169586,1.8034119551775305,0.5167572956005704
344,3940,87.9,2.1,-86.21425527424098,3.7857447257590167,1.8018275498992493,0.5153704649596895
345,3950,87.9,2.1,-86.21757509329805,3.782424906701948,1.8002497769950705,0.5070492772614197
346,3960,87.92,2.08,-86.23196361094145,3.768036389058551,1.8106480940068173,0.5144563477627071
347,3970,87.92,2.08,-86.23526544457462,3.7647345554253775,1.8090637545587114,0.520714763478755
348,3980,87.92,2.08,-86.23855355850395,3.761446441496048,1.8074859923513018,0.5177492411260861
349,3990,87.92,2.08,-86.24182804180613,3.75817195819387,1.8059147647217035,0.5084638912302402
350,4000,87.94,2.06,-86.25613626759635,3.7438637324036534,1.8165078971895001,0.5197677248704934
351,4010,87.94,2.06,-86.25939333092468,3.7406066690753192,1.8149298297747805,0.5244098372273864
352,4020,87.94,2.06,-86.26263700329022,3.737362996709777,1.8133582445358423,0.5205726748688926
353,4030,87.94,2.06,-86.26586737074555,3.7341326292544466,1.811793099856339,0.5108088422253779
354,4040,87.96,2.04,-86.28009542736613,3.7199045726338653,1.8225869024136412,0.5241988855277292
355,4050,87.96,2.04,-86.28330891879938,3.716691081200622,1.8210146452930491,0.528136953609196
356,4060,87.96,2.04,-86.2865093366483,3.713490663351706,1.8194487789598404,0.5239238801305367
357,4070,87.96,2.04,-86.28969676407378,3.7103032359262187,1.8178892628002,0.513908961407166
358,4080,87.98,2.02,-86.3038447265397,3.696155273460306,1.82888983180397,0.5275332924665224
359,4090,87.98,2.02,-86.30701580135698,3.6929841986430176,1.8273229307559096,0.5313657304749206
360,4100,87.98,2.02,-86.31017410911132,3.6898258908886845,1.825762332643879,0.5272836067901621
361,4110,87.98,2.02,-86.31331973019695,3.6866802698030483,1.824207997814918,0.5175860751464246
362,4120,88.0,2.0,-86.32738762739696,3.672612372603041,1.8354216828887955,0.5299310488593852
363,4130,88.0,2.0,-86.33051739965782,3.669482600342178,1.8338596905608369,0.5346036493617317
364,4140,88.0,2.0,-86.33363470099802,3.6663652990019813,1.8323039167231907,0.5312644719839744
365,4150,88.0,2.0,-86.33673960916428,3.663260390835717,1.8307543226437661,0.5222753125951093
366,4160,88.02,1.98,-86.35072742530542,3.649272574694578,1.8421877389505814,0.5314145097492008
367,4170,88.02,1.98,-86.35381696965659,3.6461830303434084,1.8406302142304356,0.537755706577008
368,4180,88.02,1.98,-86.35689432930334,3.643105670696656,1.839078826836328,0.5357114024377706
369,4190,88.02,1.98,-86.35995957945724,3.6400404205427606,1.8375335389192295,0.5278363447489822
370,4200,88.04,1.96,-86.37386725542193,3.626132744578072,1.8491935802099162,0.5314577185042938
371,4210,88.04,1.96,-86.37691760880729,3.6230823911927104,1.847640087613381,0.5404541182571833
372,4220,88.04,1.96,-86.37995605420748,3.620043945792517,1.8460926543429432,0.540343657282193
373,4230,88.04,1.96,-86.38298266440566,3.6170173355943405,1.8445512433965006,0.5340322525696024
374,4240,88.06,1.94,-86.39681009902284,3.6031899009771564,1.8564450958913872,0.5291451476433271
375,4250,88.06,1.94,-86.39982226230187,3.6001777376981323,1.8548952049655638,0.5420878726645422
376,4260,88.06,1.94,-86.40282278522474,3.5971772147752574,1.8533512984196907,0.5447194921897315
377,4270,88.06,1.94,-86.40581173824752,3.5941882617524783,1.851813340064136,0.5405107716428226
378,4280,88.06,1.94,-86.40878919124131,3.5912108087586887,1.850281294009451,0.5313070861722077
379,4290,88.08,1.92,-86.42253372896779,3.5774662710322076,1.8624017819627339,0.5416788668621411
380,4300,88.08,1.92,-86.42549728701711,3.5745027129828912,1.8608609790855641,0.5481659560646505
381,4310,88.08,1.92,-86.4284495318598,3.5715504681402024,1.8593260531817553,0.546765822233322
382,4320,88.08,1.92,-86.43139053115992,3.56860946884008,1.8577969691322087,0.5398358990479185
383,4330,88.1,1.9000000000000001,-86.44505466684468,3.5549453331553167,1.8701663697024928,0.5376436192066736
384,4340,88.1,1.9000000000000001,-86.44798218489142,3.5520178151085844,1.8686282512150156,0.5495760356481364
385,4350,88.1,1.9000000000000001,-86.45089863817797,3.549101361822025,1.8670959413036692,0.5518600344557139
386,4360,88.1,1.9000000000000001,-86.4538040922512,3.546195907748796,1.8655694055889125,0.5477002931453779
387,4370,88.1,1.9000000000000001,-86.45669861212501,3.5433013878749904,1.864048609970482,0.538782714872171
388,4380,88.12,1.8800000000000001,-86.47027997000055,3.529720029999453,1.8766600196018637,0.54689788756873
389,4390,88.12,1.8800000000000001,-86.47316151732363,3.526838482676368,1.8751299123518415,0.5545532971151153
390,4400,88.12,1.8800000000000001,-86.47603230394422,3.5239676960557773,1.873605514339535,0.5542436541827356
391,4410,88.12,1.8800000000000001,-86.47889239286567,3.5211076071343257,1.872086792166523,0.5483796850879763
392,4420,88.12,1.8800000000000001,-86.48174184658542,3.5182581534145783,1.870573712702338,0.5382352885466117
393,4430,88.14,1.86,-86.49524050145898,3.50475949854102,1.8834352398069243,0.5533646367453934
394,4440,88.14,1.86,-86.49807746896265,3.5019225310373514,1.8819125713634308,0.5584480631270953
395,4450,88.14,1.86,-86.50090396785117,3.4990960321488274,1.8803955170882107,0.5565658143602661
396,4460,88.14,1.86,-86.50372005871176,3.496279941288236,1.8788840445169697,0.549681017075739
397,4470,88.16,1.84,-86.51713779938373,3.4828622006162675,1.8920195800943733,0.5451455235695262
398,4480,88.16,1.84,-86.51994176785858,3.480058232141417,1.8904982350501682,0.5583003959318422
399,4490,88.16,1.84,-86.52273548968732,3.477264510312679,1.8889824450107364,0.561980643044046
400,4500,88.16,1.84,-86.52551902362254,3.474480976377464,1.8874721781515742,0.5592904060101505
401,4510,88.16,1.84,-86.52829242795443,3.471707572045574,1.8859674028984272,0.551932295993534
402,4520,88.18,1.82,-86.54162726330706,3.4583727366929367,1.8993705648674135,0.5501967209424067
403,4530,88.18,1.82,-86.54438899421906,3.4556110057809377,1.897855636760752,0.5623235449620493
404,4540,88.18,1.82,-86.54714075061592,3.452859249384076,1.8963461757188003,0.5655194611565723
405,4550,88.18,1.82,-86.54988258904291,3.450117410957091,1.8948421507748934,0.5626511860147418
406,4560,88.18,1.82,-86.55261456560508,3.447385434394917,1.893343531203232,0.5552957818536104
407,4570,88.2,1.8,-86.56586640454618,3.4341335954538152,1.9070235737532881,0.5533134684545168
408,4580,88.2,1.8,-86.56858713729076,3.4314128627092373,1.905514519399374,0.5656525077483594
409,4590,88.2,1.8,-86.57129815728005,3.4287018427199456,1.9040108479511955,0.5691740582009805
410,4600,88.2,1.8,-86.57399951895862,3.4260004810413847,1.9025125292600675,0.5666990263517481
411,4610,88.2,1.8,-86.57669127635167,3.423308723648333,1.9010195334093158,0.5597899513638609
412,4620,88.22,1.78,-86.5898599733027,3.410140026697306,1.9149861329455031,0.5543903507835062
413,4630,88.22,1.78,-86.59254089806853,3.4074591019314653,1.9134824183607848,0.5681709913074707
414,4640,88.22,1.78,-86.59521236197581,3.404787638024189,1.91198400614754,0.5727425262611227
415,4650,88.22,1.78,-86.59787441746852,3.4021255825314825,1.910490866937479,0.5710849250815669
416,4660,88.22,1.78,-86.60052711659169,3.3994728834083077,1.909002971585538,0.5649047367432439
417,4670,88.22,1.78,-86.6031705109944,3.3968294890055972,1.9075202911682116,0.5550785508136321
418,4680,88.24,1.76,-86.6162547335335,3.383745266466505,1.9217673495324727,0.5687892073285444
419,4690,88.24,1.76,-86.61888777535344,3.3811122246465573,1.9202736743136135,0.5753410868448801
420,4700,88.24,1.76,-86.62151164936485,3.378488350635152,1.9187851957862736,0.5752588181487941
421,4710,88.24,1.76,-86.62412640572538,3.3758735942746227,1.917301885542076,0.5704124342996367
422,4720,88.24,1.76,-86.62673209421567,3.3732679057843313,1.9158237153860094,0.5618207760499672
423,4730,88.26,1.74,-86.63973286767273,3.360267132327266,1.9303778306145036,0.5671509958168569
424,4740,88.26,1.74,-86.64232857729691,3.357671422703092,1.928888377367968,0.5769227028700461
425,4750,88.26,1.74,-86.64491535087255,3.3550846491274484,1.9274040478083128,0.579206026396666
426,4760,88.26,1.74,-86.64749323675875,3.3525067632412515,1.9259248142300154,0.5762521474679607
427,4770,88.26,1.74,-86.65006228295425,3.349937717045748,1.9244506491338218,0.5693202016259911
428,4780,88.28,1.72,-86.66297930183092,3.337020698169084,1.939322904312526,0.5616708207170031
429,4790,88.28,1.72,-86.66553872714336,3.334461272856643,1.9378371643589385,0.5763689846166145
430,4800,88.28,1.72,-86.66808943974105,3.3319105602589474,1.93635647826721,0.5821146204350107
431,4810,88.28,1.72,-86.67063148626693,3.3293685137330726,1.9348808190033397,0.5817874507206535
432,4820,88.28,1.72,-86.67316491302047,3.3268350869795285,1.933410159732219,0.5770332018728623
433,4830,88.28,1.72,-86.67568976596138,3.32431023403862,1.9319444738155254,0.5687539334940749
434,4840,88.3,1.7,-86.68852197329059,3.311478026709409,1.9471296336782868,0.571775899765606
435,4850,88.3,1.7,-86.69103762472928,3.308962375270724,1.9456520909224833,0.5826690494536959
436,4860,88.3,1.7,-86.69354482376089,3.306455176239112,1.9441795088716889,0.5860490380829658
437,4870,88.3,1.7,-86.69604361506313,3.3039563849368676,1.9427118613252197,0.5841882706196322
438,4880,88.3,1.7,-86.69853404298897,3.3014659570110325,1.9412491222726826,0.5783801783332002
439,4890,88.3,1.7,-86.70101615156965,3.2989838484303533,1.9397912658921954,0.5693166447885565
440,4900,88.32,1.68,-86.71376341452763,3.2862365854723663,1.9553010653989213,0.578635338048676
441,4910,88.32,1.68,-86.71623672049822,3.283763279501784,1.9538310678854987,0.5874846985957634
442,4920,88.32,1.68,-86.71870182327109,3.28129817672891,1.952365942280483,0.5896368414776599
443,4930,88.32,1.68,-86.72115876566515,3.2788412343348483,1.9509056631733168,0.5870247028046908
444,4940,88.32,1.68,-86.72360759019142,3.2763924098085795,1.9494502053360063,0.580746004689158
445,4950,88.32,1.68,-86.72604833905699,3.2739516609430126,1.9479995437207804,0.5713767160339889
446,4960,88.34,1.6600000000000001,-86.73871045777551,3.261289542224489,1.9638462848111238,0.5833343854069593
447,4970,88.34,1.6600000000000001,-86.7411427835636,3.2588572164363967,1.962383194876298,0.5913209648055694
448,4980,88.34,1.6600000000000001,-86.7435671448713,3.2564328551286934,1.9609248922077431,0.5929924467923181
449,4990,88.34,1.6600000000000001,-86.74598358275776,3.2540164172422408,1.9594713521446876,0.590123119594431
450,5000,88.34,1.6600000000000001,-86.74839213799073,3.2516078620092657,1.958022550201222,0.5837227329285665
451,5010,88.34,1.6600000000000001,-86.75079285104961,3.24920714895039,1.9565784620645186,0.5743187580281532
452,5020,88.36,1.6400000000000001,-86.76336956130497,3.2366304386950304,1.9727750474488848,0.5857110656248182
453,5030,88.36,1.6400000000000001,-86.76576221251125,3.234237787488752,1.9713182403340195,0.594054278920284
454,5040,88.36,1.6400000000000001,-86.76814712802913,3.2318528719708723,1.9698661398059096,0.5961258071643518
455,5050,88.36,1.6400000000000001,-86.77052434725054,3.229475652749457,1.9684187219156923,0.5936886809091705
456,5060,88.36,1.6400000000000001,-86.7728939092917,3.227106090708304,1.96697596288201,0.5877551751267803
457,5070,88.36,1.6400000000000001,-86.77525585299533,3.224744147004671,1.9655378390896319,0.5788630703226963
458,5080,88.38,1.62,-86.78774682869258,3.212253171307424,1.9820978085850207,0.586181557180764
459,5090,88.38,1.62,-86.79010105444128,3.20989894555872,1.9806466711036155,0.596015599146764
460,5100,88.38,1.62,-86.79244776389731,3.2075522361026856,1.9792001633138585,0.5992754631971507
461,5110,88.38,1.62,-86.79478699487284,3.2052130051271632,1.9777582619426612,0.5978549093702806
462,5120,88.38,1.62,-86.7971187849183,3.202881215081703,1.9763209438778895,0.5928563422795474
463,5130,88.38,1.62,-86.79944317132444,3.200556828675559,1.9748881861671344,0.5848845532214688
464,5140,88.4,1.6,-86.8118480267967,3.188151973203304,1.9918257557910668,0.5838756496036922
465,5150,88.4,1.6,-86.81416502273285,3.185834977267149,1.9903796850437037,0.5965635850913703
466,5160,88.4,1.6,-86.81647471287191,3.1835252871280915,1.9889381707106526,0.6019412432560873
467,5170,88.4,1.6,-86.81877713352748,3.181222866472524,1.9875011901609612,0.6022047826363796
468,5180,88.4,1.6,-86.8210723207646,3.1789276792354,1.9860687209184666,0.5986525367829324
469,5190,88.4,1.6,-86.82336031040211,3.1766396895978914,1.984640740660336,0.592023295326592
470,5200,88.4,1.6,-86.82564113801499,3.174358861985013,1.9832172272155892,0.5826892984502258
471,5210,88.42,1.58,-86.83795951363156,3.16204048636844,2.000529246851564,0.5944270698260585
472,5220,88.42,1.58,-86.84023332098688,3.159766679013117,1.9990921355812346,0.603187204350583
473,5230,88.42,1.58,-86.84250005949596,3.1574999405040387,1.9976594888901011,0.6060046439457255
474,5240,88.42,1.58,-86.84475976381397,3.1552402361860317,1.996231284906487,0.6045259977535831
475,5250,88.42,1.58,-86.84701246836244,3.1529875316375637,1.9948075019060636,0.5997182166082797
476,5260,88.42,1.58,-86.84925820733108,3.1507417926689243,1.9933881183107003,0.5921140077713503
477,5270,88.44,1.56,-86.8614896217466,3.1385103782534003,2.0111081273387645,0.587272694787917
478,5280,88.44,1.56,-86.86372863523455,3.1362713647654488,2.0096748364256736,0.6013707155324367
479,5290,88.44,1.56,-86.86596077258392,3.134039227416082,2.0082459441761618,0.6080364857302476
480,5300,88.44,1.56,-86.86818606711114,3.1318139328888606,2.006821429293145,0.6094662597280753
481,5310,88.44,1.56,-86.87040455191016,3.1295954480898445,2.0054012706216646,0.6069922838622049
482,5320,88.44,1.56,-86.87261625985491,3.127383740145092,2.0039854471472913,0.6014563541816281
483,5330,88.44,1.56,-86.87482122360056,3.125178776399437,2.002573937995342,0.5932779060665925
484,5340,88.46,1.54,-86.88696541789346,3.113034582106536,2.0206998996719405,0.5930915397046396
485,5350,88.46,1.54,-86.88916399028689,3.110836009713111,2.019274188832056,0.6056637333435815
486,5360,88.46,1.54,-86.89135590376748,3.108644096232524,2.0178527931454946,0.6114012637171972
487,5370,88.46,1.54,-86.89354119016811,3.106458809831892,2.016435691998448,0.6123080480575326
488,5380,88.46,1.54,-86.89571988111142,3.104280118888582,2.0150228649131567,0.6095918488934412
489,5390,88.46,1.54,-86.89789200801285,3.102107991987154,2.0136142915459367,0.6039572070445395
490,5400,88.46,1.54,-86.90005760208143,3.099942397918568,2.0122099516866663,0.5957759244121799
491,5410,88.48,1.52,-86.91211416104628,3.0878858389537243,2.030758749470886,0.5955482877800959
492,5420,88.48,1.52,-86.9142736800696,3.0857263199304015,2.029339908200454,0.6082393992237899
493,5430,88.48,1.52,-86.91642674763817,3.0835732523618304,2.027925302777187,0.6142097781738286
494,5440,88.48,1.52,-86.9185733941855,3.0814266058144995,2.0265149132333886,0.6154181887615782
495,5450,88.48,1.52,-86.92071364994712,3.0792863500528824,2.0251087197311715,0.6130533663329376
496,5460,88.48,1.52,-86.92284754496274,3.0771524550372646,2.023706702561029,0.6078151903516901
497,5470,88.48,1.52,-86.92497510907735,3.0750248909226485,2.0223088421411215,0.6000795571667101
498,5480,88.5,1.5,-86.93694354775853,3.0630564522414687,2.0412982502327752,0.5947495582602877
499,5490,88.5,1.5,-86.93906533634588,3.0609346636541233,2.03988558263058,0.60908712683515
500,5500,88.5,1.5,-86.94118087173135,3.0588191282686523,2.03847707556838,0.6163473845099222
501,5510,88.5,1.5,-86.94329018302803,3.056709816971974,2.0370727096894248,0.6186250984997766
502,5520,88.5,1.5,-86.94539329916233,3.0546067008376667,2.0356724657609844,0.6172037630321757
503,5530,88.5,1.5,-86.94749024887535,3.0525097511246457,2.0342763246734696,0.6128519050362515
504,5540,88.5,1.5,-86.94958106072453,3.050418939275474,2.0328842674393095,0.6059992524928786
505,5550,88.5,1.5,-86.95166576308505,3.048334236914954,2.0314962751920165,0.5968378068165319
506,5560,88.52,1.48,-86.96354614723123,3.0364538527687728,2.050925833283631,0.6072828722362877
507,5570,88.52,1.48,-86.96562540360902,3.0343745963909754,2.0495227453849094,0.6171047464323508
508,5580,88.52,1.48,-86.96769862422279,3.032301375777209,2.0481237277488997,0.6213551656371883
509,5590,88.52,1.48,-86.96976583676198,3.0302341632380205,2.046728761715854,0.6215508063559905
510,5600,88.52,1.48,-86.97182706874149,3.02817293125851,2.0453378287435715,0.6186174016850765
511,5610,88.52,1.48,-86.97388234750214,3.0261176524978595,2.043950910407085,0.61309694902737
512,5620,88.52,1.48,-86.97593170021285,3.024068299787146,2.0425679883971846,0.6052693112323563
513,5630,88.54,1.46,-86.98772288122176,3.0122771187782433,2.0624763687630847,0.6008072604330511
514,5640,88.54,1.46,-86.98976705463207,3.0102329453679317,2.0610780319006397,0.6150133628683977
515,5650,88.54,1.46,-86.99180537247796,3.0081946275220446,2.0596836979821855,0.6224897047254576
516,5660,88.54,1.46,-86.99383786128023,3.0061621387197732,2.0582933488900563,0.6251931374118248
517,5670,88.54,1.46,-86.9958645473941,3.004135452605894,2.056906966619628,0.6242489293309359
518,5680,88.54,1.46,-86.99788545701081,3.0021145429891902,2.0555245332782386,0.6204691491256062
519,5690,88.54,1.46,-86.9999006161583,3.0000993838417003,2.0541460310846804,0.6142835850878955
520,5700,88.54,1.46,-87.00191005070316,2.9980899492968405,2.0527714423679155,0.6058918253589184
521,5710,88.56,1.44,-87.01361214206031,2.9863878579396896,2.0731598007281846,0.6068449849767366
522,5720,88.56,1.44,-87.01561669155124,2.9843833084487557,2.0717694953258854,0.6194658966807568
523,5730,88.56,1.44,-87.01761558341813,2.9823844165818656,2.07038311138499,0.6259465482696907
524,5740,88.56,1.44,-87.01960884291948,2.9803911570805184,2.0690006314098452,0.6280169321745227
525,5750,88.56,1.44,-87.02159649515845,2.978403504841552,2.067622038012323,0.6267549050813318
526,5760,88.56,1.44,-87.02357856508404,2.976421434915963,2.066247313911002,0.6228161275805217
527,5770,88.56,1.44,-87.02555507749213,2.974444922507871,2.0648764419304544,0.6165727112181124
528,5780,88.56,1.44,-87.02752605702676,2.972473942973238,2.0635094050003553,0.6081940265448348
529,5790,88.58,1.42,-87.03913847459998,2.96086152540002,2.0843992054102625,0.6088870741872401
530,5800,88.58,1.42,-87.04110484618255,2.9588951538174513,2.0830161424747073,0.6216938092830504
531,5810,88.58,1.42,-87.04306574858605,2.956934251413955,2.0816369238860837,0.628444871933873
532,5820,88.58,1.42,-87.04502120588364,2.954978794116357,2.0802615327342844,0.6308365418799524
533,5830,88.58,1.42,-87.04697124200231,2.9530287579976857,2.078889952211831,0.629933186279699
534,5840,88.58,1.42,-87.04891588072412,2.951084119275876,2.077522165612968,0.6263882088086942
535,5850,88.58,1.42,-87.05085514568775,2.9491448543122516,2.076158156332595,0.6205783616151069
536,5860,88.58,1.42,-87.05278906038846,2.947210939611537,2.0747979078662775,0.6126827854825375
537,5870,88.6,1.4000000000000001,-87.06431114364639,2.9356888563536074,2.09621181763915,0.606957672450249
538,5880,88.6,1.4000000000000001,-87.06624071141249,2.9337592885875097,2.094835225545861,0.6216333290368468
539,5890,88.6,1.4000000000000001,-87.06816498953167,2.9318350104683333,2.0934624048259662,0.6298419858485034
540,5900,88.6,1.4000000000000001,-87.07008400096309,2.9299159990369077,2.0920933391208947,0.6334270485354193
541,5910,88.6,1.4000000000000001,-87.07199776852799,2.928002231472007,2.0907280121702954,0.6335561730769945
542,5920,88.6,1.4000000000000001,-87.07390631491195,2.9260936850880483,2.0893664078104006,0.6309573619031082
543,5930,88.6,1.4000000000000001,-87.07580966266467,2.9241903373353324,2.0880085099741974,0.6260646793766504
544,5940,88.6,1.4000000000000001,-87.07770783420168,2.922292165798325,2.086654302690205,0.619105519734385
545,5950,88.6,1.4000000000000001,-87.07960085180537,2.920399148194633,2.085303770081746,0.6101503596217499
546,5960,88.62,1.3800000000000001,-87.09103291999209,2.908967080007912,2.1072454012661326,0.617982860657245
547,5970,88.62,1.3800000000000001,-87.09292187201706,2.907078127982942,2.1058782259301534,0.629138277348117
548,5980,88.62,1.3800000000000001,-87.09480572746551,2.9051942725344873,2.104514737086709,0.6349863691548255
549,5990,88.62,1.3800000000000001,-87.09668450811884,2.903315491881159,2.103154918990864,0.6369466445074813
550,6000,88.62,1.3800000000000001,-87.09855823563014,2.9014417643698636,2.101798755990363,0.6359190131984971
551,6010,88.62,1.3800000000000001,-87.10042693152492,2.8995730684750782,2.100446232525106,0.6324599108402088
552,6020,88.62,1.3800000000000001,-87.10229061720231,2.897709382797686,2.0990973331263096,0.626890165020789
553,6030,88.62,1.3800000000000001,-87.10414931393588,2.895850686064122,2.097752042415889,0.619358897134573
554,6040,88.62,1.3800000000000001,-87.10600304287465,2.8939969571253528,2.0964103451057197,0.6098786692577445
555,6050,88.64,1.36,-87.11734443820588,2.882655561794124,2.1189045408640066,0.6241920323561165
556,6060,88.64,1.36,-87.11919436508715,2.8808056349128464,2.117545893039663,0.6338181271859367
557,6070,88.64,1.36,-87.1210393784941,2.8789606215058967,2.116190851635578,0.6386556359179071
558,6080,88.64,1.36,-87.12287949910801,2.8771205008919907,2.1148394014816105,0.6399416213154155
559,6090,88.64,1.36,-87.12471474748948,2.8752852525105226,2.113491527496082,0.6384550681685333
560,6100,88.64,1.36,-87.12654514408045,2.8734548559195474,2.1121472146842977,0.6346760560075456
561,6110,88.64,1.36,-87.12837070920409,2.8716292907959087,2.110806448138642,0.6288763094478635
562,6120,88.64,1.36,-87.13019146306644,2.8698085369335615,2.109469213037349,0.6211726492049647
563,6130,88.64,1.36,-87.13200742575674,2.86799257424326,2.1081354946442743,0.6115558263593702
564,6140,88.66,1.34,-87.14325740341111,2.8567425965888873,2.131208541803279,0.6262887233919642
565,6150,88.66,1.34,-87.14506981092063,2.8549301890793686,2.1298575555112205,0.6359779357073618
566,6160,88.66,1.34,-87.14687747874726,2.853122521252743,2.1285101001023556,0.6409898675350522
567,6170,88.66,1.34,-87.14868042654284,2.851319573457161,2.1271661609459573,0.6425145840997376
568,6180,88.66,1.34,-87.15047867384632,2.8495213261536776,2.125825723495304,0.6413139182476967
569,6190,88.66,1.34,-87.15227224008535,2.8477277599146475,2.1244887732864823,0.6378617940394115
570,6200,88.66,1.34,-87.15406114457646,2.8459388554235403,2.123155295938254,0.6324308608203543
571,6210,88.66,1.34,-87.15584540652657,2.8441545934734336,2.121825277150931,0.6251441390235224
572,6220,88.66,1.34,-87.15762504503304,2.8423749549669566,2.1204987027063367,0.6160033546522194
573,6230,88.68,1.32,-87.16878277727935,2.831217222720653,2.1441784407252635,0.6247905023724148
574,6240,88.68,1.32,-87.17055909192852,2.8294409080714757,2.1428342704639958,0.6360744769259095
575,6250,88.68,1.32,-87.1723308319804,2.8276691680195967,2.14149355983375,0.6423706120364149
576,6260,88.68,1.32,-87.17409801612291,2.8259019838770882,2.140156294710119,0.6449774156712763
577,6270,88.68,1.32,-87.17586066293808,2.824139337061922,2.1388224610486857,0.644735279511915
578,6280,88.68,1.32,-87.17761879090372,2.822381209096278,2.1374920448837433,0.6421771653509794
579,6290,88.68,1.32,-87.17937241839338,2.8206275816066153,2.136165032328353,0.6376230512719924
580,6300,88.68,1.32,-87.1811215636778,2.818878436322194,2.1348414095732253,0.6312374262951136
581,6310,88.68,1.32,-87.18286624492553,2.8171337550744653,2.1335211628862596,0.6230622876752714
582,6320,88.7,1.3,-87.19393082487515,2.806069175124847,2.1578371028361465,0.6179549855688434
583,6330,88.7,1.3,-87.19567239903722,2.804327600962779,2.156498920917966,0.6327666547115247
584,6340,88.7,1.3,-87.19740955553951,2.802590444460492,2.1551641314339145,0.6417375203597355
585,6350,88.7,1.3,-87.19914231216643,2.8008576878335703,2.153832720735189,0.6464569638924262
586,6360,88.7,1.3,-87.2008706866031,2.7991293133969037,2.1525046752491512,0.6479660032973443
587,6370,88.7,1.3,-87.20259469643656,2.797405303563437,2.151179981478371,0.6469389453339943
588,6380,88.7,1.3,-87.2043143591567,2.7956856408433026,2.149858625999961,0.6437999207366195
589,6390,88.7,1.3,-87.20602969215649,2.7939703078435087,2.148540595465335,0.6387956682346893
590,6400,88.7,1.3,-87.20774071273271,2.792259287267285,2.147225876599709,0.6320394186135729
591,6410,88.7,1.3,-87.20944743808684,2.7905525619131595,2.1459144562013956,0.6235352240666643
592,6420,88.72,1.28,-87.22041927439031,2.7795807256096907,2.1708763252225673,0.6229233466768088
593,6430,88.72,1.28,-87.22212312266511,2.77787687733489,2.1695466482959236,0.6367335430171349
594,6440,88.72,1.28,-87.22382271952111,2.7761772804788905,2.168220287249445,0.6451155993401044
595,6450,88.72,1.28,-87.22551808180198,2.7744819181980205,2.166897228953832,0.6495119627045732
596,6460,88.72,1.28,-87.2272092262592,2.7727907737407946,2.165577460351601,0.6508727841902332
597,6470,88.72,1.28,-87.22889616955278,2.771103830447217,2.164260968456539,0.6498079570662115
598,6480,88.72,1.28,-87.23057892825186,2.769421071748141,2.162947740353206,0.6466346907949638
599,6490,88.72,1.28,-87.23225751883535,2.767742481164646,2.1616377631964476,0.6416528749176081
600,6500,88.72,1.28,-87.23393195769273,2.7660680423072677,2.1603310242108007,0.6349634921812091
601,6510,88.72,1.28,-87.23560226112423,2.764397738875772,2.1590275106903123,0.6265646562120494
602,6520,88.74,1.26,-87.2464804014688,2.7535195985311987,2.1846679991929685,0.6220758089527457
603,6530,88.74,1.26,-87.24814804218306,2.751851957816939,2.18334589542192,0.6368359326958878
604,6540,88.74,1.26,-87.24981158888279,2.7501884111172075,2.1820270355383875,0.6460082373935787
605,6550,88.74,1.26,-87.25147105753446,2.7485289424655406,2.180711406898828,0.6510797280541304
606,6560,88.74,1.26,-87.25312646401903,2.746873535980967,2.1793989969273575,0.6530372685695334
607,6570,88.74,1.26,-87.25477782413164,2.7452221758683635,2.1780897931160337,0.652529315077446
608,6580,88.74,1.26,-87.25642515358258,2.743574846417417,2.1767837830240335,0.6499712878351733
609,6590,88.74,1.26,-87.25806846799826,2.741931532001743,2.175480954276957,0.6456124594365374
610,6600,88.74,1.26,-87.25970778292117,2.7402922170788315,2.174181294566783,0.6395770924285729
611,6610,88.74,1.26,-87.26134311381068,2.738656886189318,2.172884791651296,0.6318880182167358
612,6620,88.74,1.26,-87.26297447604381,2.7370255239561914,2.1715914333534534,0.6224775732108752
613,6630,88.76,1.24,-87.27375938688698,2.7262406131130206,2.19792319590627,0.6321257425533447
614,6640,88.76,1.24,-87.27538831000132,2.7246116899986816,2.196610931699634,0.6438363845203471
615,6650,88.76,1.24,-87.27701330341654,2.7229866965834617,2.1953018314986106,0.6509021134163729
616,6660,88.76,1.24,-87.27863438220022,2.7213656177997763,2.193995883178547,0.6544893453675884
617,6670,88.76,1.24,-87.28025156134004,2.7197484386599626,2.192693074679062,0.6553745519115617
618,6680,88.76,1.24,-87.28186485574483,2.7181351442551716,2.191393394003159,0.6540669740463726
619,6690,88.76,1.24,-87.28347428024402,2.7165257197559782,2.1900968292177163,0.6508881150552076
620,6700,88.76,1.24,-87.28507984958962,2.7149201504103786,2.188803368451874,0.6460219530347484
621,6710,88.76,1.24,-87.28668157845537,2.7133184215446278,2.1875129998977103,0.6395453336693278
622,6720,88.76,1.24,-87.28827948143805,2.711720518561947,2.1862257118092034,0.6314444870302076
623,6730,88.76,1.24,-87.28987357305783,2.7101264269421677,2.184941492501942,0.6216211336325465
624,6740,88.78,1.22,-87.30056422706225,2.699435772937747,2.212000927887048,0.636238627823539
625,6750,88.78,1.22,-87.3021560868465,2.6978439131535055,2.2106974733272216,0.6471192187916054
626,6760,88.78,1.22,-87.30374417195601,2.696255828043988,2.2093971078649735,0.6536839122342264
627,6770,88.78,1.22,-87.30532849662357,2.6946715033764264,2.208099819859225,0.6569865509651479
628,6780,88.78,1.22,-87.30690907500829,2.693090924991708,2.206805597729106,0.6577325702455541
629,6790,88.78,1.22,-87.30848592119511,2.691514078804886,2.2055144299543716,0.6563865244091084
630,6800,88.78,1.22,-87.31005904919643,2.6899409508035745,2.2042263050740925,0.6532420386246774
631,6810,88.78,1.22,-87.31162847295155,2.688371527048446,2.2029412116870586,0.6484661712324736
632,6820,88.78,1.22,-87.31319420632771,2.686805793672292,2.2016591384510145,0.6421262923994557
633,6830,88.78,1.22,-87.3147562631202,2.685243736879798,2.2003800740824735,0.6342045757204685
634,6840,88.78,1.22,-87.31631465705351,2.6836853429464895,2.1991040073558588,0.6246030692734851
635,6850,88.8,1.2,-87.32690992987122,2.6730900701287794,2.226929853490599,0.6353676417943628
636,6860,88.8,1.2,-87.32846628413049,2.671533715869515,2.225634207304586,0.6472662343405815
637,6870,88.8,1.2,-87.33001901011755,2.669980989882447,2.2243415799750403,0.6547023455367484
638,6880,88.8,1.2,-87.33156812128978,2.668431878710223,2.2230519603112473,0.6587732508480635
639,6890,88.8,1.2,-87.33311363103567,2.6668863689643274,2.2217653371797015,0.6602200049908769
640,6900,88.8,1.2,-87.33465555267483,2.665344447325168,2.220481699504181,0.659536677393028
641,6910,88.8,1.2,-87.33619389945952,2.6638061005404836,2.2192010362644203,0.6570423449587802
642,6920,88.8,1.2,-87.33772868457359,2.662271315426409,2.2179233364970004,0.6528775608255947
643,6930,88.8,1.2,-87.33925992113413,2.660740078865871,2.216648589294013,0.6471163828683169
644,6940,88.8,1.2,-87.3407876221915,2.659212377808501,2.215376783802988,0.6398182597179749
645,6950,88.8,1.2,-87.34231180072965,2.6576881992703534,2.2141079092266605,0.6309105395828601
646,6960,88.82,1.18,-87.3528104759607,2.6471895240393053,2.242741441843836,0.6276105274284722
647,6970,88.82,1.18,-87.3543327929487,2.6456672070513036,2.241452627507914,0.6425771956032655
648,6980,88.82,1.18,-87.35585162005712,2.6441483799428767,2.2401667661747786,0.6523740845021271
649,6990,88.82,1.18,-87.35736697002166,2.6426330299783416,2.2388838470739536,0.6583140286101239
650,7000,88.82,1.18,-87.35887885551357,2.6411211444864335,2.2376038594894063,0.6612926707788305
651,7010,88.82,1.18,-87.36038728914068,2.639612710859325,2.236326792758726,0.6619160747360495
652,7020,88.82,1.18,-87.36189228344718,2.638107716552824,2.2350526362732857,0.6605868102279686
653,7030,88.82,1.18,-87.36339385091401,2.636606149085992,2.233781379477924,0.6575605269300981
654,7040,88.82,1.18,-87.36489200395984,2.635107996040162,2.232513011870112,0.6529821657863576
655,7050,88.82,1.18,-87.36638675494116,2.6336132450588394,2.2312475229998716,0.6469080120305204
656,7060,88.82,1.18,-87.3678781161523,2.6321218838477023,2.2299849024697753,0.6393175174708887
657,7070,88.82,1.18,-87.36936609982664,2.6306339001733647,2.2287251399339003,0.6301171864059849
658,7080,88.84,1.16,-87.37976855454859,2.6202314454514095,2.2581872161419074,0.6292886315821885
659,7090,88.84,1.16,-87.3812548603445,2.618745139655502,2.256907169447588,0.6439658377520463
660,7100,88.84,1.16,-87.3827378192666,2.6172621807334053,2.2556300036577683,0.653667431832504
661,7110,88.84,1.16,-87.38421744331794,2.6157825566820634,2.2543557084461523,0.6596338973512994
662,7120,88.84,1.16,-87.3856937444428,2.614306255557196,2.2530842735369787,0.6627175818174158
663,7130,88.84,1.16,-87.38716673452564,2.6128332654743645,2.251815688705941,0.6634993371101012
664,7140,88.84,1.16,-87.38863642539252,2.6113635746074806,2.2505499437789047,0.6623678443490164
665,7150,88.84,1.16,-87.39010282881091,2.6098971711890897,2.24928702863215,0.6595721744350879
666,7160,88.84,1.16,-87.39156595649044,2.608434043509561,2.2480269331916767,0.6552557131732627
667,7170,88.84,1.16,-87.3930258200831,2.6069741799169037,2.246769647433047,0.6494770251184544
668,7180,88.84,1.16,-87.39448243118345,2.605517568816552,2.245515161381199,0.6422212231882335
669,7190,88.84,1.16,-87.39593580132893,2.604064198671068,2.244263465110193,0.6334039533121176
670,7200,88.86,1.1400000000000001,-87.40624070978613,2.5937592902138675,2.2746004834475677,0.6231517305509735
671,7210,88.86,1.1400000000000001,-87.40769257138993,2.59230742861007,2.273328140718388,0.6400235064081167
672,7220,88.86,1.1400000000000001,-87.40914122087752,2.5908587791224846,2.272058611480813,0.6514755275502023
673,7230,88.86,1.1400000000000001,-87.4105866695738,2.589413330426197,2.2707918858206733,0.6588718898658437
674,7240,88.86,1.1400000000000001,-87.41202892874836,2.587971071251644,2.2695279538722266,0.6631591655690091
675,7250,88.86,1.1400000000000001,-87.41346800961568,2.586531990384316,2.2682668058179023,0.664989672538508
676,7260,88.86,1.1400000000000001,-87.41490392333598,2.5850960766640156,2.2670084318876507,0.6648072857614659
677,7270,88.86,1.1400000000000001,-87.41633668101521,2.58366331898479,2.265752822358882,0.6629053372442499
678,7280,88.86,1.1400000000000001,-87.41776629370548,2.5822337062945167,2.264499967556109,0.659464758991474
679,7290,88.86,1.1400000000000001,-87.41919277240535,2.580807227594647,2.2632498578507176,0.6545783483034643
680,7300,88.86,1.1400000000000001,-87.42061612806002,2.5793838719399815,2.262002483660775,0.64826506446905
681,7310,88.86,1.1400000000000001,-87.42203637156229,2.5779636284377148,2.26075783545019,0.6404767842559683
682,7320,88.86,1.1400000000000001,-87.42345351375204,2.5765464862479632,2.2595159037291777,0.631098866468605
683,7330,88.88,1.12,-87.43366120360153,2.566338796398469,2.290753712834349,0.6277448236725698
684,7340,88.88,1.12,-87.43507700962893,2.5649229903710733,2.2894907870264207,0.6434287562287215
685,7350,88.88,1.12,-87.43648974135182,2.5635102586481793,2.2882306021629386,0.6541210250499954
686,7360,88.88,1.12,-87.4378994094138,2.5621005905861978,2.2869731487594445,0.6610429043079653
687,7370,88.88,1.12,-87.4393060244075,2.5606939755925,2.2857184173768665,0.6650471909955095
688,7380,88.88,1.12,-87.44070959687524,2.5592904031247627,2.2844663986209346,0.6667250308073076
689,7390,88.88,1.12,-87.4421101373084,2.557889862691596,2.2832170831427416,0.6664804762073216
690,7400,88.88,1.12,-87.44350765614885,2.556492343851147,2.2819704616375014,0.664444131169226
691,7410,88.88,1.12,-87.44490216378853,2.5550978362114733,2.280726524844877,0.6608527292276183
692,7420,88.88,1.12,-87.44629367056976,2.5537063294302413,2.2794852635487164,0.6558281980919304
693,7430,88.88,1.12,-87.44768218678588,2.552317813214117,2.278246668576509,0.6493779450559927
694,7440,88.88,1.12,-87.44906772268169,2.55093227731831,2.2770107307989775,0.6414441961058925
695,7450,88.88,1.12,-87.45045028845301,2.5495497115469874,2.275777441130449,0.6319036111493815
696,7460,88.9,1.1,-87.4605592985276,2.539440701472401,2.3079684771617033,0.6224828309470931
697,7470,88.9,1.1,-87.46194068619717,2.538059313802833,2.3067138256998803,0.6395274316045897
698,7480,88.9,1.1,-87.46331912906712,2.5366808709328836,2.3054618475287736,0.6513104010655597
699,7490,88.9,1.1,-87.46469463715255,2.5353053628474527,2.304212533561379,0.6591136163964401
700,7500,88.9,1.1,-87.46606722042075,2.5339327795792457,2.3029658747540465,0.6638389563226293
701,7510,88.9,1.1,-87.46743688879252,2.5325631112074802,2.3017218621053055,0.6661161223537728
702,7520,88.9,1.1,-87.46880365214219,2.531196347857815,2.3004804866558,0.666379296143181
703,7530,88.9,1.1,-87.47016752029775,2.5298324797022502,2.2992417394882003,0.6649198154002255
704,7540,88.9,1.1,-87.47152850304079,2.528471496959213,2.2980056117272802,0.6619214659915638
705,7550,88.9,1.1,-87.47288661010782,2.527113389892179,2.2967720945386647,0.657483338291703
706,7560,88.9,1.1,-87.47424185118959,2.525758148810411,2.2955411791295033,0.6516336347580352
707,7570,88.9,1.1,-87.47559423593145,2.524405764068547,2.294312856748096,0.6443365905997924
708,7580,88.9,1.1,-87.4769437739344,2.5230562260656058,2.2930871186829886,0.635493756393847
709,7590,88.9,1.1,-87.47829047475433,2.5217095252456687,2.2918639562635947,0.6249402125990936
710,7600,88.92,1.08,-87.48830104604482,2.5116989539551753,2.3250400586336304,0.6262287999868965
711,7610,88.92,1.08,-87.48964672783853,2.510353272161467,2.3237951796550775,0.641717684316799
712,7620,88.92,1.08,-87.49098959610201,2.509010403897989,2.322552902171988,0.6524467887030265
713,7630,88.92,1.08,-87.4923296602247,2.507670339775302,2.321313217506953,0.6595306978771841
714,7640,88.92,1.08,-87.49366692955293,2.50633307044707,2.320076117022374,0.6637589661786931
715,7650,88.92,1.08,-87.49500141338928,2.504998586610725,2.3188415921210837,0.6656860152304123
716,7660,88.92,1.08,-87.49633312099408,2.5036668790059196,2.3176096342449135,0.6656952030051623
717,7670,88.92,1.08,-87.49766206158479,2.5023379384152094,2.3163802348753233,0.6640430586959852
718,7680,88.92,1.08,-87.4989882443365,2.501011755663498,2.3151533855328914,0.6608890137458567
719,7690,88.92,1.08,-87.50031167838246,2.4996883216175405,2.3139290777768533,0.6563146073191015
720,7700,88.92,1.08,-87.50163237281369,2.498367627186312,2.3127073032054435,0.6503348890876943
721,7710,88.92,1.08,-87.5029503366798,2.4970496633201975,2.311488053455148,0.6429037499450645
722,7720,88.92,1.08,-87.50426557898925,2.495734421010752,2.310271320200482,0.6339141620041703
723,7730,88.92,1.08,-87.50557810870897,2.494421891291026,2.30905709515429,0.6231937461771875
724,7740,88.94,1.06,-87.51548862027319,2.4845113797268112,2.3432778497517983,0.6199600887890623
725,7750,88.94,1.06,-87.51680027600973,2.4831997239902677,2.3420415307368456,0.6368134890036851
726,7760,88.94,1.06,-87.51810924127771,2.4818907587222867,2.34080774643612,0.6486998696925735
727,7770,88.94,1.06,-87.51941552489072,2.480584475109282,2.3395764885504127,0.6567718774855923
728,7780,88.94,1.06,-87.52071913562244,2.4792808643775572,2.33834774881806,0.6618551070770784
729,7790,88.94,1.06,-87.52202008220704,2.4779799177929647,2.33712151901462,0.6645356448996671
730,7800,88.94,1.06,-87.523318373339,2.476681626661005,2.3358977909529646,0.6652240517119132
731,7810,88.94,1.06,-87.52461401767371,2.475385982326287,2.334676556482775,0.6642003902272301
732,7820,88.94,1.06,-87.52590702382724,2.4740929761727557,2.3334578074907535,0.6616450407616179
733,7830,88.94,1.06,-87.52719740037728,2.4728025996227245,2.3322415358997133,0.6576590683827604
734,7840,88.94,1.06,-87.52848515586231,2.471514844137687,2.3310277336693455,0.6522768207903696
735,7850,88.94,1.06,-87.52977029878303,2.470229701216965,2.329816392794942,0.645472524743115
736,7860,88.94,1.06,-87.53105283760179,2.4689471623982087,2.328607505307869,0.637161941467259
737,7870,88.94,1.06,-87.5323327807426,2.467667219257393,2.327401063275566,0.6271996036413238
738,7880,88.94,1.06,-87.53361013659253,2.4663898634074712,2.3261970588002727,0.6153717553013338
739,7890,88.96,1.04,-87.54342070638833,2.456579293611668,2.361501508089356,0.6222376509037426
740,7900,88.96,1.04,-87.54469733272887,2.455302667271127,2.3602750429357275,0.6379453809555741
741,7910,88.96,1.04,-87.54597139239006,2.454028607609942,2.3590510424432747,0.6487830167605197
742,7920,88.96,1.04,-87.54724289361806,2.452757106381938,2.3578294986974684,0.6559231697339976
743,7930,88.96,1.04,-87.54851184462204,2.451488155377959,2.356610403819294,0.6602035774124679
744,7940,88.96,1.04,-87.5497782535751,2.4502217464249014,2.3553937499643207,0.6621480777760501
745,7950,88.96,1.04,-87.55104212861383,2.4489578713861704,2.3541795293231416,0.6621193908624765
746,7960,88.96,1.04,-87.55230347783886,2.447696522161138,2.3529677341208526,0.6603585962188502
747,7970,88.96,1.04,-87.55356230931483,2.4464376906851726,2.3517583566170828,0.6570117876697019
748,7980,88.96,1.04,-87.55481863107086,2.4451813689291413,2.350551389105514,0.6521471922567145
749,7990,88.96,1.04,-87.55607245110087,2.4439275488991257,2.3493468239136117,0.6457650394937932
750,8000,88.96,1.04,-87.55732377736295,2.442676222637047,2.348144653403222,0.6378016426823966
751,8010,88.96,1.04,-87.55857261778084,2.4414273822191603,2.34694486996913,0.6281285196366251
752,8020,88.96,1.04,-87.55981898024267,2.4401810197573326,2.3457474660402835,0.6165469125117715
753,8030,88.96,1.04,-87.56106287260268,2.438937127397324,2.344552434078144,0.6027777642593206
754,8040,88.98,1.02,-87.57077169794917,2.4292283020508307,2.3810086795994962,0.6084532363695282
755,8050,88.98,1.02,-87.57201499174714,2.427985008252861,2.379790794615322,0.6252410352567683
756,8060,88.98,1.02,-87.57325583467653,2.42674416532347,2.378575309294812,0.6371767949486299
757,8070,88.98,1.02,-87.57449423446185,2.425505765538148,2.377362216078487,0.6453096795130202
758,8080,88.98,1.02,-87.57573019879447,2.4242698012055257,2.3761515074392796,0.6504017569168765
759,8090,88.98,1.02,-87.57696373533167,2.423036264668326,2.3749431758834736,0.6529988486310242
760,8100,88.98,1.02,-87.57819485169807,2.421805148301928,2.373737213949293,0.6534838928283392
761,8110,88.98,1.02,-87.57942355548424,2.42057644451576,2.3725336142082707,0.6521152560148341
762,8120,88.98,1.02,-87.58064985424872,2.419350145751281,2.371332369263269,0.6490531956463711
763,8130,88.98,1.02,-87.58187375551657,2.4181262444834317,2.3701334717499023,0.6443772336659014
764,8140,88.98,1.02,-87.58309526678069,2.4169047332193117,2.3689369143352397,0.6380964885775539
765,8150,88.98,1.02,-87.58431439550122,2.4156856044987762,2.3677426897183946,0.6301543461547299
766,8160,88.98,1.02,-87.58553114910626,2.4144688508937406,2.3665507906298378,0.6204283093580035
767,8170,88.98,1.02,-87.58674553499176,2.4132544650082366,2.3653612098314576,0.6074881787241384
768,8180,88.98,1.02,-87.58795756052194,2.412042439478057,2.3641739401162107,0.5897974510031039
769,8190,89.0,1.0,-87.59756272897133,2.402437271028674,2.401855293293875,0.5756504117351193
770,8200,89.0,1.0,-87.5987742744884,2.401225725511594,2.40064475067266,0.5955610678277866
771,8210,89.0,1.0,-87.59998347762242,2.400016522377584,2.399436547425241,0.6094408736192207
772,8220,89.0,1.0,-87.60119034561866,2.3988096543813384,2.398230676319045,0.6185536295101014
773,8230,89.0,1.0,-87.60239488569168,2.3976051143083197,2.3970271301521966,0.623809353622292
774,8240,89.0,1.0,-87.60359710502499,2.3964028949750116,2.3958259017537737,0.6258452486297383
775,8250,89.0,1.0,-87.60479701077118,2.395202989228821,2.3946269839837084,0.6250888140698209
776,8260,89.0,1.0,-87.6059946100527,2.3940053899472957,2.393430369732006,0.6218031367361345
777,8270,89.0,1.0,-87.60718990996138,2.3928100900386227,2.3922360519192423,0.6161172289237967
778,8280,89.0,1.0,-87.6083829175588,2.3916170824412006,2.3910440234961396,0.6080444540685846
779,8290,89.0,1.0,-87.6095736398767,2.3904263601233,2.3898542774432245,0.5974915072199678
780,8300,89.0,1.0,-87.61076208391695,2.3892379160830473,2.388666806770813,0.567849759982352
781,8310,89.0,1.0,-87.61194825665144,2.388051743348555,2.387481604519142,0.5272433819575311
782,8320,89.0,1.0,-87.61313216502298,2.386867834977025,2.386298663757471,0.4751259449638476
783,8330,89.02,0.98,-87.62262978589746,2.377370214102541,2.425310193741597,0.3973550462117721
784,8340,89.02,0.98,-87.62381331143035,2.3761866885696463,2.424103494732006,0.3585120734193932
785,8350,89.02,0.98,-87.6249945894981,2.375005410501899,2.4228990861616286,0.3223960250152122
786,8360,89.02,0.98,-87.62617362693295,2.373826373067047,2.4216969610708126,0.2888917066287363
787,8370,89.02,0.98,-87.627350430539,2.3726495694610037,2.420497112528584,0.25802161165062815
788,8380,89.02,0.98,-87.62852500709113,2.3714749929088725,2.4192995336336893,0.24795166569409208
789,8390,89.02,0.98,-87.62969736333622,2.37030263666378,2.4181042175134073,0.25126756835144165
790,8400,89.02,0.98,-87.63086750599271,2.369132494007289,2.4169111573239688,0.25257057743007677
791,8410,89.02,0.98,-87.63203544175073,2.3679645582492697,2.415720346250428,0.25221048731186935
792,8420,89.02,0.98,-87.6332011772727,2.3667988227273042,2.414531777506054,0.250481258931611
793,8430,89.02,0.98,-87.63436471919258,2.3656352808074246,2.4133454443330837,0.24762444990012905
794,8440,89.02,0.98,-87.63552607411758,2.3644739258824217,2.4121613400009987,0.2438355230541296
795,8450,89.02,0.98,-87.63668524862635,2.3633147513736503,2.4109794578083648,0.23879127095167915
796,8460,89.02,0.98,-87.63784224927092,2.3621577507290823,2.4097997910808484,0.23124963215740768
797,8470,89.02,0.98,-87.6389970825753,2.361002917424699,2.4086223331726355,0.22307745314912344
798,8480,89.02,0.98,-87.6401497550373,2.3598502449627006,2.4074470774646075,0.21436156641025425
799,8490,89.02,0.98,-87.6413002731267,2.358699726873297,2.4062740173661665,0.20517146274052236
800,8500,89.04,0.96,-87.65069385963157,2.3493061403684266,2.4466227011056367,0.19997288885773218
801,8510,89.04,0.96,-87.65184411082888,2.3481558891711245,2.4454254733470107,0.22937869691266216
802,8520,89.04,0.96,-87.65299222333749,2.347007776662508,2.4442304706388387,0.25292534478041323
803,8530,89.04,0.96,-87.65413820352734,2.3458617964726614,2.443037686357009,0.27073765179905396
804,8540,89.04,0.96,-87.6552820577422,2.3447179422578017,2.441847113904571,0.28339001831276106
805,8550,89.04,0.96,-87.65642379229948,2.343576207700522,2.4406587467119936,0.29162078345222825
806,8560,89.04,0.96,-87.65756341349093,2.3424365865090664,2.439472578236402,0.2961688828616531
807,8570,89.04,0.96,-87.65870092758209,2.341299072417911,2.4382886019621948,0.2976968263333137
808,8580,89.04,0.96,-87.65983634081284,2.340163659187155,2.4371068114003993,0.2967644945961745
809,8590,89.04,0.96,-87.66096965939772,2.339030340602278,2.4359272000884262,0.29382895964110695
810,8600,89.04,0.96,-87.66210088952539,2.337899110474609,2.4347497615905547,0.28925562340792993
811,8610,89.04,0.96,-87.66323003735953,2.3367699626404743,2.433574489497048,0.28333288272506707
812,8620,89.04,0.96,-87.66435710903835,2.335642890961651,2.432401377424622,0.276286621595396
813,8630,89.04,0.96,-87.66548211067517,2.334517889324829,2.43123041901589,0.26829303955864603
814,8640,89.04,0.96,-87.66660504835825,2.3333949516417505,2.430061607939507,0.2594894239919304
815,8650,89.04,0.96,-87.66772592815113,2.3322740718488717,2.4288949378898135,0.24998297211153392
816,8660,89.04,0.96,-87.66884475609274,2.3311552439072614,2.4277304025867372,0.23985796077372482
817,8670,89.04,0.96,-87.66996153819706,2.3300384618029426,2.426567995776143,0.22918160936997387
818,8680,89.04,0.96,-87.67107628045416,2.328923719545841,2.4254077112287415,0.2180089663573415
819,8690,89.06,0.9400000000000001,-87.68036739413785,2.3196326058621537,2.4671308769377713,0.23583968009192577
820,8700,89.06,0.9400000000000001,-87.6814819902634,2.318518009736593,2.465946054374941,0.2625676303457346
821,8710,89.06,0.9400000000000001,-87.68259456098818,2.3174054390118215,2.464763383894999,0.28327014792562777
822,8720,89.06,0.9400000000000001,-87.68370511221124,2.3162948877887573,2.4635828592326954,0.29848367224458094
823,8730,89.06,0.9400000000000001,-87.68481364980784,2.315186350192164,2.462404474148094,0.30896195611340826
824,8740,89.06,0.9400000000000001,-87.68592017962985,2.3140798203701536,2.4612282224260458,0.31548218609242135
825,8750,89.06,0.9400000000000001,-87.68702470750522,2.3129752924947837,2.4600540978768213,0.3187508297255107
826,8760,89.06,0.9400000000000001,-87.68812723923853,2.3118727607614744,2.458882094335494,0.3193692166642186
827,8770,89.06,0.9400000000000001,-87.68922778061112,2.3107722193888804,2.457712205661803,0.3178301666639553
828,8780,89.06,0.9400000000000001,-87.69032633738105,2.3096736626189482,2.4565444257402134,0.31452843783682566
829,8790,89.06,0.9400000000000001,-87.69142291528345,2.3085770847165463,2.455378748479525,0.30977578484835655
830,8800,89.06,0.9400000000000001,-87.69251752003011,2.3074824799698916,2.4542151678133237,0.30381620349325766
831,8810,89.06,0.9400000000000001,-87.69361015731045,2.306389842689555,2.4530536776989282,0.2968395314247996
832,8820,89.06,0.9400000000000001,-87.69470083279082,2.305299167209185,2.4518942721181562,0.28899287135331686
833,8830,89.06,0.9400000000000001,-87.69578955211517,2.3042104478848273,2.450736945076602,0.28038989496300076
834,8840,89.06,0.9400000000000001,-87.69687632090465,2.30312367909535,2.4495816906040884,0.27111831811212805
835,8850,89.06,0.9400000000000001,-87.6979611447583,2.3020388552417046,2.4484285027538832,0.26124589968092504
836,8860,89.06,0.9400000000000001,-87.69904402925305,2.300955970746955,2.447277375602729,0.250825304396301
837,8870,89.06,0.9400000000000001,-87.70012497994306,2.2998750200569447,2.446128303251553,0.23989813221827166
838,8880,89.08,0.92,-87.70931129881649,2.2906887011835124,2.4893227383219143,0.2480069805182214
839,8890,89.08,0.92,-87.71039221034073,2.2896077896592715,2.488148722461039,0.2768192829753601
840,8900,89.08,0.92,-87.71147120139271,2.288528798607288,2.4869767916091505,0.29936503650552837
841,8910,89.08,0.92,-87.71254827744491,2.2874517225550903,2.485806939827521,0.3162117744038549
842,8920,89.08,0.92,-87.7136234439477,2.2863765560523035,2.484639161201392,0.3281510615725076
843,8930,89.08,0.92,-87.71469670633064,2.285303293669358,2.483473449838572,0.33599509733496086
844,8940,89.08,0.92,-87.7157680700012,2.2842319299987963,2.482309799870856,0.34047948705188436
845,8950,89.08,0.92,-87.71683754034605,2.2831624596539513,2.48114820545259,0.34222864746609033
846,8960,89.08,0.92,-87.7179051227304,2.2820948772696,2.4799886607613826,0.34175328333306343
847,8970,89.08,0.92,-87.71897082249876,2.281029177501239,2.478831159997314,0.33946187198137706
848,8980,89.08,0.92,-87.72003464497406,2.2799653550259364,2.4776756973838694,0.33567663390588365
849,8990,89.08,0.92,-87.72109659545892,2.278903404541083,2.4765222671665743,0.330649484701393
850,9000,89.08,0.92,-87.72215667923493,2.277843320765072,2.475370863613738,0.32457614385645417
851,9010,89.08,0.92,-87.723214901563,2.276785098437003,2.4742214810161296,0.3176078972588711
852,9020,89.08,0.92,-87.7242712676837,2.2757287323162956,2.4730741136865633,0.30986110232594205
853,9030,89.08,0.92,-87.72532578281702,2.2746742171829766,2.471928755960203,0.3014247500770722
854,9040,89.08,0.92,-87.72637845216262,2.2736215478373794,2.4707854021942435,0.2917050456092121
855,9050,89.08,0.92,-87.72742928089983,2.272570719100173,2.469644046767937,0.28132690312343
856,9060,89.08,0.92,-87.7284782741878,2.2715217258122067,2.4685046840824256,0.2703859037398491
857,9070,89.08,0.92,-87.72952543716602,2.270474562833982,2.467367308560173,0.25891259488497226
858,9080,89.1,0.9,-87.7386063915199,2.2613936084801054,2.512110557716342,0.2648349281723183
859,9090,89.1,0.9,-87.73965361702176,2.2603463829782413,2.510947831779414,0.29415910067207557
860,9100,89.1,0.9,-87.740699024486,2.2593009755139946,2.5097871235581852,0.31692398950019574
861,9110,89.1,0.9,-87.74174261897784,2.258257381022162,2.508628427433538,0.33382911853288294
862,9120,89.1,0.9,-87.74278440554254,2.2572155944574632,2.5074717378084497,0.3457469311628124
863,9130,89.1,0.9,-87.74382438920576,2.2561756107942443,2.5063170491076563,0.35353359760067554
864,9140,89.1,0.9,-87.74486257497429,2.2551374250257084,2.5051643557768077,0.3579455900327193
865,9150,89.1,0.9,-87.7458989678353,2.254101032164698,2.5040136522833296,0.35961509189757296
866,9160,89.1,0.9,-87.74693357275684,2.253066427243155,2.502864933115828,0.3590537898866055
867,9170,89.1,0.9,-87.74796639468784,2.252033605312164,2.5017181927841343,0.35666800992632625
868,9180,89.1,0.9,-87.74899743855832,2.2510025614416804,2.5005734258190087,0.352776651175931
869,9190,89.1,0.9,-87.75002670927944,2.249973290720561,2.4994306267721678,0.34762811134284255
870,9200,89.1,0.9,-87.75105421174331,2.248945788256691,2.4982897902164303,0.3414148203542435
871,9210,89.1,0.9,-87.75207995082337,2.247920049176628,2.497150910745321,0.33428513944880356
872,9220,89.1,0.9,-87.75310393137497,2.246896068625034,2.49601398297244,0.3263528609083625
873,9230,89.1,0.9,-87.75412615823421,2.2458738417657855,2.494879001532693,0.3177047015432227
874,9240,89.1,0.9,-87.75514663621924,2.244853363780763,2.493745961080954,0.3084061978395701
875,9250,89.1,0.9,-87.75616537012941,2.243834629870591,2.4926148562928794,0.29850637031018035
876,9260,89.1,0.9,-87.75718236474636,2.242817635253644,2.4914856818638107,0.2880414694501788
877,9270,89.1,0.9,-87.75819762483306,2.241802375166941,2.4903584325097623,0.2770380642318398
878,9280,89.1,0.9,-87.75921115513472,2.2407888448652784,2.4892331029664643,0.2655156922517057
879,9290,89.12,0.88,-87.76818603307383,2.2318139669261683,2.535610623037165,0.2835348153960721
880,9300,89.12,0.88,-87.76919972173553,2.230800278264468,2.5344595322422663,0.31147645912469474
881,9310,89.12,0.88,-87.77021169188198,2.2297883081180174,2.5333103921103497,0.33304523441754036
882,9320,89.12,0.88,-87.77122194819135,2.2287780518086464,2.532163197333511,0.34902624650958586
883,9330,89.12,0.88,-87.7722304953242,2.2277695046758055,2.5310179426238295,0.36029710103513296
884,9340,89.12,0.88,-87.77323733792328,2.226762662076723,2.5298746227135473,0.3676829473516238
885,9350,89.12,0.88,-87.77424248061419,2.225757519385809,2.5287332323543943,0.37189798051906564
886,9360,89.12,0.88,-87.77524592800499,2.224754071995008,2.5275937663179855,0.37353288040813143
887,9370,89.12,0.88,-87.77624768468608,2.2237523153139165,2.5264562193959557,0.37306337535241335
888,9380,89.12,0.88,-87.77724775523127,2.222752244768728,2.525320586398763,0.3708665320394599
889,9390,89.12,0.88,-87.77824614419642,2.221753855803584,2.524186862157223,0.367238257013447
890,9400,89.12,0.88,-87.7792428561212,2.2207571438787994,2.5230550415204926,0.3624092298892672
891,9410,89.12,0.88,-87.78023789552762,2.2197621044723803,2.5219251193577925,0.3565583573381705
892,9420,89.12,0.88,-87.78123126692086,2.218768733079145,2.520797090557412,0.3498236939299903
893,9430,89.12,0.88,-87.78222297478965,2.217777025210353,2.5196709500262893,0.3423111198749506
894,9440,89.12,0.88,-87.78321302360555,2.216786976394445,2.518546692690845,0.3341011647574429
895,9450,89.12,0.88,-87.78420141782387,2.2157985821761343,2.517424313495957,0.32525435943474706
896,9460,89.12,0.88,-87.78518816188279,2.214811838117214,2.5163038074058752,0.3158154517381444
897,9470,89.12,0.88,-87.78617326020454,2.213826739795465,2.515185169402982,0.30581676762973115
898,9480,89.12,0.88,-87.78715671719446,2.2128432828055367,2.514068394488791,0.29528095042682356
899,9490,89.12,0.88,-87.7881385372418,2.2118614627581934,2.512953477683093,0.2842232721212819
900,9500,89.12,0.88,-87.78911872471959,2.210881275280414,2.5118404140240687,0.2726536827346014
901,9510,89.14,0.86,-87.79798665923494,2.2020133407650633,2.5599464726473893,0.3036185770381881
902,9520,89.14,0.86,-87.79896709461562,2.2010329053843805,2.5588072301993536,0.330012488166973
903,9530,89.14,0.86,-87.7999459077533,2.2000540922467025,2.557669872011468,0.35028153882364027
904,9540,89.14,0.86,-87.80092310296062,2.199076897039376,2.5565343930765683,0.3652690333591945
905,9550,89.14,0.86,-87.80189868453455,2.1981013154654505,2.555400788405713,0.37584243401939266
906,9560,89.14,0.86,-87.80287265675574,2.1971273432442615,2.5542690530288645,0.3827881900559549
907,9570,89.14,0.86,-87.80384502388985,2.196154976110151,2.553139181993399,0.38677464785543064
908,9580,89.14,0.86,-87.80481579018611,2.1951842098138883,2.55201117036576,0.3883493958395906
909,9590,89.14,0.86,-87.80578495987864,2.194215040121364,2.550885013229936,0.3879514877157386
910,9600,89.14,0.86,-87.80675253718582,2.1932474628141847,2.5497607056881595,0.38592836268148206
911,9610,89.14,0.86,-87.80771852631057,2.192281473689434,2.5486382428606227,0.3825526940257155
912,9620,89.14,0.86,-87.80868293144053,2.1913170685594707,2.5475176198852485,0.37803725284383394
913,9630,89.14,0.86,-87.80964575674788,2.1903542432521164,2.546398831917901,0.3725472665284371
914,9640,89.14,0.86,-87.81060700638972,2.1893929936102836,2.5452818741319634,0.36621036925238465
915,9650,89.14,0.86,-87.81156668450804,2.188433315491963,2.5441667417183154,0.35912447317674456
916,9660,89.14,0.86,-87.81252479522917,2.187475204770834,2.5430534298860454,0.35124662484967323
917,9670,89.14,0.86,-87.81348134266517,2.1865186573348296,2.5419419338607847,0.34266608680105975
918,9680,89.14,0.86,-87.81443633091281,2.1855636690871876,2.540832248885928,0.33349720327129445
919,9690,89.14,0.86,-87.81538976405369,2.184610235946309,2.539724370222466,0.3237687189012719
920,9700,89.14,0.86,-87.81634164615494,2.183658353845061,2.5386182931481813,0.31349986459570023
921,9710,89.14,0.86,-87.81729198126905,2.182708018730949,2.537514012957845,0.3027024092153437
922,9720,89.14,0.86,-87.81824077343347,2.181759226566527,2.53641152496369,0.2913824509980804
923,9730,89.16,0.84,-87.82699886584024,2.1730011341597617,2.5863786471256254,0.2911189064613936
924,9740,89.16,0.84,-87.82794798338186,2.1720520166181387,2.5852495170057432,0.32260671876345776
925,9750,89.16,0.84,-87.82889556745698,2.171104432543018,2.5841222104866874,0.3474852907305955
926,9760,89.16,0.84,-87.82984162204856,2.170158377951438,2.582996722833809,0.36648505330777287
927,9770,89.16,0.84,-87.83078615112602,2.16921384887398,2.5818730493285487,0.38048114018792684
928,9780,89.16,0.84,-87.83172915864358,2.168270841356417,2.580751185270402,0.39032230898150355
929,9790,89.16,0.84,-87.83267064854215,2.1673293514578518,2.5796311259747005,0.39675669448263096
930,9800,89.16,0.84,-87.83361062474795,2.166389375252052,2.578512866774204,0.4004107709605957
931,9810,89.16,0.84,-87.83454909117323,2.16545090882677,2.5773964030182874,0.4017938565303202
932,9820,89.16,0.84,-87.83548605171616,2.1645139482838403,2.5762817300730614,0.40131279140826104
933,9830,89.16,0.84,-87.83642151026103,2.163578489738967,2.575168843321115,0.39928907999667457
934,9840,89.16,0.84,-87.83735547067805,2.162644529321952,2.574057738161789,0.395975044448982
935,9850,89.16,0.84,-87.83828793682392,2.1617120631760827,2.5729484100104516,0.3915677213825984
936,9860,89.16,0.84,-87.83921891254134,2.160781087458659,2.5718408542991185,0.3862202681357706
937,9870,89.16,0.84,-87.84014840165943,2.159851598340566,2.5707350664759487,0.38005108368034685
938,9880,89.16,0.84,-87.84107640799333,2.1589235920066727,2.5696310420057187,0.3731509973742204
939,9890,89.16,0.84,-87.84200293534514,2.1579970646548645,2.5685287763686726,0.36558889419843305
940,9900,89.16,0.84,-87.84292798750288,2.1570720124971245,2.567428265061804,0.3574161082022044
941,9910,89.16,0.84,-87.84385156824148,2.156148431758524,2.5663295035976623,0.3486698637798602
942,9920,89.16,0.84,-87.84477368132245,2.155226318677549,2.5652324875047334,0.33937599329969775
943,9930,89.16,0.84,-87.84569433049361,2.1543056695063854,2.5641372123277866,0.3295511171013356
944,9940,89.16,0.84,-87.84661351949015,2.1533864805098517,2.5630436736265985,0.3192044382016548
945,9950,89.16,0.84,-87.84753125203339,2.1524687479666085,2.561951866977397,0.30833928075460754
946,9960,89.16,0.84,-87.84844753183177,2.1515524681682336,2.560861787971759,0.29695448630422366
947,9970,89.18,0.8200000000000001,-87.85709644647139,2.142903553528612,2.6127769989991925,0.3079270004289841
948,9980,89.18,0.8200000000000001,-87.85801312827014,2.1419868717298556,2.6116598376747806,0.33819506289720874
949,9990,89.18,0.8200000000000001,-87.85892836597962,2.1410716340203777,2.6105444355969567,0.36206463404627726
950,10000,89.18,0.8200000000000001,-87.8598421632597,2.1401578367403005,2.6094307883088534,0.3803180867021276
