Energy[eV],Reflectivity,Angle,peak_rs,peak_rp
500,,16.66,0.18520795047098018,0.14309682884627084
510,,16.34,0.18893114570807698,0.14790066295396634
520,,16.0,0.19222213514852632,0.15208197575957366
530,,15.700000000000001,0.19553137724571554,0.15631825427791837
540,,15.4,0.19882133247346243,0.16047520718826389
550,,15.120000000000001,0.20185763204166166,0.16449263418168414
560,,14.84,0.2043635993627186,0.1678878121991787
570,,14.56,0.20670266487064456,0.1710838102874282
580,,14.32,0.20923374608475614,0.17456172054230654
590,,14.06,0.21151203674189678,0.17751211149025073
600,,13.82,0.2128773973154408,0.17978537248577414
610,,13.58,0.21396636501455865,0.18185974245360498
620,,13.36,0.2155901609298492,0.18412406096110565
630,,13.14,0.21622936027318748,0.18557353421245426
640,,12.94,0.21603702660921836,0.18645933187903058
650,,12.74,0.21545398107824065,0.18682807918246208
660,,12.540000000000001,0.21518003071914468,0.18734787934987734
670,,12.34,0.2147456429925189,0.1875919506458704
680,,12.16,0.21157227984250757,0.18552754863566367
690,,11.98,0.20832538517578494,0.18326693518716183
700,,11.8,0.20526354894178206,0.18106643606794154
710,,11.620000000000001,0.20180410890864128,0.17838996547712455
720,,11.46,0.19631178603601404,0.17404132372637895
730,,11.3,0.18787207140167994,0.1668921739584316
740,,11.14,0.17940640641643224,0.15963298610028687
750,,10.98,0.17074253291029184,0.15211862624498282
760,,10.84,0.16145083887601427,0.14415284566261735
770,,10.68,0.14608967155926528,0.1304258566854884
780,,10.540000000000001,0.12439241771479095,0.11106816867393314
790,,10.4,0.10312494073058721,0.09207945112474193
800,,10.26,0.08295310658241303,0.07407408452161533
810,,10.120000000000001,0.0641599461688562,0.0573066430498232
820,,9.98,0.04157972100071616,0.03713481901510944
830,,9.86,0.01347562648663851,0.012027214622658284
840,,9.72,0.008109516895494762,0.007254036662456497
850,,9.540000000000001,0.10658099608128704,0.09676757707321387
860,,9.44,0.10630277397956824,0.0941717952098411
870,,9.34,0.10329472352432363,0.09165123405901471
880,,9.26,0.10858384901197816,0.09604169998851876
890,,9.18,0.11254092271991302,0.099855073448368
900,,9.08,0.11562949240865174,0.1029766039955667
910,,9.0,0.12041251105237773,0.10761674947578354
920,,8.9,0.1259472547734723,0.11281420786952219
930,,8.82,0.133070516097579,0.11976537583887352
940,,8.72,0.13803297121666663,0.12473701607081657
950,,8.64,0.14214351052688196,0.12868329876289833
960,,8.56,0.1457957483073458,0.1325886438157675
970,,8.46,0.15028400455705276,0.1366096840438884
980,,8.38,0.15510679212110656,0.14150380039378224
990,,8.3,0.1592892242001717,0.14579677711267744
1000,,8.22,0.1598386224056175,0.14673570898450417
1010,,8.120000000000001,0.1550099984559963,0.1424396064590245
1020,,8.06,0.16415122771529042,0.15096156556045515
1030,,7.98,0.17231596120185966,0.15865559567289494
1040,,7.9,0.17720235066254508,0.16378618840374792
1050,,7.84,0.18315974861474354,0.16976902140645836
1060,,7.76,0.18913780712220254,0.17529306317038432
1070,,7.7,0.19455622043914086,0.18125708425900736
1080,,7.62,0.19919477801181737,0.18539886607322176
1090,,7.5600000000000005,0.2034119596179402,0.19017707858318508
1100,,7.48,0.20798158795807353,0.19408533835252817
1110,,7.42,0.21314589294514244,0.19964180397307285
1120,,7.36,0.21784911800962714,0.204727277119177
1130,,7.3,0.22241724014815592,0.20962741320314623
1140,,7.22,0.22784662780770418,0.21457684647644917
1150,,7.16,0.23235669817342028,0.2186811966211058
1160,,7.1000000000000005,0.23658716114165845,0.2230767041235042
1170,,7.04,0.24080228769726547,0.2273862984606566
1180,,6.98,0.24500776189346457,0.23161167761777127
1190,,6.92,0.24912705252800138,0.2359113338246149
1200,,6.88,0.2530755402438673,0.24102543923660022
1210,,6.82,0.25844885557230196,0.24619790217007445
1220,,6.76,0.2636873778438173,0.25114944943749945
1230,,6.7,0.26732721464117465,0.25446498842312304
1240,,6.66,0.2700597692419131,0.25843893897864134
1250,,6.6000000000000005,0.2752344599481778,0.26314209170755176
1260,,6.54,0.27898513807487885,0.2663266430271539
1270,,6.5,0.28293987547374905,0.2713467784421373
1280,,6.44,0.28750351524433987,0.27518898888901056
1290,,6.4,0.2913791170473876,0.28001190930146896
1300,,6.34,0.2959130585447486,0.28366333403478894
1310,,6.3,0.30014020035372574,0.2887400831280467
1320,,6.24,0.302397294233228,0.29149365340179517
1330,,6.2,0.3076411586999419,0.2959590192912298
1340,,6.16,0.3113250746465762,0.3003181130730732
1350,,6.12,0.31399440724377103,0.3035814656291701
1360,,6.0600000000000005,0.3186071527637868,0.3068992991160779
1370,,6.0200000000000005,0.3233005392014631,0.3120958971500879
1380,,5.98,0.32742833088668594,0.31666157945815954
1390,,5.94,0.3312619759548469,0.3208680840506399
1400,,5.9,0.33458517502955615,0.3245111110819326
1410,,5.86,0.33763433226051714,0.32782738812407536
1420,,5.82,0.34083213631562703,0.3312365938377544
1430,,5.78,0.3442524005040019,0.3348159458126492
1440,,5.74,0.34793371390190964,0.338606389827847
1450,,5.7,0.3518811718396545,0.34261417408017064
1460,,5.66,0.356065676867024,0.346810044572167
1470,,5.62,0.36042069279634287,0.3511259084492404
1480,,5.58,0.36483609786666327,0.35544860310914983
1490,,5.54,0.3691484861377753,0.3596101416590976
1500,,5.5,0.3724852035531665,0.3627446723488561
1510,,5.46,0.37515624596937747,0.365144433697994
1520,,5.42,0.37677526462978556,0.3683444860858266
1530,,5.4,0.3819511750006783,0.37327826294362704
1540,,5.36,0.38633836506612346,0.37729793789295474
1550,,5.32,0.3893088326578104,0.3798065584766128
1560,,5.3,0.39119359131921044,0.38313783606226387
1570,,5.26,0.3968929955314782,0.38837674288490276
1580,,5.22,0.40045027591016413,0.3913514540835842
1590,,5.2,0.40233871903460733,0.39455097185978955
1600,,5.16,0.40782227491530726,0.3994555151810433
1610,,5.12,0.40962498638729694,0.40052072183174714
1620,,5.1000000000000005,0.4133128482323754,0.40548308035732017
1630,,5.0600000000000005,0.4168419162076557,0.4082507654763627
1640,,5.04,0.41887793723570954,0.41141966032482125
1650,,5.0,0.4235045489981752,0.4152472954236774
1660,,4.98,0.4250518086549842,0.41782740110541144
1670,,4.94,0.43002296143431595,0.42193914046956166
1680,,4.92,0.43200002188329617,0.4248857614119533
1690,,4.88,0.43634130397434756,0.4282752923224938
1700,,4.86,0.4395500939665781,0.4324224105827094
1710,,4.82,0.441496183264661,0.4332849175335679
1720,,4.8,0.44606264744130775,0.43878868010993466
1730,,4.78,0.4463386338971719,0.4398092353202202
1740,,4.74,0.451316605444537,0.4437291406671854
1750,,4.72,0.45429168000358144,0.4474806658941451
1760,,4.7,0.4541174638134906,0.4479283240099822
1770,,4.66,0.46016258891924255,0.45287152695434757
1780,,4.64,0.46323300895982134,0.45662199840812856
1790,,4.62,0.46380514282114527,0.457747281202665
1800,,4.58,0.46826505409042274,0.46097170348224475
1810,,4.5600000000000005,0.4726202747031867,0.4659581970733692
1820,,4.54,0.474818248754828,0.46867976923085025
1830,,4.5200000000000005,0.4749258489948831,0.46922110457099203
1840,,4.48,0.47929766346305264,0.4722857160263823
1850,,4.46,0.4833047930734376,0.4768160254544532
1860,,4.44,0.48578554414742925,0.4797385892426913
1870,,4.42,0.4871572822716507,0.4814833728410495
1880,,4.4,0.48774155311938405,0.4823833238410745
1890,,4.36,0.491435322959133,0.48465124077743027
1900,,4.34,0.49576964629795545,0.48938689294538373
1910,,4.32,0.49919131248791326,0.493154486978802
1920,,4.3,0.5019532249826246,0.49621466254800795
1930,,4.28,0.5042557352504423,0.4987746937619431
1940,,4.26,0.5062579643209664,0.5009996947764969
1950,,4.24,0.5079353981417764,0.5028699514149776
1960,,4.22,0.5092632531817042,0.5043646692479259
1970,,4.2,0.5105924834821031,0.505838856294355
1980,,4.16,0.5131703727131062,0.5073597644215186
1990,,4.14,0.516438104800926,0.5102803587129726
2000,,4.12,0.5194541069071323,0.513444592816563
2010,,4.1,0.5222767190861176,0.5163895320911281
2020,,4.08,0.5249458288578257,0.5191568359653232
2030,,4.0600000000000005,0.5274846131579058,0.5217709576429783
2040,,4.04,0.5299005554438119,0.5242401767579593
2050,,4.0200000000000005,0.5321857875767367,0.5265569496929937
2060,,4.0,0.5343167656099465,0.5286975840272872
2070,,3.98,0.5362532447199914,0.5306212008874039
2080,,3.96,0.5379364692715201,0.5322679006506263
2090,,3.96,0.5390440585640413,0.5349697888636462
2100,,3.94,0.5421351675979613,0.5380457505799607
2110,,3.92,0.5452841190918439,0.5411663626729448
2120,,3.9,0.5484278020117278,0.5442668759371968
2130,,3.88,0.5514874236563799,0.5472664017644012
2140,,3.86,0.5543647364984897,0.550064047017664
2150,,3.84,0.5569369050728183,0.5525336646744474
2160,,3.8200000000000003,0.5590495060639669,0.5545167111493624
2170,,3.8000000000000003,0.5605069590647278,0.555812509399713
2180,,3.7800000000000002,0.5610594273793436,0.5561649685488703
2190,,3.7600000000000002,0.5603849103332545,0.5562053521920173
2200,,3.7600000000000002,0.5645528203581202,0.5608549645298195
2210,,3.74,0.5687649696878648,0.5649383073437574
2220,,3.72,0.5722024798725817,0.56821236174718
2230,,3.7,0.5743299072180877,0.5701328364484326
2240,,3.68,0.5747978963974256,0.5703400699130715
2250,,3.66,0.5732322891665781,0.5684473541072255
2260,,3.66,0.5768158301272892,0.573347594013978
2270,,3.64,0.581086615340868,0.5774369409513008
2280,,3.62,0.5838365858329976,0.5799515732518775
2290,,3.6,0.5844808127880724,0.5802913947091285
2300,,3.58,0.5822012718484489,0.5778092988202292
2310,,3.58,0.5869493970210963,0.5836260754440649
2320,,3.56,0.5912038909422167,0.5876515482747123
2330,,3.54,0.5930443857523581,0.5891867028225075
2340,,3.52,0.5914870091539604,0.5872234519542859
2350,,3.52,0.5940137083959725,0.5908781129651439
2360,,3.5,0.5989209278453027,0.5955412447162725
2370,,3.48,0.6008051837544548,0.5970906559264133
2380,,3.46,0.5982826966754738,0.5941104835727459
2390,,3.46,0.6023778557340145,0.5993219141013597
2400,,3.44,0.6064506437254569,0.6031066764440858
2410,,3.42,0.6064182759108745,0.6026695079802713
2420,,3.42,0.6048303644675838,0.6019987200373066
2430,,3.4,0.6107809595457074,0.6076909176460851
2440,,3.38,0.612611065446845,0.6091473647887405
2450,,3.36,0.6083265658004775,0.6051560874120767
2460,,3.36,0.6150974746086758,0.6121812326388641
2470,,3.34,0.6180192748212047,0.6147409011532687
2480,,3.3200000000000003,0.6144304854839456,0.6106188167963779
2490,,3.3200000000000003,0.6199148823296774,0.6171122619915768
2500,,3.3000000000000003,0.6231608653927923,0.6199887610247283
2510,,3.2800000000000002,0.6191224855617458,0.6153934277738425
2520,,3.2800000000000002,0.6253822084519014,0.6226422700645594
2530,,3.2600000000000002,0.6280777962490449,0.6249403887542858
2540,,3.2600000000000002,0.6236748162877249,0.621231185634534
2550,,3.24,0.6310802269132657,0.6283520410835554
2560,,3.22,0.6318082384971867,0.6286281105319085
2570,,3.22,0.6302196690601016,0.6277782228860841
2580,,3.2,0.6360691800152729,0.633292765004658
2590,,3.18,0.6335684015063634,0.6302515454159309
2600,,3.18,0.6370591795750875,0.634573467826174
2610,,3.16,0.6400431422284991,0.6371419600676631
2620,,3.16,0.6360310784527876,0.6337582787051167
2630,,3.14,0.6432751419336983,0.6406801340584476
2640,,3.12,0.6412611717145489,0.6381237996381232
2650,,3.12,0.6444846924825813,0.642118882823629
2660,,3.1,0.6471973468429134,0.6443940720704175
2670,,3.1,0.6444734324302456,0.6422821261016705
2680,,3.08,0.6509380315533787,0.6483894810802752
2690,,3.06,0.6458272079677808,0.6426556810371041
2700,,3.06,0.6533122274072352,0.6509607788054353
2710,,3.04,0.6525118027258439,0.6496312810999488
2720,,3.04,0.6548131791910847,0.6526163373265975
2730,,3.02,0.6571743373153357,0.6545203907829479
2740,,3.02,0.6554460381956085,0.6533711021593123
2750,,3.0,0.6605662534551652,0.6580905786227776
2760,,3.0,0.655945469808585,0.6539688876016297
2770,,2.98,0.6633034573173598,0.6609696965696826
2780,,2.98,0.656517524880036,0.6546213371781284
2790,,2.96,0.6656882257108307,0.6634681852190476
2800,,2.94,0.6610237120049814,0.6581836732165433
2810,,2.94,0.667933411805968,0.6658047860430374
2820,,2.92,0.6649908221095631,0.6622773752773911
2830,,2.92,0.6701863739300379,0.6681310756389852
2840,,2.9,0.6684043090143257,0.6657872067489846
2850,,2.9,0.6725441988252279,0.6705471039289658
2860,,2.88,0.671399398063251,0.6688524760886534
2870,,2.88,0.6750631821405078,0.6731111525301751
2880,,2.86,0.6740414023041488,0.6715410164536821
2890,,2.86,0.6777643482388434,0.6758454328488526
2900,,2.84,0.6763332764882212,0.6738569502112658
2910,,2.84,0.6805547020529225,0.6786571813541706
2920,,2.82,0.677980981841532,0.6755051971099729
2930,,2.82,0.6832424435785435,0.6813539550245505
2940,,2.8000000000000003,0.6790194644307511,0.6765199392766091
2950,,2.8000000000000003,0.6859741216424176,0.6840821633184337
2960,,2.7800000000000002,0.6793175646456361,0.6767674630123242
2970,,2.7800000000000002,0.6886297101233169,0.6867201616011265
2980,,2.7800000000000002,0.6823154817285231,0.6807345840077177
2990,,2.7600000000000002,0.6910385232019379,0.6890947241525477
3000,,2.7600000000000002,0.6866906534672945,0.6851022861753241
3010,,2.74,0.6929631418298662,0.6909647014833472
3020,,2.74,0.6910834520182877,0.6894766177711044
3030,,2.72,0.6940736214113777,0.691994807330231
3040,,2.72,0.6952961498138929,0.6936568949563374
3050,,2.7,0.693906099457674,0.6917135877795358
3060,,2.7,0.6990657534171445,0.6973760005852283
3070,,2.68,0.6917958393953552,0.6898976409081922
3080,,2.68,0.7020344528699055,0.7002703164403298
3090,,2.68,0.6974211331305127,0.6959631377412386
3100,,2.66,0.7037009498729713,0.7018302435560086
3110,,2.66,0.7028836706842136,0.7013794472554762
3120,,2.64,0.7030765283614632,0.7010543430216851
3130,,2.64,0.7071286475307849,0.7055530517647833
3140,,2.64,0.6993197508179957,0.6979766504228534
3150,,2.62,0.709873405380831,0.7081925511064272
3160,,2.62,0.7060746359810453,0.7046866255661955
3170,,2.6,0.7102751694317779,0.7084411485743582
3180,,2.6,0.7116178224484601,0.7101577378966912
3190,,2.58,0.707027006910603,0.7049705823749322
3200,,2.58,0.7152697866962932,0.7136992178470416
3210,,2.58,0.7105653535947605,0.7092524343234898
3220,,2.56,0.7159833966174787,0.7142465257139733
3230,,2.56,0.7168978725447693,0.7155055523527967
3240,,2.54,0.7120612181878645,0.7100746779241405
3250,,2.54,0.7207119352083656,0.7191936083488032
3260,,2.54,0.7166844115977605,0.7154163205332841
3270,,2.52,0.7205974349928971,0.7188831877740988
3280,,2.52,0.7230621242324975,0.7216977469569793
3290,,2.52,0.7155556413095856,0.714376556924041
3300,,2.5,0.7259335384515454,0.7244123395160077
3310,,2.5,0.7241465853151784,0.7228937862610919
3320,,2.48,0.7231973837699782,0.7214248155711733
3330,,2.48,0.7292583206720805,0.7278771095118413
3340,,2.48,0.7242768580433995,0.723106326611481
3350,,2.46,0.7290579129557239,0.7274629677388275
3360,,2.46,0.7312602370937521,0.7299824704366487
3370,,2.46,0.7241135010600258,0.7230054245898972
3380,,2.44,0.733336579315006,0.7318731149710382
3390,,2.44,0.7328442065608404,0.7316451029904495
3400,,2.42,0.7272536846729845,0.7254747077907001
3410,,2.42,0.736728897150556,0.7353641926320723
3420,,2.42,0.7343774744552064,0.7332393644602309
3430,,2.4,0.7326296932319601,0.7309749954270759
3440,,2.4,0.7396809381313111,0.7383910482292784
3450,,2.4,0.7361039595243223,0.7350138977860249
3460,,2.38,0.7369430834105131,0.735379034233853
3470,,2.38,0.7424749870776549,0.7412417022582709
3480,,2.38,0.7381805495114295,0.7371287186544656
3490,,2.36,0.7405340384996246,0.7390339862694577
3500,,2.36,0.7452779803391278,0.7440867555386732
3510,,2.36,0.7406975013304667,0.7396760875075917
3520,,2.34,0.743578132925617,0.7421196053788138
3530,,2.34,0.748168330003272,0.7470067873182822
3540,,2.34,0.74368959900772,0.742691946637457
3550,,2.32,0.7460940833796,0.7446565654273469
3560,,2.32,0.7509631607605602,0.7498194824457036
3570,,2.32,0.7467804677497076,0.745799660697597
3580,,2.3000000000000003,0.7475792409711611,0.7461412586080334
3590,,2.3000000000000003,0.7534820191592715,0.7523440785670759
3600,,2.3000000000000003,0.7501252180797651,0.7491546288913146
3610,,2.2800000000000002,0.7482680639472614,0.7468075870619134
3620,,2.2800000000000002,0.7558779835451511,0.7547332276742954
3630,,2.2800000000000002,0.7537527793067955,0.75278527734147
3640,,2.2600000000000002,0.7477862789078671,0.7462773721827325
3650,,2.2600000000000002,0.7579148169229586,0.7567483595229791
3660,,2.2600000000000002,0.7574917244966116,0.7565186742060103
3670,,2.2600000000000002,0.7504002465650589,0.7495330684437328
3680,,2.24,0.7592308488198114,0.7580238662080553
3690,,2.24,0.7610957579056058,0.760106102229992
3700,,2.24,0.7557132826688603,0.7548448681981499
3710,,2.22,0.7592800241157369,0.75800744304464
3720,,2.22,0.7642148200317802,0.7631937875690638
3730,,2.22,0.7609923284892826,0.7601137181526547
3740,,2.2,0.7572250772032786,0.7558520270742451
3750,,2.2,0.7663424026315973,0.7652695445041163
3760,,2.2,0.7658901138374851,0.764988848055625
3770,,2.2,0.7592852413037023,0.7584789044935436
3780,,2.18,0.7667187319983484,0.7655647735673732
3790,,2.18,0.7699220369255965,0.7689804262346823
3800,,2.18,0.7658329966495984,0.765011806107335
3810,,2.16,0.7638845751767501,0.7626054787274779
3820,,2.16,0.7719433471644375,0.7709346327862084
3830,,2.16,0.7711430388268966,0.7702900291323771
3840,,2.16,0.7645532380962988,0.7637867421688788
3850,,2.14,0.7712256681641231,0.7701107571308347
3860,,2.14,0.774930779451293,0.7740220446563734
3870,,2.14,0.771546643839703,0.7707562530055018
3880,,2.12,0.7659513304073546,0.7646693201852834
3890,,2.12,0.7761177813568402,0.7751169351611842
3900,,2.12,0.7769555313468913,0.7761181823087895
3910,,2.12,0.7718141026406493,0.7710696700175762
3920,,2.1,0.7728783329109007,0.7717276290317349
3930,,2.1,0.7797113308975847,0.778791739498271
3940,,2.1,0.7786643654811892,0.7778794935841764
3950,,2.1,0.7723526147324311,0.7716432017663345
3960,,2.08,0.777973497025299,0.7769149485389114
3970,,2.08,0.7826912571970208,0.7818305165321161
3980,,2.08,0.7804593226209702,0.7797139790800379
3990,,2.08,0.7734292554668767,0.7727475606031203
4000,,2.06,0.7819791819633755,0.7809849523284057
4010,,2.06,0.7854633980519259,0.7846454209979948
4020,,2.06,0.7825844625484374,0.7818693864499717
4030,,2.06,0.7752106675534592,0.7745516873454505
4040,,2.04,0.7853053999617557,0.7843543327113688
4050,,2.04,0.7882497018593836,0.7874621509437647
4060,,2.04,0.7850993793448637,0.7844073908057141
4070,,2.04,0.7775595013412656,0.7769192621096487
4080,,2.02,0.7877990879036297,0.7868729007178393
4090,,2.02,0.7906555213870998,0.7898871446278604
4100,,2.02,0.7876126300709312,0.7869369739633925
4110,,2.02,0.780336334082882,0.7797113017201014
4120,,2.0,0.7895874193373064,0.7886694450682435
4130,,2.0,0.7930608235421363,0.7923018058994232
4140,,2.0,0.7905801830703191,0.7899152263824569
4150,,2.0,0.783863217806232,0.7832504770101217
4160,,1.98,0.7906918115684598,0.7897650895186529
4170,,1.98,0.7953953560610841,0.7946354261457614
4180,,1.98,0.7938820496461161,0.7932216485960979
4190,,1.98,0.7880253390588419,0.7874214777112456
4200,,1.96,0.7907239560750223,0.7897685774247241
4210,,1.96,0.7973884714618187,0.7966154423236148
4220,,1.96,0.7973069799844924,0.7966436393801949
4230,,1.96,0.7926368893239699,0.7920374257175986
4240,,1.94,0.7890017129954767,0.7879919017252809
4250,,1.94,0.7985927863616558,0.7977908204880101
4260,,1.94,0.800528863564384,0.7998526702834319
4270,,1.94,0.7974302636984278,0.7968289571223512
4280,,1.94,0.7906118897427469,0.7900516256391638
4290,,1.92,0.7982914600144052,0.7974384596950949
4300,,1.92,0.8030573608291887,0.8023544263012151
4310,,1.92,0.8020311144274832,0.801419006801417
4320,,1.92,0.7969322792455037,0.7963727264363959
4330,,1.9000000000000001,0.7953124574335724,0.7943757441400964
4340,,1.9000000000000001,0.8040895733305985,0.8033394085463
4350,,1.9000000000000001,0.8057587103839855,0.8051223737886798
4360,,1.9000000000000001,0.8027161927190617,0.8021481206658089
4370,,1.9000000000000001,0.7961545186059499,0.7956240649295196
4380,,1.8800000000000001,0.8021279695239555,0.801298545246266
4390,,1.8800000000000001,0.8077225041218311,0.8070414916132754
4400,,1.8800000000000001,0.8074969708067281,0.806906776534408
4410,,1.8800000000000001,0.8032139009577317,0.802677357787115
4420,,1.8800000000000001,0.795749952262283,0.7952411549764347
4430,,1.86,0.8068563810867847,0.806098997509398
4440,,1.86,0.8105539595400139,0.8099209487501962
4450,,1.86,0.8091868208343965,0.808629914843113
4460,,1.86,0.8041663692923682,0.8036536787976857
4470,,1.84,0.8008418537936675,0.7999554802109191
4480,,1.84,0.8104467874042885,0.8097375702281567
4490,,1.84,0.8131135822865572,0.8125140543774437
4500,,1.84,0.8111650343506667,0.8106326356983408
4510,,1.84,0.8058114623989717,0.8053175956741173
4520,,1.82,0.8045435102791167,0.8037010955736593
4530,,1.82,0.8133616119046054,0.8126828820355659
4540,,1.82,0.815669671573842,0.8150927805271375
4550,,1.82,0.8135985323131115,0.8130841274860106
4560,,1.82,0.8082630482224797,0.80778444310371
4570,,1.8,0.806819076194407,0.8059968516625204
4580,,1.8,0.8157656149455441,0.8151026739817391
4590,,1.8,0.8183010076127104,0.8177376359728807
4600,,1.8,0.816519893746876,0.8160179877806847
4610,,1.8,0.8115272104921979,0.8110609008788274
4620,,1.78,0.8076038274415511,0.8067792809320031
4630,,1.78,0.8175796354861894,0.8169183751042561
4640,,1.78,0.8208621911001818,0.8203033588447864
4650,,1.78,0.8196734823958989,0.8191783678636495
4660,,1.78,0.8152262311366264,0.8147687646626761
4670,,1.78,0.8081049369930297,0.8076661126372991
4680,,1.76,0.8180243109637386,0.8173481683794686
4690,,1.76,0.82272222947744,0.8221571666763204
4700,,1.76,0.8226634063668153,0.8221681765146251
4710,,1.76,0.8191907299995647,0.8187378652778473
4720,,1.76,0.81299792058917,0.8125677841830309
4730,,1.74,0.8168454356038788,0.8161341326468815
4740,,1.74,0.8238522874956523,0.8232679603860913
4750,,1.74,0.8254809837811607,0.8249771368484602
4760,,1.74,0.8233733678614358,0.8229195827677017
4770,,1.74,0.8184060560022549,0.8179811463171818
4780,,1.72,0.8128894148920461,0.8121141501415335
4790,,1.72,0.8234568345532677,0.8228346913101969
4800,,1.72,0.8275510436967269,0.8270263641515888
4810,,1.72,0.8273184540291842,0.8268555526738275
4820,,1.72,0.823931180644756,0.8235059367843094
4830,,1.72,0.8179989454143028,0.817593872485337
4840,,1.7,0.82016920762487,0.8194807670159365
4850,,1.7,0.8279450460974384,0.8273808835370611
4860,,1.7,0.8303429752627496,0.8298583798195861
4870,,1.7,0.8290237140010157,0.8285893856607032
4880,,1.7,0.8248922769836643,0.8244878713802087
4890,,1.7,0.8184034994955344,0.8180137903665078
4900,,1.68,0.8250742127395899,0.8244404168145508
4910,,1.68,0.8313594102048717,0.8308330522588946
4920,,1.68,0.8328807848296318,0.8324235043242703
4930,,1.68,0.8310338726052526,0.8306201192652181
4940,,1.68,0.8265776392765235,0.8261893357876754
4950,,1.68,0.819882858228209,0.8195061853617809
4960,,1.6600000000000001,0.8284176166267827,0.8278156709644083
4970,,1.6600000000000001,0.8340693755921446,0.8335661758287496
4980,,1.6600000000000001,0.8352473721580002,0.8348079131328812
4990,,1.6600000000000001,0.8332241556991175,0.8328249047518644
5000,,1.6600000000000001,0.8286933250453898,0.8283174727030459
5010,,1.6600000000000001,0.8219909531691605,0.8216255280604974
5020,,1.6400000000000001,0.8301035127690708,0.8295142625507681
5030,,1.6400000000000001,0.8359948486474303,0.8355023833890183
5040,,1.6400000000000001,0.8374511800797014,0.8370215263533025
5050,,1.6400000000000001,0.835737561473605,0.8353478412026188
5060,,1.6400000000000001,0.8315507661109702,0.8311846443465929
5070,,1.6400000000000001,0.8252365581154479,0.8248814697083385
5080,,1.62,0.8304368497297878,0.8298424459252874
5090,,1.62,0.8373737651285743,0.8368803548459544
5100,,1.62,0.8396606199545923,0.8392331349288252
5110,,1.62,0.8386648418207434,0.8382797928912785
5120,,1.62,0.8351515130445757,0.8347922884784804
5130,,1.62,0.829517615471907,0.8291716228232086
5140,,1.6,0.8288018635026831,0.8281814686971972
5150,,1.6,0.837758623872175,0.8372505012140059
5160,,1.6,0.8415260949825462,0.8410916048713001
5170,,1.6,0.8417102915292939,0.8413238361715316
5180,,1.6,0.8392241071951922,0.838867889577192
5190,,1.6,0.8345645538254504,0.8342254048254063
5200,,1.6,0.8279594324036341,0.8276268179768472
5210,,1.58,0.8362571162634405,0.8357154220614744
5220,,1.58,0.842396584227603,0.8419424074458197
5230,,1.58,0.8443616760228686,0.8439651810998197
5240,,1.58,0.8433309292209589,0.8429718266102568
5250,,1.58,0.8399707394121324,0.8396344706092397
5260,,1.58,0.8346284892244681,0.834303873352473
5270,,1.56,0.8312093916045866,0.8306051756245131
5280,,1.56,0.8411271957616907,0.8406339374246078
5290,,1.56,0.8457759999169907,0.8453561835892429
5300,,1.56,0.8467698206076155,0.8463985018994199
5310,,1.56,0.845049447813353,0.8447093108138585
5320,,1.56,0.8411870843052189,0.8408654535687867
5330,,1.56,0.835448386878069,0.8351352719856387
5340,,1.54,0.835317156889342,0.8347521591599707
5350,,1.54,0.8441241429076103,0.8436586752416121
5360,,1.54,0.8481129667521734,0.8477137428226342
5370,,1.54,0.8487416623917139,0.848386348183831
5380,,1.54,0.8468570605781753,0.8465299856288924
5390,,1.54,0.8429340962617627,0.8426236184045114
5400,,1.54,0.8372053823582499,0.8369022138977494
5410,,1.52,0.8370454255577601,0.8364958007324276
5420,,1.52,0.8459171140204541,0.8454637284085609
5430,,1.52,0.8500586679918237,0.8496696573153188
5440,,1.52,0.8508944696864783,0.8505483740304621
5450,,1.52,0.8492580611977365,0.8489397884750381
5460,,1.52,0.8456220754754455,0.8453204087855121
5470,,1.52,0.8402237497285436,0.8399297589888394
5480,,1.5,0.8364839285121753,0.8359276588000482
5490,,1.5,0.8465064030438837,0.8460503525391123
5500,,1.5,0.8515365934659962,0.8511478516216702
5510,,1.5,0.8531085707746401,0.8527650350484124
5520,,1.5,0.8521279681805433,0.8518141916649151
5530,,1.5,0.8491185083479923,0.8488231290243244
5540,,1.5,0.8443579199903589,0.8440720295378326
5550,,1.5,0.8379511475417335,0.8376672004990883
5560,,1.48,0.8452517009299919,0.84477564883846
5570,,1.48,0.8520596129603021,0.851659301899492
5580,,1.48,0.854988933975301,0.8546398400231383
5590,,1.48,0.8551235248616152,0.854808733362457
5600,,1.48,0.8531032636516116,0.8528105689005492
5610,,1.48,0.8492882480450875,0.8490083278393433
5620,,1.48,0.8438492416458651,0.843574462060328
5630,,1.46,0.840733055789831,0.8402125340351029
5640,,1.46,0.8506145618235972,0.8501859292907459
5650,,1.46,0.8557691447398497,0.8554028567060744
5660,,1.46,0.8576254066499888,0.8573014367451652
5670,,1.46,0.8569775406013969,0.856681732363527
5680,,1.46,0.8543791341399054,0.8541010735688754
5690,,1.46,0.8501097403815826,0.8498412640351313
5700,,1.46,0.8442830758619781,0.8440172991209873
5710,,1.44,0.8449469074700608,0.8444626452982538
5720,,1.44,0.8536881209550206,0.8532855655327868
5730,,1.44,0.8581420068069707,0.8577952121583239
5740,,1.44,0.8595600325847437,0.8592512183325918
5750,,1.44,0.8586959367904278,0.8584124392549377
5760,,1.44,0.8559934906160703,0.8557258399071068
5770,,1.44,0.8516922332959265,0.851432907925702
5780,,1.44,0.8458855621006862,0.8456281397094421
5790,,1.42,0.8463673755160519,0.8458957467631445
5800,,1.42,0.8552218902188315,0.8548294319275674
5810,,1.42,0.859852840989374,0.8595146859327545
5820,,1.42,0.8614874563833338,0.8611865010547055
5830,,1.42,0.8608704119734925,0.8605944477279983
5840,,1.42,0.8584447008869102,0.8581845949839719
5850,,1.42,0.8544543230245956,0.8542028365108166
5860,,1.42,0.8490013410108841,0.848752322240645
5870,,1.4000000000000001,0.8450253546145639,0.8445443305504231
5880,,1.4000000000000001,0.8551802899264244,0.8547827963914908
5890,,1.4000000000000001,0.8608080921938841,0.8604681089823839
5900,,1.4000000000000001,0.863254477193493,0.8629541642469901
5910,,1.4000000000000001,0.8633424602207362,0.8630691674104635
5920,,1.4000000000000001,0.86156994998058,0.8613143147272517
5930,,1.4000000000000001,0.8582229789626871,0.8579776943403133
5940,,1.4000000000000001,0.8534397664637086,0.8531987507130144
5950,,1.4000000000000001,0.8472449188376265,0.8470027169376538
5960,,1.3800000000000001,0.8526656200391562,0.8522445940863591
5970,,1.3800000000000001,0.8603270768917359,0.8599723292588671
5980,,1.3800000000000001,0.8643163698790919,0.8640075936963799
5990,,1.3800000000000001,0.8656494634309048,0.8653724517040116
6000,,1.3800000000000001,0.8649508746325676,0.8646953130287278
6010,,1.3800000000000001,0.8625952024799478,0.8623532487704978
6020,,1.3800000000000001,0.8587885893518429,0.8585539334338418
6030,,1.3800000000000001,0.8536143895464007,0.8533815993636885
6040,,1.3800000000000001,0.8470562654120546,0.8468202945364339
6050,,1.36,0.8569384852355414,0.8565496320039261
6060,,1.36,0.8635209232697442,0.8631899163924962
6070,,1.36,0.8668099974435723,0.8665193132732563
6080,,1.36,0.8676822550134322,0.8674194820806854
6090,,1.36,0.866673877309129,0.8664298791638613
6100,,1.36,0.8641051515585668,0.863872877758521
6110,,1.36,0.8601479417538409,0.8599216297891583
6120,,1.36,0.8548633528265444,0.8546379624810484
6130,,1.36,0.8482201617361672,0.8479909394702095
6140,,1.34,0.8583765274132765,0.8579995064957882
6150,,1.34,0.8649909456903627,0.864669485377994
6160,,1.34,0.8683926108113922,0.8681100915407298
6170,,1.34,0.8694248160166431,0.8691694112364379
6180,,1.34,0.8686120898561964,0.8683750684510118
6190,,1.34,0.8662711123235995,0.8660457286670422
6200,,1.34,0.8625753919788551,0.862356137963828
6210,,1.34,0.8575917985666899,0.8573738728081935
6220,,1.34,0.8512989069666489,0.8510778071694957
6230,,1.32,0.8573491994805267,0.8569657663913269
6240,,1.32,0.8650565958539832,0.8647318545456225
6250,,1.32,0.86932740196519,0.8690439998868942
6260,,1.32,0.8710895244538682,0.8708351637498009
6270,,1.32,0.870925997742305,0.8706916669754388
6280,,1.32,0.8691964953172213,0.8689753120185746
6290,,1.32,0.8661089805574954,0.8658954155851866
6300,,1.32,0.861761142213749,0.8615504770803099
6310,,1.32,0.8561626341347505,0.8559505548525661
6320,,1.3,0.852646389410704,0.8522342979833045
6330,,1.3,0.8628043570150459,0.8624605459916933
6340,,1.3,0.8688989113068776,0.8686033270097295
6350,,1.3,0.8720880715726623,0.8718266453639861
6360,,1.3,0.8731053459094723,0.8728679267701177
6370,,1.3,0.8724131140517118,0.8721921128492743
6380,,1.3,0.87029401437379,0.8700835042914342
6390,,1.3,0.8669050210779856,0.8667001224102835
6400,,1.3,0.8623084057367199,0.8621048434015843
6410,,1.3,0.8564875082820148,0.8562812684495835
6420,,1.28,0.8560671679782862,0.8556800114384344
6430,,1.28,0.8655046423344659,0.8651794604849804
6440,,1.28,0.8711828330697392,0.8709016930157975
6450,,1.28,0.8741462811388662,0.8738964936285603
6460,,1.28,0.875061533426437,0.8748338631594056
6470,,1.28,0.8743454405952265,0.8741329196307901
6480,,1.28,0.8722079425532071,0.872005042730376
6490,,1.28,0.8688416053557668,0.8686437768924319
6500,,1.28,0.8643008001583498,0.8641040301150115
6510,,1.28,0.8585656000919409,0.8583661008155407
6520,,1.26,0.8554845953525891,0.8550984835959515
6530,,1.26,0.8655742280983783,0.8652506492578229
6540,,1.26,0.8717853468895134,0.8715063889156737
6550,,1.26,0.8752006345129774,0.8749536069952322
6560,,1.26,0.8765153389950279,0.8762910129032996
6570,,1.26,0.8761743817014604,0.87596582026417
6580,,1.26,0.8744553180897798,0.8742570926170481
6590,,1.26,0.8715182556466262,0.8713259051960794
6600,,1.26,0.8674350916070103,0.8672447334626824
6610,,1.26,0.862205119730959,0.8620131488088546
6620,,1.26,0.8557608057855166,0.8555636398072387
6630,,1.24,0.8623672907644432,0.8620269715572579
6640,,1.24,0.870318660045812,0.8700286372469851
6650,,1.24,0.875081248944666,0.8748273927999151
6660,,1.24,0.8774892963098406,0.8772614195528108
6670,,1.24,0.8780825044389834,0.877873049850474
6680,,1.24,0.8772061090197758,0.8770092694873587
6690,,1.24,0.87507183910486,0.8748829572286106
6700,,1.24,0.8717946014398713,0.8716097457827102
6710,,1.24,0.8674135547160255,0.8672292043783515
6720,,1.24,0.8619024695952332,0.8617152605977085
6730,,1.24,0.8551719012831118,0.8549784010116572
6740,,1.22,0.8651682106582369,0.8648481161885156
6750,,1.22,0.8725346571856754,0.8722600666528003
6760,,1.22,0.8769491984979225,0.8767075187488507
6770,,1.22,0.8791617337422305,0.8789438014596818
6780,,1.22,0.8796607435928347,0.8794596986453594
6790,,1.22,0.878760172334468,0.878570696044034
6800,,1.22,0.8766527507746708,0.876470541076154
6810,,1.22,0.873442257920097,0.8732636549612042
6820,,1.22,0.8691620659811012,0.8689837702637404
6830,,1.22,0.8637841340632362,0.8636029772472334
6840,,1.22,0.8572205902343616,0.8570333292787851
6850,,1.2,0.8645758169689259,0.8642560533287841
6860,,1.2,0.8726337647945487,0.8723602499542211
6870,,1.2,0.877632071868756,0.877392172709999
6880,,1.2,0.8803563789391761,0.880140899998917
6890,,1.2,0.881322538935846,0.8811246093007408
6900,,1.2,0.8808663365206592,0.8806806534913377
6910,,1.2,0.8791990639605761,0.879021371492501
6920,,1.2,0.8764081515082521,0.8762348388786775
6930,,1.2,0.8725327452937136,0.8723605902795887
6940,,1.2,0.8675986193938348,0.8674246106506781
6950,,1.2,0.8615379815347053,0.8613590917011619
6960,,1.18,0.8592818666691611,0.8589405209795281
6970,,1.18,0.8694671766650881,0.8691786039684988
6980,,1.18,0.8760701586880351,0.8758200422749636
6990,,1.18,0.8800494829738261,0.8798274701238903
7000,,1.18,0.8820381949705236,0.8818366326065021
7010,,1.18,0.8824538479756985,0.8822669185777149
7020,,1.18,0.8815673276666819,0.8813904557295005
7030,,1.18,0.8795456894998477,0.8793751255095008
7040,,1.18,0.876478358369351,0.8763108767597189
7050,,1.18,0.8723922566412835,0.8722249244544902
7060,,1.18,0.8672590477176381,0.8670890335804072
7070,,1.18,0.8609961306232552,0.8608205312529891
7080,,1.16,0.8604298731258002,0.860102263023214
7090,,1.16,0.8704061511407096,0.8701280464085033
7100,,1.16,0.8769381437925026,0.8766963319156359
7110,,1.16,0.8809312568167977,0.88071611601471
7120,,1.16,0.8829879632897647,0.8827923356281012
7130,,1.16,0.8835086051780415,0.8833270199688404
7140,,1.16,0.8827549419116446,0.8825830779893221
7150,,1.16,0.8808900408344278,0.8807243469607151
7160,,1.16,0.8780028896999631,0.8778403073805137
7170,,1.16,0.8741227704312575,0.873960520853359
7180,,1.16,0.869226311280009,0.8690617192988882
7190,,1.16,0.8632387395985353,0.8630690744031693
7200,,1.1400000000000001,0.8562240845719917,0.8558856373638318
7210,,1.1400000000000001,0.8677377663029151,0.8674521170877016
7220,,1.1400000000000001,0.8754666167923738,0.875219829874257
7230,,1.1400000000000001,0.8804222849531746,0.8802042101988818
7240,,1.1400000000000001,0.8832820917524588,0.8830852006628311
7250,,1.1400000000000001,0.8845003059478127,0.8843188799429316
7260,,1.1400000000000001,0.8843790016406433,0.8842085675911366
7270,,1.1400000000000001,0.8831130346971778,0.8829499673194082
7280,,1.1400000000000001,0.8808183086943334,0.8806595429916569
7290,,1.1400000000000001,0.8775489584488514,0.8773917728691384
7300,,1.1400000000000001,0.8733068084747159,0.8731486511910019
7310,,1.1400000000000001,0.8680449868092487,0.867883324877534
7320,,1.1400000000000001,0.8616665565454813,0.8614987318668853
7330,,1.12,0.859373796416745,0.8590576432009059
7340,,1.12,0.8700431065917985,0.8697742361299462
7350,,1.12,0.8772423536957399,0.8770085244093806
7360,,1.12,0.8818716088410825,0.8816638207460118
7370,,1.12,0.8845385576642304,0.8843500711996974
7380,,1.12,0.8856536508054759,0.8854792978730391
7390,,1.12,0.8854912071223331,0.8853269075607807
7400,,1.12,0.884137420227279,0.8839797441275666
7410,,1.12,0.8817447471299819,0.8815907997689667
7420,,1.12,0.8783863534860422,0.8782335650495253
7430,,1.12,0.8740560925976377,0.8739020307054037
7440,,1.12,0.8687003112194762,0.8685425412367785
7450,,1.12,0.8622157578685973,0.8620517075750149
7460,,1.1,0.8557644198555452,0.8554442970794879
7470,,1.1,0.8674014143707967,0.8671296423042415
7480,,1.1,0.8753556595266659,0.8751198479899676
7490,,1.1,0.8805837745472102,0.8803747890481798
7500,,1.1,0.8837346929018841,0.8835456871329879
7510,,1.1,0.8852491323342578,0.8850748609823884
7520,,1.1,0.8854239902563006,0.8852603235878298
7530,,1.1,0.8844538463669015,0.8842974238223822
7540,,1.1,0.8824574417277375,0.8823054188781548
7550,,1.1,0.8794940646502083,0.8793439212471286
7560,,1.1,0.8755728442555127,0.875422230403663
7570,,1.1,0.8706566761729113,0.8705032796560778
7580,,1.1,0.8646616178624594,0.864503039204882
7590,,1.1,0.8574519109129942,0.85728553450739
7600,,1.08,0.8583354616293484,0.8580387086106092
7610,,1.08,0.8688854824136351,0.8686309444379734
7620,,1.08,0.876118974396559,0.8758960822598046
7630,,1.08,0.8808623434401115,0.8806632081046816
7640,,1.08,0.883681447913612,0.8835000798059538
7650,,1.08,0.8849632861978693,0.8847950354481241
7660,,1.08,0.8849693932927267,0.8848105493423359
7670,,1.08,0.8838705379622231,0.8837180396454406
7680,,1.08,0.8817689531616724,0.88162017341218
7690,,1.08,0.8787120302693707,0.8785646097464929
7700,,1.08,0.874699873965313,0.8745515849573453
7710,,1.08,0.8696880779202084,0.8695367044421048
7720,,1.08,0.8635863402484605,0.8634295629209436
7730,,1.08,0.8562529492793776,0.8560882248409555
7740,,1.06,0.854028577004349,0.8537288986862979
7750,,1.06,0.8655589754628713,0.8653020428299434
7760,,1.06,0.8735996321458592,0.8733749419408069
7770,,1.06,0.879018086868452,0.8788177551172972
7780,,1.06,0.8824132065815334,0.8822312282983945
7790,,1.06,0.8841983041481316,0.8840300133462182
7800,,1.06,0.8846561656518199,0.8844978448338426
7810,,1.06,0.8839752393572692,0.8838238350264577
7820,,1.06,0.8822731608225345,0.8821260719740386
7830,,1.06,0.8796115910096579,0.8794665064442823
7840,,1.06,0.8760048487579813,0.8758596155595274
7850,,1.06,0.8714238009569472,0.871276310841617
7860,,1.06,0.865795751941027,0.8656438348795794
7870,,1.06,0.8590005160864873,0.8588418320263302
7880,,1.06,0.8508623689779362,0.850694288987347
7890,,1.04,0.855595871414112,0.8553148469048124
7900,,1.04,0.8663278695706338,0.8660848188479151
7910,,1.04,0.8736556171428862,0.8734413114498569
7920,,1.04,0.8784499515249089,0.8782573313372205
7930,,1.04,0.8813115743444493,0.8811352274729651
7940,,1.04,0.8826084854339771,0.8824441582266103
7950,,1.04,0.8825893661550497,0.8824336220912958
7960,,1.04,0.8814150362569405,0.8812650046796769
7970,,1.04,0.879178619119742,0.879031805461531
7980,,1.04,0.8759177991628281,0.8757719356451865
7990,,1.04,0.8716212341809089,0.8714741554095379
8000,,1.04,0.8662302660055212,0.8660797974676046
8010,,1.04,0.8596363934735807,0.8594802430972213
8020,,1.04,0.8516744148073125,0.8515100588677821
8030,,1.04,0.8421106286547619,0.841935183806037
8040,,1.02,0.8460657993946613,0.8457784207857564
8050,,1.02,0.8576582585956801,0.857408658917559
8060,,1.02,0.8658058435718102,0.8655850522914863
8070,,1.02,0.8713138689649167,0.8711150099075164
8080,,1.02,0.874744841396202,0.8745625702365064
8090,,1.02,0.8764895547386237,0.876319635014809
8100,,1.02,0.8768150202853771,0.8766540076163012
8110,,1.02,0.8758963516541106,0.8757413570890323
8120,,1.02,0.8738375105693756,0.8736860194898662
8130,,1.02,0.8706841351123579,0.8705338635907851
8140,,1.02,0.8664304653390891,0.8662792401686397
8150,,1.02,0.8610215179074692,0.8608671695491394
8160,,1.02,0.8543510157237711,0.8541912753793476
8170,,1.02,0.8453945676248308,0.8452259797829339
8180,,1.02,0.8329942101367204,0.8328119021962395
8190,,1.0,0.8229433628822248,0.8226245956329945
8200,,1.0,0.8370544067128468,0.8367777137841115
8210,,1.0,0.8467521851648427,0.8465072308864351
8220,,1.0,0.8530592900641931,0.8528381362213984
8230,,1.0,0.8566757596679717,0.8564722218380506
8240,,1.0,0.8580725655792126,0.8578817155968737
8250,,1.0,0.8575538494975254,0.857371639831627
8260,,1.0,0.8552970840839522,0.8551200631915431
8270,,1.0,0.8513775888134938,0.8512026802668619
8280,,1.0,0.8457815418601166,0.8456058657868372
8290,,1.0,0.8384099146388168,0.8382306352270792
8300,,1.0,0.8173484820783044,0.8171515262465522
8310,,1.0,0.7875825872343436,0.787359395758449
8320,,1.0,0.7476440997944596,0.7473863637404108
8330,,0.98,0.6837225496903155,0.6833081639362631
8340,,0.98,0.6494450784363281,0.6490474447992015
8350,,0.98,0.6158647913254721,0.6154863373422141
8360,,0.98,0.5829859312486086,0.5826276489539833
8370,,0.98,0.5509581084220769,0.5506199873079634
8380,,0.98,0.5400998444667888,0.5397847355154894
8390,,0.98,0.5436992771218963,0.5434071403654336
8400,,0.98,0.5451071966137397,0.5448347441098018
8410,,0.98,0.5447184780846939,0.5444627081141075
8420,,0.98,0.5428478921734793,0.5426061253243767
8430,,0.98,0.5397433484865246,0.5395132230879311
8440,,0.98,0.5355980967480677,0.5353775437620794
8450,,0.98,0.5300291567470373,0.5298163513689196
8460,,0.98,0.5215921690108286,0.5213854012174761
8470,,0.98,0.5122929460068532,0.5120907247910191
8480,,0.98,0.5021853025823345,0.5019863159772344
8490,,0.98,0.4913025457489897,0.49110562919022294
8500,,0.96,0.48503837186924426,0.48446831701259657
8510,,0.96,0.5194779018259438,0.5189608958195651
8520,,0.96,0.5454898983055757,0.5450258158362121
8530,,0.96,0.564371229306983,0.5639558896211619
8540,,0.96,0.5774080199862354,0.5770355364152178
8550,,0.96,0.5857331087190482,0.5853972604317419
8560,,0.96,0.5902829659046913,0.5899778923394298
8570,,0.96,0.5918036502017656,0.5915241389703739
8580,,0.96,0.5908762133686811,0.5906177687427421
8590,,0.96,0.587946535825782,0.5877053410739557
8600,,0.96,0.5833530092671967,0.583125845670615
8610,,0.96,0.5773498100856718,0.5771339649402514
8620,,0.96,0.5701254986666336,0.5699186774565069
8630,,0.96,0.5618174704198823,0.5616177192895072
8640,,0.96,0.5525230088282514,0.5523286489799826
8650,,0.96,0.5423076748939327,0.5421172484949666
8660,,0.96,0.5312116679859189,0.5310238944013946
8670,,0.96,0.5192546800831019,0.5190684211214317
8680,,0.96,0.5064396675725451,0.506253900603215
8690,,0.9400000000000001,0.5267432459623678,0.5262169157162974
8700,,0.9400000000000001,0.5557905131651616,0.5553199133218708
8710,,0.9400000000000001,0.5772858889316126,0.5768667646463012
8720,,0.9400000000000001,0.5925852356110578,0.5922113791415962
8730,,0.9400000000000001,0.6028968852557364,0.6025616886562727
8740,,0.9400000000000001,0.609225338483149,0.6089225763360369
8750,,0.9400000000000001,0.6123732327165025,0.6120973840419897
8760,,0.9400000000000001,0.6129669568526499,0.6127132801564877
8770,,0.9400000000000001,0.6114882199470936,0.6112527102112603
8780,,0.9400000000000001,0.6083037532997955,0.608083051693622
8790,,0.9400000000000001,0.603690400637277,0.6034816928843607
8800,,0.9400000000000001,0.597855189522619,0.5976561095046574
8810,,0.9400000000000001,0.5909509100989887,0.5907594551623258
8820,,0.9400000000000001,0.5830879979530048,0.5829024574245671
8830,,0.9400000000000001,0.5743435075478384,0.5741624037508996
8840,,0.9400000000000001,0.5647678524763418,0.5645898927184095
8850,,0.9400000000000001,0.5543898603615298,0.554213898227649
8860,,0.9400000000000001,0.5432205752798884,0.5430455797350059
8870,,0.9400000000000001,0.5312561498254664,0.5310811809282212
8880,,0.92,0.54016008576785,0.539634773598485
8890,,0.92,0.5706748151766418,0.5702078333189113
8900,,0.92,0.5934594852176004,0.5930458494535927
8910,,0.92,0.6099293829943179,0.6095623056886579
8920,,0.92,0.6213373258047872,0.6210097781026015
8930,,0.92,0.6287196114372736,0.628425080514113
8940,,0.92,0.6329013370296998,0.6326341153058823
8950,,0.92,0.634524970505811,0.634280201810027
8960,,0.92,0.6340841318580621,0.6338577461884974
8970,,0.92,0.6319548308331734,0.6317434380893748
8980,,0.92,0.6284215837700822,0.6282223610519655
8990,,0.92,0.6236981591814623,0.6235087468743371
9000,,0.92,0.6179435952333725,0.6177620072366393
9010,,0.92,0.6112743653355005,0.6110989141155371
9020,,0.92,0.6037735281747931,0.6036027633360355
9030,,0.92,0.5954975676120345,0.5953302260263359
9040,,0.92,0.5858177247225225,0.5856525889447911
9050,,0.92,0.5753023789313193,0.5751384212282179
9060,,0.92,0.5640044886553226,0.5638407795285123
9070,,0.92,0.5519085547496521,0.5517442338613345
9080,,0.9,0.5581850085161184,0.5576738768645705
9090,,0.9,0.5882767462703603,0.5878258767004642
9100,,0.9,0.6106158795455384,0.6102188584389232
9110,,0.9,0.626689827147729,0.6263390395741711
9120,,0.9,0.6377782494610973,0.6374662503021867
9130,,0.9,0.6449200566971123,0.6446401701473641
9140,,0.9,0.6489317829032746,0.6486782823357345
9150,,0.9,0.6504433708656173,0.650211456071041
9160,,0.9,0.6499355532635575,0.6497212444600228
9170,,0.9,0.647772663395683,0.6475726721364838
9180,,0.9,0.6442292715521585,0.6440408759908145
9190,,0.9,0.6395109448935478,0.6393318800683194
9200,,0.9,0.6337700644038058,0.6335984301323745
9210,,0.9,0.6271177199263718,0.6269519053652557
9220,,0.9,0.6196325864939096,0.6194712091245889
9230,,0.9,0.6113675139469498,0.611209370506071
9240,,0.9,0.6023543981641784,0.6021984252379682
9250,,0.9,0.5926077666305095,0.5924530089958018
9260,,0.9,0.5821274061579735,0.5819729913452296
9270,,0.9,0.5709002841043257,0.5707454020324545
9280,,0.9,0.5589019615720323,0.5587458484499063
9290,,0.88,0.5775555133960739,0.5770782420638936
9300,,0.88,0.6053452676678626,0.6049255377411844
9310,,0.88,0.6259536107765217,0.6255843405010932
9320,,0.88,0.6407956878293496,0.6404692872222578
9330,,0.88,0.6510598608379065,0.650769223215455
9340,,0.88,0.6576991510978645,0.6574380422515333
9350,,0.88,0.6614582646734283,0.6612213994086347
9360,,0.88,0.6629105878917444,0.6626935636696224
9370,,0.88,0.6624938404618552,0.6622930182378266
9380,,0.88,0.6605403599366559,0.6603527359904912
9390,,0.88,0.6573013070511226,0.6571243948039835
9400,,0.88,0.652965389488391,0.6527971178675488
9410,,0.88,0.6476730814213661,0.6475117105390912
9420,,0.88,0.6415273080520105,0.6413713605581555
9430,,0.88,0.6346014218064481,0.6344496275089396
9440,,0.88,0.6269451282467117,0.6267963795723633
9450,,0.88,0.618588867965057,0.6184421841106016
9460,,0.88,0.6095470369710363,0.6094015349614798
9470,,0.88,0.5998203335212687,0.5996752047598145
9480,,0.88,0.5893974494713409,0.5892519406995526
9490,,0.88,0.5782562754892372,0.5781096733743017
9500,,0.88,0.566364757476395,0.5662163763128848
9510,,0.86,0.5976607113800272,0.5972181896654529
9520,,0.86,0.623097092015997,0.6227088270629408
9530,,0.86,0.6419469822561767,0.6416055272576897
9540,,0.86,0.6555366309675065,0.6552345826554451
9550,,0.86,0.6649568177217071,0.6646874850121431
9560,,0.86,0.6710730564734758,0.670830678529254
9570,,0.86,0.6745583721791445,0.6743381147309383
9580,,0.86,0.6759302050982958,0.6757280628834474
9590,,0.86,0.6755838326660079,0.6753965032833285
9600,,0.86,0.6738199817908097,0.6736447413220095
9610,,0.86,0.6708665984914065,0.6707011910680241
9620,,0.86,0.6668955759547667,0.6667381206074594
9630,,0.86,0.6620354233711073,0.6618843375497809
9640,,0.86,0.6563807801362082,0.6562347177837311
9650,,0.86,0.6499995232366981,0.649857324945214
9660,,0.86,0.6428307112705154,0.6426913460782825
9670,,0.86,0.6349303683925736,0.6347929219752376
9680,,0.86,0.6263782011751409,0.626241858164463
9690,,0.86,0.6171745095011353,0.6170385212677296
9700,,0.86,0.6073082990644773,0.607171966032094
9710,,0.86,0.5967583107337644,0.5966209678464984
9720,,0.86,0.5854937092122796,0.5853547140414889
9730,,0.84,0.585228870725848,0.5847616991806488
9740,,0.84,0.6160659998671435,0.6156564807526015
9750,,0.84,0.6393795620669587,0.6390207978742619
9760,,0.84,0.6566269003356767,0.6563113609101837
9770,,0.84,0.669047734327922,0.668768316098616
9780,,0.84,0.6776449781772368,0.6773954305140936
9790,,0.84,0.6832075685648336,0.6829825885247347
9800,,0.84,0.6863464833797575,0.6861416571316967
9810,,0.84,0.687530839120365,0.6873425253528404
9820,,0.84,0.6871191277896612,0.6869443297510336
9830,,0.84,0.6853844605910008,0.685220707211545
9840,,0.84,0.6825342434408626,0.6823794867843694
9850,,0.84,0.6787252076569275,0.6785777377612973
9860,,0.84,0.6740747629470214,0.6739331385129037
9870,,0.84,0.6686695162611188,0.6685325087917794
9880,,0.84,0.6625716364148376,0.6624381853475653
9890,,0.84,0.6558235901596718,0.6556927667871486
9900,,0.84,0.6484516474351938,0.6483226257702014
9910,,0.84,0.6404684533534903,0.6403404864440432
9920,,0.84,0.6318748883048231,0.6317472888221287
9930,,0.84,0.6226613819643921,0.622533506154859
9940,,0.84,0.6128088063812541,0.6126800407008762
9950,,0.84,0.6022890460612916,0.6021587960066662
9960,,0.84,0.5910653256463617,0.5909330064740427
9970,,0.8200000000000001,0.6018862511540005,0.6014507249784683
9980,,0.8200000000000001,0.6307745592404242,0.6303933612507555
9990,,0.8200000000000001,0.6526548804656411,0.6523209243621053
10000,,0.8200000000000001,0.66890436026309,0.6686103838217795
