Energy1[eV]	Photons1	Energy3[eV]	Photons3	Energy5[eV]	Photons5
144.700	1.860420E+15	434.000	8.018520E+14	723.300	4.082380E+14
146.600	1.857540E+15	437.800	7.987900E+14	727.800	4.062290E+14
148.500	1.854620E+15	441.600	7.957120E+14	732.300	4.042160E+14
150.500	1.851660E+15	445.500	7.926160E+14	736.800	4.022010E+14
152.400	1.848660E+15	449.300	7.895030E+14	741.300	4.001840E+14
154.400	1.845610E+15	453.100	7.863740E+14	745.800	3.981640E+14
156.300	1.842530E+15	456.900	7.832280E+14	750.300	3.961420E+14
158.200	1.839400E+15	460.700	7.800660E+14	754.800	3.941170E+14
160.200	1.836230E+15	464.500	7.768880E+14	759.300	3.920910E+14
162.100	1.833020E+15	468.400	7.736950E+14	763.800	3.900620E+14
164.100	1.829770E+15	472.200	7.704860E+14	768.300	3.880320E+14
166.000	1.826480E+15	476.000	7.672620E+14	772.800	3.860000E+14
167.900	1.823140E+15	479.800	7.640220E+14	777.200	3.839660E+14
169.900	1.819770E+15	483.600	7.607680E+14	781.700	3.819310E+14
171.800	1.816350E+15	487.400	7.574990E+14	786.200	3.798940E+14
173.700	1.812890E+15	491.300	7.542160E+14	790.700	3.778560E+14
175.700	1.809380E+15	495.100	7.509180E+14	795.200	3.758170E+14
177.600	1.805840E+15	498.900	7.476070E+14	799.700	3.737770E+14
179.600	1.802250E+15	502.700	7.442820E+14	804.200	3.717360E+14
181.500	1.798620E+15	506.500	7.409430E+14	808.700	3.696940E+14
183.400	1.794950E+15	510.300	7.375920E+14	813.200	3.676520E+14
185.400	1.791240E+15	514.200	7.342260E+14	817.700	3.656090E+14
187.300	1.787480E+15	518.000	7.308490E+14	822.200	3.635660E+14
189.300	1.783680E+15	521.800	7.274580E+14	826.700	3.615220E+14
191.200	1.779840E+15	525.600	7.240550E+14	831.200	3.594780E+14
193.100	1.775960E+15	529.400	7.206400E+14	835.600	3.574340E+14
195.100	1.772030E+15	533.200	7.172140E+14	840.100	3.553890E+14
197.000	1.768060E+15	537.100	7.137750E+14	844.600	3.533450E+14
199.000	1.764050E+15	540.900	7.103250E+14	849.100	3.513020E+14
200.900	1.760000E+15	544.700	7.068640E+14	853.600	3.492580E+14
202.800	1.755900E+15	548.500	7.033920E+14	858.100	3.472150E+14
204.800	1.751760E+15	552.300	6.999090E+14	862.600	3.451720E+14
206.700	1.747580E+15	556.100	6.964150E+14	867.100	3.431310E+14
208.600	1.743360E+15	560.000	6.929120E+14	871.600	3.410900E+14
210.600	1.739090E+15	563.800	6.893980E+14	876.100	3.390490E+14
212.500	1.734780E+15	567.600	6.858740E+14	880.600	3.370100E+14
214.500	1.730420E+15	571.400	6.823410E+14	885.100	3.349720E+14
216.400	1.726030E+15	575.200	6.787980E+14	889.500	3.329350E+14
218.300	1.721590E+15	579.000	6.752460E+14	894.000	3.308990E+14
220.300	1.717100E+15	582.900	6.716850E+14	898.500	3.288650E+14
222.200	1.712580E+15	586.700	6.681160E+14	903.000	3.268320E+14
224.200	1.708010E+15	590.500	6.645380E+14	907.500	3.248010E+14
226.100	1.703390E+15	594.300	6.609510E+14	912.000	3.227710E+14
228.000	1.698740E+15	598.100	6.573570E+14	916.500	3.207440E+14
230.000	1.694040E+15	601.900	6.537550E+14	921.000	3.187180E+14
231.900	1.689290E+15	605.800	6.501460E+14	925.500	3.166940E+14
233.800	1.684510E+15	609.600	6.465290E+14	930.000	3.146730E+14
235.800	1.679680E+15	613.400	6.429050E+14	934.500	3.126530E+14
237.700	1.674800E+15	617.200	6.392750E+14	939.000	3.106360E+14
239.700	1.669880E+15	621.000	6.356380E+14	943.400	3.086210E+14
241.600	1.664920E+15	624.800	6.319940E+14	947.900	3.066090E+14
243.500	1.659920E+15	628.700	6.283440E+14	952.400	3.046000E+14
245.500	1.654870E+15	632.500	6.246890E+14	956.900	3.025930E+14
247.400	1.649780E+15	636.300	6.210280E+14	961.400	3.005880E+14
249.400	1.644640E+15	640.100	6.173610E+14	965.900	2.985870E+14
251.300	1.639460E+15	643.900	6.136890E+14	970.400	2.965890E+14
253.200	1.634240E+15	647.700	6.100130E+14	974.900	2.945940E+14
255.200	1.628970E+15	651.600	6.063310E+14	979.400	2.926020E+14
257.100	1.623660E+15	655.400	6.026450E+14	983.900	2.906130E+14
259.000	1.618300E+15	659.200	5.989550E+14	988.400	2.886280E+14
261.000	1.612900E+15	663.000	5.952610E+14	992.900	2.866460E+14
262.900	1.607450E+15	666.800	5.915630E+14	997.400	2.846670E+14
264.900	1.601970E+15	670.600	5.878610E+14	1002.000	2.826930E+14
266.800	1.596430E+15	674.500	5.841560E+14	1006.000	2.807210E+14
268.700	1.590860E+15	678.300	5.804480E+14	1011.000	2.787540E+14
270.700	1.585240E+15	682.100	5.767380E+14	1015.000	2.767910E+14
272.600	1.579570E+15	685.900	5.730240E+14	1020.000	2.748310E+14
274.600	1.573860E+15	689.700	5.693080E+14	1024.000	2.728760E+14
276.500	1.568110E+15	693.500	5.655910E+14	1029.000	2.709250E+14
278.400	1.562310E+15	697.400	5.618710E+14	1033.000	2.689780E+14
280.400	1.556470E+15	701.200	5.581490E+14	1038.000	2.670350E+14
282.300	1.550580E+15	705.000	5.544260E+14	1042.000	2.650970E+14
284.200	1.544650E+15	708.800	5.507020E+14	1047.000	2.631630E+14
286.200	1.538670E+15	712.600	5.469770E+14	1051.000	2.612340E+14
288.100	1.532650E+15	716.400	5.432510E+14	1056.000	2.593090E+14
290.100	1.526580E+15	720.300	5.395240E+14	1060.000	2.573890E+14
292.000	1.520480E+15	724.100	5.357970E+14	1065.000	2.554740E+14
293.900	1.514320E+15	727.900	5.320700E+14	1069.000	2.535640E+14
295.900	1.508120E+15	731.700	5.283430E+14	1074.000	2.516590E+14
297.800	1.501880E+15	735.500	5.246170E+14	1078.000	2.497590E+14
299.800	1.495590E+15	739.300	5.208910E+14	1083.000	2.478630E+14
301.700	1.489260E+15	743.200	5.171660E+14	1087.000	2.459730E+14
303.600	1.482880E+15	747.000	5.134420E+14	1092.000	2.440890E+14
305.600	1.476460E+15	750.800	5.097200E+14	1096.000	2.422090E+14
307.500	1.469990E+15	754.600	5.059980E+14	1101.000	2.403350E+14
309.500	1.463480E+15	758.400	5.022790E+14	1105.000	2.384670E+14
311.400	1.456920E+15	762.200	4.985610E+14	1110.000	2.366040E+14
313.300	1.450320E+15	766.100	4.948460E+14	1114.000	2.347460E+14
315.300	1.443670E+15	769.900	4.911330E+14	1119.000	2.328950E+14
317.200	1.436980E+15	773.700	4.874230E+14	1123.000	2.310490E+14
319.100	1.430240E+15	777.500	4.837150E+14	1128.000	2.292090E+14
321.100	1.423460E+15	781.300	4.800110E+14	1132.000	2.273750E+14
323.000	1.416630E+15	785.100	4.763100E+14	1137.000	2.255460E+14
325.000	1.409760E+15	789.000	4.726120E+14	1141.000	2.237240E+14
326.900	1.402840E+15	792.800	4.689180E+14	1146.000	2.219080E+14
328.800	1.395880E+15	796.600	4.652280E+14	1150.000	2.200980E+14
330.800	1.388880E+15	800.400	4.615430E+14	1155.000	2.182940E+14
332.700	1.381820E+15	804.200	4.578610E+14	1159.000	2.164970E+14
334.700	1.374730E+15	808.000	4.541850E+14	1164.000	2.147050E+14
336.600	1.367590E+15	811.900	4.505120E+14	1168.000	2.129210E+14
338.500	1.360400E+15	815.700	4.468450E+14	1173.000	2.111420E+14
340.500	1.353170E+15	819.500	4.431830E+14	1177.000	2.093700E+14
342.400	1.345890E+15	823.300	4.395280E+14	1182.000	2.076050E+14
344.300	1.338570E+15	827.100	4.358760E+14	1186.000	2.058460E+14
346.300	1.331200E+15	830.900	4.322320E+14	1191.000	2.040950E+14
348.200	1.323780E+15	834.800	4.285930E+14	1195.000	2.023490E+14
350.200	1.316330E+15	838.600	4.249610E+14	1199.000	2.006110E+14
352.100	1.308820E+15	842.400	4.213350E+14	1204.000	1.988790E+14
354.000	1.301270E+15	846.200	4.177150E+14	1208.000	1.971550E+14
356.000	1.293680E+15	850.000	4.141030E+14	1213.000	1.954370E+14
357.900	1.286040E+15	853.800	4.104980E+14	1217.000	1.937260E+14
359.900	1.278360E+15	857.700	4.069000E+14	1222.000	1.920230E+14
361.800	1.270630E+15	861.500	4.033090E+14	1226.000	1.903260E+14
363.700	1.262850E+15	865.300	3.997270E+14	1231.000	1.886370E+14
365.700	1.255030E+15	869.100	3.961520E+14	1235.000	1.869540E+14
367.600	1.247160E+15	872.900	3.925850E+14	1240.000	1.852790E+14
369.500	1.239250E+15	876.700	3.890270E+14	1244.000	1.836120E+14
371.500	1.231300E+15	880.600	3.854770E+14	1249.000	1.819520E+14
373.400	1.223290E+15	884.400	3.819360E+14	1253.000	1.802990E+14
375.400	1.215250E+15	888.200	3.784040E+14	1258.000	1.786530E+14
377.300	1.207150E+15	892.000	3.748810E+14	1262.000	1.770150E+14
379.200	1.199020E+15	895.800	3.713670E+14	1267.000	1.753850E+14
381.200	1.190830E+15	899.600	3.678630E+14	1271.000	1.737620E+14
383.100	1.182600E+15	903.500	3.643680E+14	1276.000	1.721460E+14
385.100	1.174330E+15	907.300	3.608830E+14	1280.000	1.705390E+14
387.000	1.166010E+15	911.100	3.574090E+14	1285.000	1.689390E+14
388.900	1.157650E+15	914.900	3.539440E+14	1289.000	1.673460E+14
390.900	1.149230E+15	918.700	3.504900E+14	1294.000	1.657620E+14
392.800	1.140780E+15	922.500	3.470470E+14	1298.000	1.641850E+14
394.800	1.132280E+15	926.400	3.436150E+14	1303.000	1.626160E+14
396.700	1.123730E+15	930.200	3.401930E+14	1307.000	1.610550E+14
398.600	1.115140E+15	934.000	3.367820E+14	1312.000	1.595020E+14
400.600	1.106500E+15	937.800	3.333830E+14	1316.000	1.579570E+14
402.500	1.097820E+15	941.600	3.299960E+14	1321.000	1.564190E+14
404.400	1.089090E+15	945.400	3.266200E+14	1325.000	1.548900E+14
406.400	1.080320E+15	949.300	3.232560E+14	1330.000	1.533690E+14
408.300	1.071500E+15	953.100	3.199040E+14	1334.000	1.518560E+14
410.300	1.062630E+15	956.900	3.165650E+14	1339.000	1.503510E+14
412.200	1.053720E+15	960.700	3.132370E+14	1343.000	1.488540E+14
414.100	1.044770E+15	964.500	3.099220E+14	1348.000	1.473650E+14
416.100	1.035770E+15	968.300	3.066210E+14	1352.000	1.458840E+14
418.000	1.026720E+15	972.200	3.033310E+14	1357.000	1.444120E+14
420.000	1.017630E+15	976.000	3.000560E+14	1361.000	1.429470E+14
421.900	1.008490E+15	979.800	2.967930E+14	1366.000	1.414910E+14
423.800	9.993110E+14	983.600	2.935430E+14	1370.000	1.400440E+14
425.800	9.900840E+14	987.400	2.903080E+14	1375.000	1.386040E+14
427.700	9.808100E+14	991.200	2.870850E+14	1379.000	1.371730E+14
429.600	9.714920E+14	995.100	2.838770E+14	1384.000	1.357500E+14
431.600	9.621280E+14	998.900	2.806830E+14	1388.000	1.343360E+14
433.500	9.527190E+14	1003.000	2.775030E+14	1393.000	1.329300E+14
435.500	9.432650E+14	1007.000	2.743370E+14	1397.000	1.315320E+14
437.400	9.337650E+14	1010.000	2.711860E+14	1402.000	1.301430E+14
439.300	9.242200E+14	1014.000	2.680500E+14	1406.000	1.287620E+14
441.300	9.146290E+14	1018.000	2.649280E+14	1411.000	1.273890E+14
443.200	9.049940E+14	1022.000	2.618210E+14	1415.000	1.260250E+14
445.200	8.953130E+14	1026.000	2.587290E+14	1420.000	1.246700E+14
447.100	8.855870E+14	1029.000	2.556530E+14	1424.000	1.233230E+14
449.000	8.758150E+14	1033.000	2.525920E+14	1429.000	1.219840E+14
451.000	8.659990E+14	1037.000	2.495460E+14	1433.000	1.206540E+14
452.900	8.561360E+14	1041.000	2.465160E+14	1438.000	1.193330E+14
454.800	8.462290E+14	1045.000	2.435020E+14	1442.000	1.180200E+14
456.800	8.362770E+14	1048.000	2.405040E+14	1447.000	1.167160E+14
458.700	8.262790E+14	1052.000	2.375220E+14	1451.000	1.154200E+14
460.700	8.162370E+14	1056.000	2.345560E+14	1456.000	1.141320E+14
462.600	8.061490E+14	1060.000	2.316060E+14	1460.000	1.128540E+14
464.500	7.960150E+14	1064.000	2.286730E+14	1465.000	1.115840E+14
466.500	7.858370E+14	1068.000	2.257560E+14	1469.000	1.103220E+14
468.400	7.756140E+14	1071.000	2.228560E+14	1473.000	1.090690E+14
470.400	7.653460E+14	1075.000	2.199730E+14	1478.000	1.078250E+14
472.300	7.550320E+14	1079.000	2.171070E+14	1482.000	1.065890E+14
474.200	7.446730E+14	1083.000	2.142580E+14	1487.000	1.053620E+14
476.200	7.342700E+14	1087.000	2.114260E+14	1491.000	1.041440E+14
478.100	7.238210E+14	1090.000	2.086110E+14	1496.000	1.029340E+14
480.000	7.133270E+14	1094.000	2.058140E+14	1500.000	1.017320E+14
482.000	7.027880E+14	1098.000	2.030340E+14	1505.000	1.005400E+14
483.900	6.922050E+14	1102.000	2.002720E+14	1509.000	9.935560E+13
485.900	6.815760E+14	1106.000	1.975270E+14	1514.000	9.818020E+13
487.800	6.709030E+14	1110.000	1.948010E+14	1518.000	9.701330E+13
489.700	6.601840E+14	1113.000	1.920920E+14	1523.000	9.585520E+13
491.700	6.494210E+14	1117.000	1.894020E+14	1527.000	9.470550E+13
493.600	6.386130E+14	1121.000	1.867290E+14	1532.000	9.356450E+13
495.600	6.277600E+14	1125.000	1.840750E+14	1536.000	9.243220E+13
497.500	6.168630E+14	1129.000	1.814390E+14	1541.000	9.130830E+13
499.400	6.059200E+14	1132.000	1.788220E+14	1545.000	9.019320E+13
501.400	5.949330E+14	1136.000	1.762230E+14	1550.000	8.908660E+13
503.300	5.839010E+14	1140.000	1.736430E+14	1554.000	8.798850E+13
505.300	5.728240E+14	1144.000	1.710820E+14	1559.000	8.689900E+13
507.200	5.617030E+14	1148.000	1.685390E+14	1563.000	8.581810E+13
509.100	5.505370E+14	1152.000	1.660150E+14	1568.000	8.474580E+13
511.100	5.393270E+14	1155.000	1.635110E+14	1572.000	8.368190E+13
513.000	5.280710E+14	1159.000	1.610250E+14	1577.000	8.262660E+13
514.900	5.167720E+14	1163.000	1.585580E+14	1581.000	8.158000E+13
516.900	5.054270E+14	1167.000	1.561110E+14	1586.000	8.054170E+13
518.800	4.940390E+14	1171.000	1.536820E+14	1590.000	7.951190E+13
520.800	4.826060E+14	1174.000	1.512740E+14	1595.000	7.849070E+13
522.700	4.711280E+14	1178.000	1.488840E+14	1599.000	7.747780E+13
524.600	4.596060E+14	1182.000	1.465140E+14	1604.000	7.647350E+13
526.600	4.480400E+14	1186.000	1.441640E+14	1608.000	7.547770E+13
528.500	4.364300E+14	1190.000	1.418330E+14	1613.000	7.449020E+13
