,Simulation Number,Dipole.bendingRadius,Dipole.photonEnergy,Dipole.numberRays,SourcePhotonFlux,NumberRaysSurvived,PercentageRaysSurvived,PhotonEnergy,Bandwidth,HorizontalFocusFWHM,VerticalFocusFWHM,PhotonFlux,EnergyPerMilPerBw,FluxPerMilPerBwPerc,FluxPerMilPerBwAbs,AXUVCurrentAmp,GaAsPCurrentAmp
0,0,13.895833333333334,1.0,1000,966644000000.0,1000.0,100.0,1.0,0.0,0.1257023056795569,0.0686732178148226,966644000000.0,,,,,
1,1,13.895833333333334,101.0,1000,4037470000000.0,1000.0,100.0,101.0,0.0,0.1306197836756475,0.0757056640875405,4037470000000.0,,,,1.682882947676997e-05,8.207055538650083e-06
2,2,13.895833333333334,201.0,1000,4727290000000.0,1000.0,100.0,201.0,0.0,0.1336926868333746,0.0893929931162455,4727290000000.0,,,,3.949020273259651e-05,2.3387131484806222e-05
3,3,13.895833333333334,301.0,1000,5077030000000.0,1000.0,100.0,301.0,0.0,0.1468339317903163,0.0745774553464928,5077030000000.0,,,,6.514776872001174e-05,3.548298720677087e-05
4,4,13.895833333333334,401.0,1000,5267380000000.0,1000.0,100.0,401.0,0.0,0.143495301572601,0.0905736206377126,5267380000000.0,,,,9.110142440831484e-05,4.902994362009794e-05
5,5,13.895833333333334,501.0,1000,5364150000000.0,1000.0,100.0,501.0,0.0,0.120425692343828,0.090503892952232,5364150000000.0,,,,0.0001166085680185,6.523652199336026e-05
6,6,13.895833333333334,601.0,1000,5399710000000.0,1000.0,100.0,601.0,0.0,0.144356437910115,0.0718390155527552,5399710000000.0,,,,0.000140779851324,8.03469567922939e-05
7,7,13.895833333333334,701.0,1000,5392690000000.0,1000.0,100.0,701.0,0.0,0.1187411452738185,0.0719068437267442,5392690000000.0,,,,0.0001645115170117,9.362289523007938e-05
8,8,13.895833333333334,801.0,1000,5354880000000.0,1000.0,100.0,801.0,0.0,0.135686632874435,0.0798291760986163,5354880000000.0,,,,0.0001869915104263,0.0001048315815005
9,9,13.895833333333334,901.0,1000,5294290000000.0,1000.0,100.0,901.0,0.0,0.1305913232634243,0.0867962044547266,5294290000000.0,,,,0.0002081856110653,0.0001139515407474
10,10,13.895833333333334,1001.0,1000,5216580000000.0,1000.0,100.0,1001.0,0.0,0.1189112057337016,0.0795739002205128,5216580000000.0,,,,0.0002281059114364,0.0001201263396995
11,11,13.895833333333334,1101.0,1000,5125940000000.0,1000.0,100.0,1101.0,0.0,0.1377520849559136,0.0800540466561963,5125940000000.0,,,,0.0002466790184919,0.0001241059052682
12,12,13.895833333333334,1201.0,1000,5025530000000.0,1000.0,100.0,1201.0,0.0,0.1333376115716439,0.0890051555386017,5025530000000.0,,,,0.000263880727346,0.0001680457785333
13,13,13.895833333333334,1301.0,1000,4917790000000.0,1000.0,100.0,1301.0,0.0,0.1175757141363869,0.089891454074103,4917790000000.0,,,,0.0002797447214818,0.000177142715118
14,14,13.895833333333334,1401.0,1000,4804640000000.0,1000.0,100.0,1401.0,0.0,0.1250101855000757,0.086123538497339,4804640000000.0,,,,0.0002940785592513,0.0001921784509616
15,15,13.895833333333334,1501.0,1000,4687620000000.0,1000.0,100.0,1501.0,0.0,0.1060595796335499,0.0731312638333647,4687620000000.0,,,,0.0003066401721317,0.0001991900872802
16,16,13.895833333333334,1601.0,1000,4567950000000.0,1000.0,100.0,1601.0,0.0,0.1282722095117463,0.0882793189261228,4567950000000.0,,,,0.0003168798979589,0.0002063444381705
17,17,13.895833333333334,1701.0,1000,4446640000000.0,1000.0,100.0,1701.0,0.0,0.124301993945732,0.0909874296492989,4446640000000.0,,,,0.0003243141810576,0.000210305570782
18,18,13.895833333333334,1801.0,1000,4324500000000.0,1000.0,100.0,1801.0,0.0,0.1303151893269495,0.0839610981546623,4324500000000.0,,,,0.0003284827631031,0.0002131072410632
19,19,13.895833333333334,1901.0,1000,4202210000000.0,1000.0,100.0,1901.0,0.0,0.138539106093371,0.0931047684251773,4202210000000.0,,,,0.0003394639050713,0.000214826807737
20,20,13.895833333333334,2001.0,1000,4080320000000.0,1000.0,100.0,2001.0,0.0,0.1276224542242076,0.0803982231805473,4080320000000.0,,,,0.000347947252191,0.000215230249294
21,21,13.895833333333334,2101.0,1000,3959280000000.0,1000.0,100.0,2101.0,0.0,0.137767745236958,0.0748573874300559,3959280000000.0,,,,0.0003554101931313,0.0002143112321672
22,22,13.895833333333334,2201.0,1000,3839460000000.0,1000.0,100.0,2201.0,0.0,0.1338577904610069,0.0869052939005181,3839460000000.0,,,,0.0003618237026336,0.0002171758195015
23,23,13.895833333333334,2301.0,1000,3721180000000.0,1000.0,100.0,2301.0,0.0,0.1502897206046328,0.0757413697723017,3721180000000.0,,,,0.0003672807439322,0.0002098895439903
24,24,13.895833333333334,2401.0,1000,3604680000000.0,1000.0,100.0,2401.0,0.0,0.1271739675080775,0.0893482902312689,3604680000000.0,,,,0.0003719154809277,0.0002034544610997
25,25,13.895833333333334,2501.0,1000,3490170000000.0,1000.0,100.0,2501.0,0.0,0.1285834860462293,0.0833516482370756,3490170000000.0,,,,0.0003756372325923,0.0001993621863197
26,26,13.895833333333334,2601.0,1000,3377820000000.0,1000.0,100.0,2601.0,0.0,0.1353979203645243,0.0859453382032853,3377820000000.0,,,,0.0003785726233277,0.0001951355623184
27,27,13.895833333333334,2701.0,1000,3267760000000.0,1000.0,100.0,2701.0,0.0,0.1601095122951276,0.0810128248459405,3267760000000.0,,,,0.0003808131582005,0.0001902571629688
28,28,13.895833333333334,2801.0,1000,3160090000000.0,1000.0,100.0,2801.0,0.0,0.0971129427487429,0.0739836540271493,3160090000000.0,,,,0.0003822830330721,0.0001842084247305
29,29,13.895833333333334,2901.0,1000,3054900000000.0,1000.0,100.0,2901.0,0.0,0.1060090543976695,0.0666160844653269,3054900000000.0,,,,0.0003831578920703,0.0001789355242865
30,30,13.895833333333334,3001.0,1000,2952230000000.0,1000.0,100.0,3001.0,0.0,0.1051035682449097,0.0821009512740168,2952230000000.0,,,,0.0003833624722978,0.0001732873069892
31,31,13.895833333333334,3101.0,1000,2852130000000.0,1000.0,100.0,3101.0,0.0,0.1144161098977242,0.0686535036678455,2852130000000.0,,,,0.0003829873365069,0.0001673356070068
32,32,13.895833333333334,3201.0,1000,2754620000000.0,1000.0,100.0,3201.0,0.0,0.1344211139551679,0.0833742763331238,2754620000000.0,,,,0.0003820973073466,0.0001616200138408
33,33,13.895833333333334,3301.0,1000,2659730000000.0,1000.0,100.0,3301.0,0.0,0.1622419133934899,0.063378075680884,2659730000000.0,,,,0.0003806209604091,0.0001556735451898
34,34,13.895833333333334,3401.0,1000,2567430000000.0,1000.0,100.0,3401.0,0.0,0.141437480475067,0.0729717011210217,2567430000000.0,,,,0.0003786392462721,0.0001495167579806
35,35,13.895833333333334,3501.0,1000,2477740000000.0,1000.0,100.0,3501.0,0.0,0.127330390827948,0.0783701306875746,2477740000000.0,,,,0.0003761979126655,0.0001432458948344
36,36,13.895833333333334,3601.0,1000,2390630000000.0,1000.0,100.0,3601.0,0.0,0.1238107369683916,0.0791826459121215,2390630000000.0,,,,0.0003732264945996,0.0001369343103322
37,37,13.895833333333334,3701.0,1000,2306080000000.0,1000.0,100.0,3701.0,0.0,0.13338128963957,0.0812058873055749,2306080000000.0,,,,0.0003698002278305,0.000130585803675
38,38,13.895833333333334,3801.0,1000,2224060000000.0,1000.0,100.0,3801.0,0.0,0.1175843546807874,0.0773249668973385,2224060000000.0,,,,0.0003658534176273,0.0001242921782147
39,39,13.895833333333334,3901.0,1000,2144530000000.0,1000.0,100.0,3901.0,0.0,0.1117175927764482,0.0778986599592855,2144530000000.0,,,,0.0003614058608589,0.0001180743767321
40,40,13.895833333333334,4001.0,1000,2067450000000.0,1000.0,100.0,4001.0,0.0,0.1449480459560636,0.0825310650985407,2067450000000.0,,,,0.0003565072239552,0.0001119602727726
41,41,13.895833333333334,4101.0,1000,1992780000000.0,1000.0,100.0,4101.0,0.0,0.0993093020112016,0.0757329286701849,1992780000000.0,,,,0.0003510938597915,0.0001059924525893
42,42,13.895833333333334,4201.0,1000,1920490000000.0,1000.0,100.0,4201.0,0.0,0.1345291841355516,0.0769887224362731,1920490000000.0,,,,0.0003452095880196,0.0001001815588289
43,43,13.895833333333334,4301.0,1000,1850510000000.0,1000.0,100.0,4301.0,0.0,0.1281319803926697,0.0764352075660807,1850510000000.0,,,,0.0003389124746811,9.455379714091914e-05
44,44,13.895833333333334,4401.0,1000,1782800000000.0,1000.0,100.0,4401.0,0.0,0.1388681147174202,0.0752839127535736,1782800000000.0,,,,0.0003321270967668,8.91267869538341e-05
45,45,13.895833333333334,4501.0,1000,1717310000000.0,1000.0,100.0,4501.0,0.0,0.1324021955092691,0.0869041201004672,1717310000000.0,,,,0.0003249606898353,8.390202481527298e-05
46,46,13.895833333333334,4601.0,1000,1653990000000.0,1000.0,100.0,4601.0,0.0,0.1203341074505328,0.0705230746845045,1653990000000.0,,,,0.0003173963495521,7.889585207558401e-05
47,47,13.895833333333334,4701.0,1000,1592780000000.0,1000.0,100.0,4701.0,0.0,0.1193533300580151,0.0812804989034211,1592780000000.0,,,,0.0003094946453513,7.411429789222025e-05
48,48,13.895833333333334,4801.0,1000,1533630000000.0,1000.0,100.0,4801.0,0.0,0.1213734648399519,0.0762496465971405,1533630000000.0,,,,0.0003013143835565,6.95559770437111e-05
49,49,13.895833333333334,4901.0,1000,1476480000000.0,1000.0,100.0,4901.0,0.0,0.139834132230438,0.0820169895941863,1476480000000.0,,,,0.0002928472226582,6.522401760652665e-05
50,50,13.895833333333334,5001.0,1000,1421300000000.0,1000.0,100.0,5001.0,0.0,0.1389437743861503,0.0756956385343024,1421300000000.0,,,,0.0002841676306188,6.111874874487898e-05
51,51,13.895833333333334,5101.0,1000,1368010000000.0,1000.0,100.0,5101.0,0.0,0.1349500863181491,0.0805827696162253,1368010000000.0,,,,0.0002753464118611,5.7236625063726526e-05
52,52,13.895833333333334,5201.0,1000,1316570000000.0,1000.0,100.0,5201.0,0.0,0.1514656635473516,0.0898588919283653,1316570000000.0,,,,0.0002663786452725,5.3570814593191685e-05
53,53,13.895833333333334,5301.0,1000,1266920000000.0,1000.0,100.0,5301.0,0.0,0.1381540170223731,0.0867856790963876,1266920000000.0,,,,0.0002573621285007,5.012145428650551e-05
54,54,13.895833333333334,5401.0,1000,1219010000000.0,1000.0,100.0,5401.0,0.0,0.1219359700230531,0.0803356958420973,1219010000000.0,,,,0.0002482820745607,4.687674248151672e-05
55,55,13.895833333333334,5501.0,1000,1172800000000.0,1000.0,100.0,5501.0,0.0,0.1135513803996831,0.081275424199616,1172800000000.0,,,,0.0002392089678772,4.3831643583857256e-05
56,56,13.895833333333334,5601.0,1000,1128220000000.0,1000.0,100.0,5601.0,0.0,0.136645721009305,0.088879878549822,1128220000000.0,,,,0.0002301959904193,4.098100584755386e-05
57,57,13.895833333333334,5701.0,1000,1085230000000.0,1000.0,100.0,5701.0,0.0,0.159930971328742,0.0969655899699706,1085230000000.0,,,,0.0002212453184063,3.831083945794415e-05
58,58,13.895833333333334,5801.0,1000,1043780000000.0,1000.0,100.0,5801.0,0.0,0.1089799666883514,0.1001182494044855,1043780000000.0,,,,0.0002123948299206,3.58173533907035e-05
59,59,13.895833333333334,5901.0,1000,1003830000000.0,1000.0,100.0,5901.0,0.0,0.134367958370477,0.0783970888738434,1003830000000.0,,,,0.0002037048302702,3.349115878848904e-05
60,60,13.895833333333334,6001.0,1000,965315000000.0,1000.0,100.0,6001.0,0.0,0.13761865676414,0.0770972974651061,965315000000.0,,,,0.0001951518532022,3.1318756100500726e-05
61,61,13.895833333333334,6101.0,1000,928202000000.0,1000.0,100.0,6101.0,0.0,0.1448005609150782,0.0948866987696826,928202000000.0,,,,0.0001867910051832,2.92993009312972e-05
62,62,13.895833333333334,6201.0,1000,892442000000.0,1000.0,100.0,6201.0,0.0,0.1383549265488897,0.0775149148056298,892442000000.0,,,,0.0001786122817876,2.741652010291464e-05
63,63,13.895833333333334,6301.0,1000,857990000000.0,1000.0,100.0,6301.0,0.0,0.1063822025089107,0.0868967925154916,857990000000.0,,,,0.0001706578146393,2.5664529875221964e-05
64,64,13.895833333333334,6401.0,1000,824803000000.0,1000.0,100.0,6401.0,0.0,0.1353889711764315,0.09055362458833,824803000000.0,,,,0.0001629292606227,2.4034944957757605e-05
65,65,13.895833333333334,6501.0,1000,792840000000.0,1000.0,100.0,6501.0,0.0,0.1345016924542099,0.0958892712275501,792840000000.0,,,,0.0001554294039127,2.251821648988453e-05
66,66,13.895833333333334,6601.0,1000,762060000000.0,1000.0,100.0,6601.0,0.0,0.1568421457766335,0.082806490461596,762060000000.0,,,,0.0001481712692453,2.110761668760874e-05
67,67,13.895833333333334,6701.0,1000,732421000000.0,1000.0,100.0,6701.0,0.0,0.1095253172722133,0.0774632196388576,732421000000.0,,,,0.0001411617080843,1.9794584374293944e-05
68,68,13.895833333333334,6801.0,1000,703886000000.0,1000.0,100.0,6801.0,0.0,0.123111161086449,0.0851644492382427,703886000000.0,,,,0.0001343969842235,1.857045787417981e-05
69,69,13.895833333333334,6901.0,1000,676417000000.0,1000.0,100.0,6901.0,0.0,0.1172383104108798,0.0688638308342048,676417000000.0,,,,0.0001278943418165,1.743140165924013e-05
70,70,13.895833333333334,7001.0,1000,649976000000.0,1000.0,100.0,7001.0,0.0,0.1326347813470936,0.069732202637937,649976000000.0,,,,0.0001216297614641,1.636789950040808e-05
71,71,13.895833333333334,7101.0,1000,624529000000.0,1000.0,100.0,7101.0,0.0,0.1186782906047769,0.0664368708117912,624529000000.0,,,,0.0001156168919721,1.5374953578782023e-05
72,72,13.895833333333334,7201.0,1000,600040000000.0,1000.0,100.0,7201.0,0.0,0.1387387415405273,0.0898635244324117,600040000000.0,,,,0.000109857757373,1.4447098252980722e-05
73,73,13.895833333333334,7301.0,1000,576475000000.0,1000.0,100.0,7301.0,0.0,0.1107782330523416,0.0853220019319741,576475000000.0,,,,0.0001043333114924,1.35776153941271e-05
74,74,13.895833333333334,7401.0,1000,553803000000.0,1000.0,100.0,7401.0,0.0,0.1068026823852306,0.0733906690885509,553803000000.0,,,,9.904243425548036e-05,1.2762492578730274e-05
75,75,13.895833333333334,7501.0,1000,531992000000.0,1000.0,100.0,7501.0,0.0,0.1397110970334206,0.0827352388329263,531992000000.0,,,,9.3997756006862e-05,1.1997694693996112e-05
76,76,13.895833333333334,7601.0,1000,511010000000.0,1000.0,100.0,7601.0,0.0,0.1650521251172313,0.100705474192712,511010000000.0,,,,8.916731522433029e-05,1.1277087514114012e-05
77,77,13.895833333333334,7701.0,1000,490829000000.0,1000.0,100.0,7701.0,0.0,0.1083253487478505,0.0791108278810308,490829000000.0,,,,8.456825919355614e-05,1.0598951115658324e-05
78,78,13.895833333333334,7801.0,1000,471418000000.0,1000.0,100.0,7801.0,0.0,0.1139952582352532,0.0730283137859399,471418000000.0,,,,8.017623834534352e-05,9.95873640839654e-06
79,79,13.895833333333334,7901.0,1000,452752000000.0,1000.0,100.0,7901.0,0.0,0.1136421798592887,0.0802879717809672,452752000000.0,,,,7.598904797023216e-05,9.353984940099122e-06
80,80,13.895833333333334,8001.0,1000,434801000000.0,1000.0,100.0,8001.0,0.0,0.130229241518559,0.0738264486624828,434801000000.0,,,,7.200474906404656e-05,8.781719039765262e-06
81,81,13.895833333333334,8101.0,1000,417541000000.0,1000.0,100.0,8101.0,0.0,0.127757918308352,0.0811994937241373,417541000000.0,,,,6.821250358075222e-05,8.239970966575051e-06
82,82,13.895833333333334,8201.0,1000,400947000000.0,1000.0,100.0,8201.0,0.0,0.1124605025259421,0.0852611276774709,400947000000.0,,,,6.460377085069844e-05,7.725837188733814e-06
83,83,13.895833333333334,8301.0,1000,384993000000.0,1000.0,100.0,8301.0,0.0,0.1669861823777473,0.0763125058545695,384993000000.0,,,,6.118177385116258e-05,7.238324182797143e-06
84,84,13.895833333333334,8401.0,1000,369656000000.0,1000.0,100.0,8401.0,0.0,0.1231339793665767,0.0700599875206826,369656000000.0,,,,5.792515876970123e-05,6.77595019404584e-06
85,85,13.895833333333334,8501.0,1000,354914000000.0,1000.0,100.0,8501.0,0.0,0.1363799247399893,0.0809195619186893,354914000000.0,,,,5.4831731663944665e-05,6.336746304647818e-06
86,86,13.895833333333334,8601.0,1000,340744000000.0,1000.0,100.0,8601.0,0.0,0.1376988280703213,0.0852132402557186,340744000000.0,,,,5.189587710471025e-05,5.9205532039922325e-06
87,87,13.895833333333334,8701.0,1000,327125000000.0,1000.0,100.0,8701.0,0.0,0.1236762683010813,0.0808172295503625,327125000000.0,,,,4.911082572661504e-05,5.526463545655683e-06
88,88,13.895833333333334,8801.0,1000,314037000000.0,1000.0,100.0,8801.0,0.0,0.1333533698910735,0.082180622177327,314037000000.0,,,,4.647004102147673e-05,5.1536594219785225e-06
89,89,13.895833333333334,8901.0,1000,301460000000.0,1000.0,100.0,8901.0,0.0,0.1180854102503506,0.0954865432795468,301460000000.0,,,,4.396407170229604e-05,4.802338818337269e-06
90,90,13.895833333333334,9001.0,1000,289374000000.0,1000.0,100.0,9001.0,0.0,0.1314320715392769,0.0911360165089036,289374000000.0,,,,4.158825666646327e-05,4.471732948344449e-06
91,91,13.895833333333334,9101.0,1000,277761000000.0,1000.0,100.0,9101.0,0.0,0.1011697464373589,0.0721439142201714,277761000000.0,,,,3.9339203319006505e-05,4.161862234854735e-06
92,92,13.895833333333334,9201.0,1000,266603000000.0,1000.0,100.0,9201.0,0.0,0.1546273728452668,0.0871938515983267,266603000000.0,,,,3.720645483084888e-05,3.872533774985077e-06
93,93,13.895833333333334,9301.0,1000,255884000000.0,1000.0,100.0,9301.0,0.0,0.1379666826776316,0.0674316241080934,255884000000.0,,,,3.518853078187786e-05,3.605104126608918e-06
94,94,13.895833333333334,9401.0,1000,245586000000.0,1000.0,100.0,9401.0,0.0,0.135636734656722,0.0652714257242781,245586000000.0,,,,3.327626896328653e-05,3.3585937411854976e-06
95,95,13.895833333333334,9501.0,1000,235693000000.0,1000.0,100.0,9501.0,0.0,0.1300556092456626,0.0868414784989906,235693000000.0,,,,3.146559186532331e-05,3.1336543263895643e-06
96,96,13.895833333333334,9601.0,1000,226190000000.0,1000.0,100.0,9601.0,0.0,0.1237182202772023,0.06871576810904,226190000000.0,,,,2.975318172860093e-05,2.931427484267828e-06
97,97,13.895833333333334,9701.0,1000,217063000000.0,1000.0,100.0,9701.0,0.0,0.1293732159335748,0.0728581365465264,217063000000.0,,,,2.813139347061836e-05,2.7509967884780622e-06
98,98,13.895833333333334,9801.0,1000,208296000000.0,1000.0,100.0,9801.0,0.0,0.1219635574029842,0.0761721907162278,208296000000.0,,,,2.65969163312289e-05,2.594450136650308e-06
99,99,13.895833333333334,9901.0,1000,199877000000.0,1000.0,100.0,9901.0,0.0,0.1235951523161237,0.0642963154330107,199877000000.0,,,,2.514614578978547e-05,2.4613131317422604e-06
100,100,6.413461538461538,1.0,1000,748532000000.0,1000.0,100.0,1.0,0.0,0.1397477561702317,0.084848605140073,748532000000.0,,,,,
101,101,6.413461538461538,101.0,1000,3271150000000.0,1000.0,100.0,101.0,0.0,0.1212732545397869,0.08031945361498,3271150000000.0,,,,1.3634683488158696e-05,6.649339741287295e-06
102,102,6.413461538461538,201.0,1000,3950560000000.0,1000.0,100.0,201.0,0.0,0.1134639539578109,0.0831272517459015,3950560000000.0,,,,3.300165957816983e-05,1.954444642884529e-05
103,103,6.413461538461538,301.0,1000,4363230000000.0,1000.0,100.0,301.0,0.0,0.1274928476394993,0.0971351100475116,4363230000000.0,,,,5.598838275767857e-05,3.049429179465137e-05
104,104,6.413461538461538,401.0,1000,4648360000000.0,1000.0,100.0,401.0,0.0,0.0959154491930562,0.0868037870706489,4648360000000.0,,,,8.03952282088314e-05,4.326796789407988e-05
105,105,6.413461538461538,501.0,1000,4856500000000.0,1000.0,100.0,501.0,0.0,0.1448983439782882,0.083219290221045,4856500000000.0,,,,0.0001055730191329,5.906269754961255e-05
106,106,6.413461538461538,601.0,1000,5012510000000.0,1000.0,100.0,601.0,0.0,0.120952601726141,0.085024156867892,5012510000000.0,,,,0.0001306848724394,7.458547299594628e-05
107,107,6.413461538461538,701.0,1000,5130650000000.0,1000.0,100.0,701.0,0.0,0.1505553928168596,0.0730097009114473,5130650000000.0,,,,0.0001565176219579,8.907359915222399e-05
108,108,6.413461538461538,801.0,1000,5219980000000.0,1000.0,100.0,801.0,0.0,0.1252397527097397,0.0830227088960555,5219980000000.0,,,,0.0001822808250783,0.0001021906669806
109,109,6.413461538461538,901.0,1000,5286650000000.0,1000.0,100.0,901.0,0.0,0.1450027244904023,0.0864841143031246,5286650000000.0,,,,0.0002078851858773,0.0001137871013663
110,110,6.413461538461538,1001.0,1000,5335050000000.0,1000.0,100.0,1001.0,0.0,0.1667460071460675,0.0761947099674933,5335050000000.0,,,,0.0002332862608853,0.0001228544426835
111,111,6.413461538461538,1101.0,1000,5368450000000.0,1000.0,100.0,1101.0,0.0,0.1148578236198754,0.0750679079030197,5368450000000.0,,,,0.0002583494884495,0.0001299773987088
112,112,6.413461538461538,1201.0,1000,5389330000000.0,1000.0,100.0,1201.0,0.0,0.1321019215806658,0.0784537181059029,5389330000000.0,,,,0.000282983152087,0.0001802106754159
113,113,6.413461538461538,1301.0,1000,5399650000000.0,1000.0,100.0,1301.0,0.0,0.127595171674962,0.0832007397129156,5399650000000.0,,,,0.0003071549589041,0.0001944996963446
114,114,6.413461538461538,1401.0,1000,5400960000000.0,1000.0,100.0,1401.0,0.0,0.1312211705663454,0.0647000065689349,5400960000000.0,,,,0.0003305776364876,0.0002160303636704
115,115,6.413461538461538,1501.0,1000,5394560000000.0,1000.0,100.0,1501.0,0.0,0.1254666442261554,0.0860700930650978,5394560000000.0,,,,0.0003528845783095,0.0002292299455242
116,116,6.413461538461538,1601.0,1000,5381480000000.0,1000.0,100.0,1601.0,0.0,0.1274022891789441,0.0723226197229855,5381480000000.0,,,,0.0003733146889234,0.0002430933935629
117,117,6.413461538461538,1701.0,1000,5362600000000.0,1000.0,100.0,1701.0,0.0,0.1280329188323304,0.0828073404058735,5362600000000.0,,,,0.0003911194131613,0.0002536262557517
118,118,6.413461538461538,1801.0,1000,5338670000000.0,1000.0,100.0,1801.0,0.0,0.1257908222166435,0.0652592921993591,5338670000000.0,,,,0.0004055176489526,0.0002630845727013
119,119,6.413461538461538,1901.0,1000,5310320000000.0,1000.0,100.0,1901.0,0.0,0.1248603510077879,0.0868122641872834,5310320000000.0,,,,0.0004289795046841,0.0002714759837471
120,120,6.413461538461538,2001.0,1000,5278100000000.0,1000.0,100.0,2001.0,0.0,0.1083803134550629,0.0643749401422215,5278100000000.0,,,,0.0004500873440782,0.000278411197847
121,121,6.413461538461538,2101.0,1000,5242480000000.0,1000.0,100.0,2101.0,0.0,0.1446357397773218,0.078246542385177,5242480000000.0,,,,0.0004705983990238,0.0002837693591794
122,122,6.413461538461538,2201.0,1000,5203860000000.0,1000.0,100.0,2201.0,0.0,0.1317853829270979,0.0874029179593006,5203860000000.0,,,,0.0004904022683364,0.0002943519557623
123,123,6.413461538461538,2301.0,1000,5162610000000.0,1000.0,100.0,2301.0,0.0,0.1456489910630461,0.0758311255323756,5162610000000.0,,,,0.0005095499925916,0.0002911920032624
124,124,6.413461538461538,2401.0,1000,5119050000000.0,1000.0,100.0,2401.0,0.0,0.1249546241872188,0.0902049954937912,5119050000000.0,,,,0.0005281617071815,0.0002889281598069
125,125,6.413461538461538,2501.0,1000,5073460000000.0,1000.0,100.0,2501.0,0.0,0.1282183228588569,0.082667524710776,5073460000000.0,,,,0.0005460423056951,0.0002898013786737
126,126,6.413461538461538,2601.0,1000,5026090000000.0,1000.0,100.0,2601.0,0.0,0.1138074474503498,0.0596773923508424,5026090000000.0,,,,0.0005633041655213,0.0002903555839012
127,127,6.413461538461538,2701.0,1000,4977170000000.0,1000.0,100.0,2701.0,0.0,0.1112059115772962,0.0632736880508981,4977170000000.0,,,,0.0005800217355623,0.0002897832900254
128,128,6.413461538461538,2801.0,1000,4926880000000.0,1000.0,100.0,2801.0,0.0,0.1150804176755564,0.0750220964925866,4926880000000.0,,,,0.0005960155027175,0.0002871984037278
129,129,6.413461538461538,2901.0,1000,4875430000000.0,1000.0,100.0,2901.0,0.0,0.1372955180348469,0.0781670604900336,4875430000000.0,,,,0.0006114961150075,0.000285569944408
130,130,6.413461538461538,3001.0,1000,4822950000000.0,1000.0,100.0,3001.0,0.0,0.1234000560317085,0.0715495746818928,4822950000000.0,,,,0.0006262852270212,0.0002830931252795
131,131,6.413461538461538,3101.0,1000,4769610000000.0,1000.0,100.0,3101.0,0.0,0.120031761755364,0.084977850127603,4769610000000.0,,,,0.0006404687830066,0.0002798349249634
132,132,6.413461538461538,3201.0,1000,4715530000000.0,1000.0,100.0,3201.0,0.0,0.1128308702428586,0.0718781464197585,4715530000000.0,,,,0.0006540979575086,0.000276671201061
133,133,6.413461538461538,3301.0,1000,4660840000000.0,1000.0,100.0,3301.0,0.0,0.1233319917613437,0.0712707060819156,4660840000000.0,,,,0.0006669900317376,0.0002727981736351
134,134,6.413461538461538,3401.0,1000,4605630000000.0,1000.0,100.0,3401.0,0.0,0.1372566864768861,0.089045070314434,4605630000000.0,,,,0.0006792287508552,0.0002682132973668
135,135,6.413461538461538,3501.0,1000,4550020000000.0,1000.0,100.0,3501.0,0.0,0.1329267580361676,0.0613245533148745,4550020000000.0,,,,0.0006908344001333,0.0002630508795978
136,136,6.413461538461538,3601.0,1000,4494090000000.0,1000.0,100.0,3601.0,0.0,0.1118928127986123,0.0760115385121843,4494090000000.0,,,,0.0007016198479544,0.0002574196403128
137,137,6.413461538461538,3701.0,1000,4437920000000.0,1000.0,100.0,3701.0,0.0,0.1450194404197274,0.0769775976840021,4437920000000.0,,,,0.0007116595378711,0.0002513049633341
138,138,6.413461538461538,3801.0,1000,4381590000000.0,1000.0,100.0,3801.0,0.0,0.1224653657042288,0.0777544981561698,4381590000000.0,,,,0.0007207627834418,0.0002448663098765
139,139,6.413461538461538,3901.0,1000,4325160000000.0,1000.0,100.0,3901.0,0.0,0.1289715270397368,0.089515258423267,4325160000000.0,,,,0.0007288954564182,0.0002381363614715
140,140,6.413461538461538,4001.0,1000,4268700000000.0,1000.0,100.0,4001.0,0.0,0.1401772902576657,0.0729994868993616,4268700000000.0,,,,0.0007360866704866,0.0002311663239182
141,141,6.413461538461538,4101.0,1000,4212270000000.0,1000.0,100.0,4101.0,0.0,0.1348206127636523,0.0862028847659067,4212270000000.0,,,,0.0007421301562562,0.0002240432101227
142,142,6.413461538461538,4201.0,1000,4155910000000.0,1000.0,100.0,4201.0,0.0,0.1197421467205659,0.0783541693387337,4155910000000.0,,,,0.0007470280912406,0.0002167913095892
143,143,6.413461538461538,4301.0,1000,4099680000000.0,1000.0,100.0,4301.0,0.0,0.1048782368847146,0.0822069560677578,4099680000000.0,,,,0.0007508377118745,0.0002094775554104
144,144,6.413461538461538,4401.0,1000,4043620000000.0,1000.0,100.0,4401.0,0.0,0.1243064700752848,0.0735613331319825,4043620000000.0,,,,0.000753307028847,0.0002021510311096
145,145,6.413461538461538,4501.0,1000,3987760000000.0,1000.0,100.0,4501.0,0.0,0.128135629618275,0.0841107614195333,3987760000000.0,,,,0.0007545901674698,0.0001948286206202
146,146,6.413461538461538,4601.0,1000,3932150000000.0,1000.0,100.0,4601.0,0.0,0.1115234624189834,0.0677053483605285,3932150000000.0,,,,0.0007545692875359,0.0001875648128096
147,147,6.413461538461538,4701.0,1000,3876820000000.0,1000.0,100.0,4701.0,0.0,0.1418273650276071,0.060944520023723,3876820000000.0,,,,0.0007533086998775,0.0001803938976848
148,148,6.413461538461538,4801.0,1000,3821790000000.0,1000.0,100.0,4801.0,0.0,0.1190577653800152,0.0833093942814173,3821790000000.0,,,,0.0007508723081398,0.0001733327709459
149,149,6.413461538461538,4901.0,1000,3767110000000.0,1000.0,100.0,4901.0,0.0,0.129841201150726,0.0779955473272085,3767110000000.0,,,,0.0007471741580977,0.0001664133946722
150,150,6.413461538461538,5001.0,1000,3712780000000.0,1000.0,100.0,5001.0,0.0,0.1185804328624264,0.0756009265709033,3712780000000.0,,,,0.000742314708794,0.0001596569816119
151,151,6.413461538461538,5101.0,1000,3658840000000.0,1000.0,100.0,5101.0,0.0,0.1218091353533298,0.0757606778026377,3658840000000.0,,,,0.0007364335535368,0.0001530834228172
152,152,6.413461538461538,5201.0,1000,3605300000000.0,1000.0,100.0,5201.0,0.0,0.1261434486866346,0.0595496424645707,3605300000000.0,,,,0.0007294522355828,0.0001466985104117
153,153,6.413461538461538,5301.0,1000,3552190000000.0,1000.0,100.0,5301.0,0.0,0.1503577846967698,0.0897269618044099,3552190000000.0,,,,0.000721591875761,0.0001405305218182
154,154,6.413461538461538,5401.0,1000,3499520000000.0,1000.0,100.0,5401.0,0.0,0.1527053891060063,0.0892999057621744,3499520000000.0,,,,0.0007127653469348,0.000134573217487
155,155,6.413461538461538,5501.0,1000,3447310000000.0,1000.0,100.0,5501.0,0.0,0.1160752765983711,0.0858994662434879,3447310000000.0,,,,0.0007031271035579,0.0001288380484678
156,156,6.413461538461538,5601.0,1000,3395560000000.0,1000.0,100.0,5601.0,0.0,0.1254910766488263,0.0869134992401511,3395560000000.0,,,,0.000692811949113,0.0001233389447232
157,157,6.413461538461538,5701.0,1000,3344300000000.0,1000.0,100.0,5701.0,0.0,0.121613670896493,0.0876416353299982,3344300000000.0,,,,0.0006818008333222,0.0001180606326762
158,158,6.413461538461538,5801.0,1000,3293540000000.0,1000.0,100.0,5801.0,0.0,0.1370009275388466,0.0756007861363599,3293540000000.0,,,,0.0006701899520368,0.0001130179598061
159,159,6.413461538461538,5901.0,1000,3243280000000.0,1000.0,100.0,5901.0,0.0,0.0901998215508621,0.0755232274044102,3243280000000.0,,,,0.0006581510832699,0.0001082067735328
160,160,6.413461538461538,6001.0,1000,3193540000000.0,1000.0,100.0,6001.0,0.0,0.126504885027619,0.0721371301445749,3193540000000.0,,,,0.0006456185279163,0.0001036114639855
161,161,6.413461538461538,6101.0,1000,3144320000000.0,1000.0,100.0,6101.0,0.0,0.1300155116365673,0.0805332561467353,3144320000000.0,,,,0.0006327617193431,9.925250958767209e-05
162,162,6.413461538461538,6201.0,1000,3095630000000.0,1000.0,100.0,6201.0,0.0,0.1469276025484245,0.0894571331002909,3095630000000.0,,,,0.0006195557110382,9.510018816481704e-05
163,163,6.413461538461538,6301.0,1000,3047470000000.0,1000.0,100.0,6301.0,0.0,0.1157665061326363,0.0829396947918642,3047470000000.0,,,,0.000606154582663,9.115710539614996e-05
164,164,6.413461538461538,6401.0,1000,2999850000000.0,1000.0,100.0,6401.0,0.0,0.1343096672764887,0.0978148157072156,2999850000000.0,,,,0.0005925819165049,8.741630381015728e-05
165,165,6.413461538461538,6501.0,1000,2952770000000.0,1000.0,100.0,6501.0,0.0,0.1146966531667842,0.0777932041666383,2952770000000.0,,,,0.0005788649424745,8.386447972458044e-05
166,166,6.413461538461538,6601.0,1000,2906250000000.0,1000.0,100.0,6601.0,0.0,0.1464525078649036,0.0672868982123587,2906250000000.0,,,,0.0005650772265231,8.049761304669305e-05
167,167,6.413461538461538,6701.0,1000,2860270000000.0,1000.0,100.0,6701.0,0.0,0.1299579336667046,0.0806483695809615,2860270000000.0,,,,0.0005512684627862,7.730233820202007e-05
168,168,6.413461538461538,6801.0,1000,2814850000000.0,1000.0,100.0,6801.0,0.0,0.1272172348272482,0.0899615316844076,2814850000000.0,,,,0.0005374554275005,7.42635218588451e-05
169,169,6.413461538461538,6901.0,1000,2769970000000.0,1000.0,100.0,6901.0,0.0,0.1254218161833054,0.0748127309450874,2769970000000.0,,,,0.0005237353437325,7.138268206453323e-05
170,170,6.413461538461538,7001.0,1000,2725660000000.0,1000.0,100.0,7001.0,0.0,0.1409562378179986,0.0627589657750901,2725660000000.0,,,,0.0005100517182671,6.863842503766644e-05
171,171,6.413461538461538,7101.0,1000,2681900000000.0,1000.0,100.0,7101.0,0.0,0.1102980191588605,0.083078846176578,2681900000000.0,,,,0.0004964908636431,6.6024296714701e-05
172,172,6.413461538461538,7201.0,1000,2638700000000.0,1000.0,100.0,7201.0,0.0,0.1229647428203723,0.0688630272984586,2638700000000.0,,,,0.0004831039003735,6.353169482057901e-05
173,173,6.413461538461538,7301.0,1000,2596050000000.0,1000.0,100.0,7301.0,0.0,0.102165010661548,0.0675598047801973,2596050000000.0,,,,0.0004698460354741,6.114431405338247e-05
174,174,6.413461538461538,7401.0,1000,2553950000000.0,1000.0,100.0,7401.0,0.0,0.1384480505946683,0.0789715615539828,2553950000000.0,,,,0.0004567498279474,5.885625018544172e-05
175,175,6.413461538461538,7501.0,1000,2512410000000.0,1000.0,100.0,7501.0,0.0,0.1428556209115988,0.0900016864212972,2512410000000.0,,,,0.0004439181457036,5.6660867317822016e-05
176,176,6.413461538461538,7601.0,1000,2471430000000.0,1000.0,100.0,7601.0,0.0,0.1305312897606398,0.0827538321991093,2471430000000.0,,,,0.0004312455291772,5.4540091964945495e-05
177,177,6.413461538461538,7701.0,1000,2430990000000.0,1000.0,100.0,7701.0,0.0,0.1398640522979753,0.067873204574888,2430990000000.0,,,,0.0004188517638871,5.2494746994684976e-05
178,178,6.413461538461538,7801.0,1000,2391090000000.0,1000.0,100.0,7801.0,0.0,0.1180294045056279,0.0809606035694631,2391090000000.0,,,,0.0004066637288885,5.0511934289214405e-05
179,179,6.413461538461538,7901.0,1000,2351750000000.0,1000.0,100.0,7901.0,0.0,0.1516507579648816,0.0734054799217125,2351750000000.0,,,,0.0003947133167031,4.858782309714394e-05
180,180,6.413461538461538,8001.0,1000,2312940000000.0,1000.0,100.0,8001.0,0.0,0.1646911223595363,0.0734544190123203,2312940000000.0,,,,0.0003830319256399,4.671467921148909e-05
181,181,6.413461538461538,8101.0,1000,2274680000000.0,1000.0,100.0,8101.0,0.0,0.121919736361908,0.079143754948936,2274680000000.0,,,,0.0003716080999113,4.488971659848718e-05
182,182,6.413461538461538,8201.0,1000,2236950000000.0,1000.0,100.0,8201.0,0.0,0.144944589278174,0.0782570750955057,2236950000000.0,,,,0.000360435182716,4.3103730665993527e-05
183,183,6.413461538461538,8301.0,1000,2199750000000.0,1000.0,100.0,8301.0,0.0,0.1153490264706767,0.0732134382103722,2199750000000.0,,,,0.0003495767638089,4.1357904224513215e-05
184,184,6.413461538461538,8401.0,1000,2163080000000.0,1000.0,100.0,8401.0,0.0,0.1315584568543573,0.0795761996867889,2163080000000.0,,,,0.0003389550079846,3.9650167576710986e-05
185,185,6.413461538461538,8501.0,1000,2126940000000.0,1000.0,100.0,8501.0,0.0,0.1143869442136669,0.0864288585126948,2126940000000.0,,,,0.0003285973597697,3.797505645088002e-05
186,186,6.413461538461538,8601.0,1000,2091320000000.0,1000.0,100.0,8601.0,0.0,0.1210003949242218,0.0848211936235783,2091320000000.0,,,,0.0003185115092463,3.633745957837272e-05
187,187,6.413461538461538,8701.0,1000,2056210000000.0,1000.0,100.0,8701.0,0.0,0.0953325010888938,0.0832846697267496,2056210000000.0,,,,0.0003086959754446,3.473769845536927e-05
188,188,6.413461538461538,8801.0,1000,2021620000000.0,1000.0,100.0,8801.0,0.0,0.1394311978707613,0.075812342385557,2021620000000.0,,,,0.0002991518971644,3.317679432888552e-05
189,189,6.413461538461538,8901.0,1000,1987530000000.0,1000.0,100.0,8901.0,0.0,0.1224463629753264,0.0681048017409157,1987530000000.0,,,,0.000289855740166,3.166188705503176e-05
190,190,6.413461538461538,9001.0,1000,1953950000000.0,1000.0,100.0,9001.0,0.0,0.1087607233848806,0.0797702630932499,1953950000000.0,,,,0.0002808178140172,3.019463598809028e-05
191,191,6.413461538461538,9101.0,1000,1920870000000.0,1000.0,100.0,9101.0,0.0,0.134511439984743,0.0871608710264836,1920870000000.0,,,,0.0002720522156795,2.8781565126369127e-05
192,192,6.413461538461538,9201.0,1000,1888280000000.0,1000.0,100.0,9201.0,0.0,0.131537980251203,0.0794575291258875,1888280000000.0,,,,0.0002635236832593,2.742815375906805e-05
193,193,6.413461538461538,9301.0,1000,1856180000000.0,1000.0,100.0,9301.0,0.0,0.1315816397868233,0.0811116046725276,1856180000000.0,,,,0.0002552572535473,2.615138960516852e-05
194,194,6.413461538461538,9401.0,1000,1824570000000.0,1000.0,100.0,9401.0,0.0,0.11850964663046,0.0798037219752924,1824570000000.0,,,,0.0002472245244531,2.495251920856573e-05
195,195,6.413461538461538,9501.0,1000,1793430000000.0,1000.0,100.0,9501.0,0.0,0.1043878368771238,0.0810409515445509,1793430000000.0,,,,0.0002394272906663,2.3844533688216603e-05
196,196,6.413461538461538,9601.0,1000,1762770000000.0,1000.0,100.0,9601.0,0.0,0.1153680722709416,0.0628919945472904,1762770000000.0,,,,0.0002318759280062,2.2845538823302527e-05
197,197,6.413461538461538,9701.0,1000,1732580000000.0,1000.0,100.0,9701.0,0.0,0.1274508967482432,0.0829874086600729,1732580000000.0,,,,0.0002245425968466,2.1958242610584585e-05
198,198,6.413461538461538,9801.0,1000,1702850000000.0,1000.0,100.0,9801.0,0.0,0.1361713960772393,0.0606184137337291,1702850000000.0,,,,0.0002174336471878,2.1210006026015748e-05
199,199,6.413461538461538,9901.0,1000,1673580000000.0,1000.0,100.0,9901.0,0.0,0.1231578850529388,0.0868305232269588,1673580000000.0,,,,0.0002105499215561,2.060869650345569e-05
200,200,4.16875,1.0,1000,648890000000.0,1000.0,100.0,1.0,0.0,0.1084234755716808,0.0823751997662063,648890000000.0,,,,,
201,201,4.16875,101.0,1000,2882200000000.0,1000.0,100.0,101.0,0.0,0.0982861596304846,0.0734839869820584,2882200000000.0,,,,1.2013476835232562e-05,5.858712380153231e-06
202,202,4.16875,201.0,1000,3518430000000.0,1000.0,100.0,201.0,0.0,0.1210982096958197,0.0742944640321782,3518430000000.0,,,,2.9391789799324672e-05,1.740658707845018e-05
203,203,4.16875,301.0,1000,3923050000000.0,1000.0,100.0,301.0,0.0,0.1189931489574461,0.0829325898166128,3923050000000.0,,,,5.034005197468639e-05,2.74179063274242e-05
204,204,4.16875,401.0,1000,4216560000000.0,1000.0,100.0,401.0,0.0,0.1272831661951209,0.075177579349824,4216560000000.0,,,,7.292707609914683e-05,3.92486775343264e-05
205,205,4.16875,501.0,1000,4442710000000.0,1000.0,100.0,501.0,0.0,0.1316938960213143,0.0878155513128857,4442710000000.0,,,,9.65778457391753e-05,5.4030358700842e-05
206,206,4.16875,601.0,1000,4622990000000.0,1000.0,100.0,601.0,0.0,0.1304190390563115,0.073382911706804,4622990000000.0,,,,0.0001205294071111,6.878946791238914e-05
207,207,4.16875,701.0,1000,4769720000000.0,1000.0,100.0,701.0,0.0,0.1603687775940296,0.0754763768982366,4769720000000.0,,,,0.0001455069497637,8.280746637333394e-05
208,208,4.16875,801.0,1000,4890720000000.0,1000.0,100.0,801.0,0.0,0.1298777311609709,0.0772498116267975,4890720000000.0,,,,0.0001707831211665,9.57447995616356e-05
209,209,4.16875,901.0,1000,4991300000000.0,1000.0,100.0,901.0,0.0,0.1289193630225111,0.082176688019269,4991300000000.0,,,,0.0001962712357106,0.0001074301417816
210,210,4.16875,1001.0,1000,5075240000000.0,1000.0,100.0,1001.0,0.0,0.1086707816256599,0.0732939265896794,5075240000000.0,,,,0.0002219255232276,0.0001168715910226
211,211,4.16875,1101.0,1000,5145360000000.0,1000.0,100.0,1101.0,0.0,0.1305988648812042,0.0789408361819914,5145360000000.0,,,,0.0002476135800629,0.0001245760896013
212,212,4.16875,1201.0,1000,5203810000000.0,1000.0,100.0,1201.0,0.0,0.1406521149732592,0.0769807362627219,5203810000000.0,,,,0.0002732418606138,0.0001740071798973
213,213,4.16875,1301.0,1000,5252250000000.0,1000.0,100.0,1301.0,0.0,0.1261592444984718,0.0576434010611661,5252250000000.0,,,,0.0002987702226819,0.0001891902308716
214,214,4.16875,1401.0,1000,5292060000000.0,1000.0,100.0,1401.0,0.0,0.1090130034508853,0.0634613851715825,5292060000000.0,,,,0.0003239121724565,0.0002116745257076
215,215,4.16875,1501.0,1000,5324320000000.0,1000.0,100.0,1501.0,0.0,0.1181206561919385,0.0818280564173034,5324320000000.0,,,,0.0003482898360542,0.0002262452514298
216,216,4.16875,1601.0,1000,5349940000000.0,1000.0,100.0,1601.0,0.0,0.1723742084060329,0.0736912117438714,5349940000000.0,,,,0.0003711267507933,0.000241668661773
217,217,4.16875,1701.0,1000,5369680000000.0,1000.0,100.0,1701.0,0.0,0.0969422927227106,0.0893167585678023,5369680000000.0,,,,0.0003916357905612,0.0002539611071093
218,218,4.16875,1801.0,1000,5384190000000.0,1000.0,100.0,1801.0,0.0,0.1510387019514611,0.0805930772324094,5384190000000.0,,,,0.0004089752822921,0.0002653277549451
219,219,4.16875,1901.0,1000,5394010000000.0,1000.0,100.0,1901.0,0.0,0.1107982813790555,0.0862599019938963,5394010000000.0,,,,0.0004357401697188,0.0002757544123691
220,220,4.16875,2001.0,1000,5399630000000.0,1000.0,100.0,2001.0,0.0,0.1237494858067733,0.1060269458183164,5399630000000.0,,,,0.0004604507541928,0.0002848217078552
221,221,4.16875,2101.0,1000,5401440000000.0,1000.0,100.0,2101.0,0.0,0.1325064646889659,0.086541902567826,5401440000000.0,,,,0.0004848676611876,0.0002923736795269
222,222,4.16875,2201.0,1000,5399820000000.0,1000.0,100.0,2201.0,0.0,0.125835245446047,0.0785138954084123,5399820000000.0,,,,0.000508869181071,0.0003054362680326
223,223,4.16875,2301.0,1000,5395080000000.0,1000.0,100.0,2301.0,0.0,0.1300538767554708,0.0796033214429436,5395080000000.0,,,,0.0005324947989546,0.0003043042478438
224,224,4.16875,2401.0,1000,5387500000000.0,1000.0,100.0,2401.0,0.0,0.1483109157688393,0.0782143329231102,5387500000000.0,,,,0.0005558592311933,0.0003040799486154
225,225,4.16875,2501.0,1000,5377330000000.0,1000.0,100.0,2501.0,0.0,0.1232192888139144,0.0766759934354429,5377330000000.0,,,,0.0005787469836529,0.0003071587531159
226,226,4.16875,2601.0,1000,5364800000000.0,1000.0,100.0,2601.0,0.0,0.1553223038666216,0.0711547102814458,5364800000000.0,,,,0.000601265434401,0.0003099227503911
227,227,4.16875,2701.0,1000,5350110000000.0,1000.0,100.0,2701.0,0.0,0.0967295722229104,0.079533181113377,5350110000000.0,,,,0.0006234828401781,0.0003114967899023
228,228,4.16875,2801.0,1000,5333430000000.0,1000.0,100.0,2801.0,0.0,0.1373948316613706,0.0835874785396575,5333430000000.0,,,,0.0006451967498008,0.0003108970753082
229,229,4.16875,2901.0,1000,5314940000000.0,1000.0,100.0,2901.0,0.0,0.1200108235621317,0.0737092250997017,5314940000000.0,,,,0.0006666212337164,0.0003113134883143
230,230,4.16875,3001.0,1000,5294780000000.0,1000.0,100.0,3001.0,0.0,0.1213185004088338,0.0866242639799269,5294780000000.0,,,,0.0006875548148596,0.0003107881727713
231,231,4.16875,3101.0,1000,5273080000000.0,1000.0,100.0,3101.0,0.0,0.1263488058566097,0.0719854772176893,5273080000000.0,,,,0.0007080753206859,0.0003093737110846
232,232,4.16875,3201.0,1000,5249980000000.0,1000.0,100.0,3201.0,0.0,0.120640501673025,0.0667736011462914,5249980000000.0,,,,0.0007282322867125,0.0003080286356244
233,233,4.16875,3301.0,1000,5225580000000.0,1000.0,100.0,3301.0,0.0,0.1420168242867366,0.070325247633557,5225580000000.0,,,,0.000747807212873,0.0003058523099236
234,234,4.16875,3401.0,1000,5199990000000.0,1000.0,100.0,3401.0,0.0,0.1177162091711342,0.0794323057964682,5199990000000.0,,,,0.0007668837297307,0.0003028264242187
235,235,4.16875,3501.0,1000,5173300000000.0,1000.0,100.0,3501.0,0.0,0.1227697791002778,0.0778073738112482,5173300000000.0,,,,0.0007854676687596,0.0002990846447759
236,236,4.16875,3601.0,1000,5145600000000.0,1000.0,100.0,3601.0,0.0,0.1239222962280693,0.0742399421373973,5145600000000.0,,,,0.0008033339540672,0.0002947378671084
237,237,4.16875,3701.0,1000,5116970000000.0,1000.0,100.0,3701.0,0.0,0.1273731680856573,0.079714378942374,5116970000000.0,,,,0.000820551182874,0.0002897573543984
238,238,4.16875,3801.0,1000,5087500000000.0,1000.0,100.0,3801.0,0.0,0.12386122028388,0.0837057032263674,5087500000000.0,,,,0.000836883565272,0.0002843162759401
239,239,4.16875,3901.0,1000,5057240000000.0,1000.0,100.0,3901.0,0.0,0.1098179133923832,0.0872372602141689,5057240000000.0,,,,0.0008522688774557,0.0002784435102258
240,240,4.16875,4001.0,1000,5026260000000.0,1000.0,100.0,4001.0,0.0,0.121604938279865,0.0683686007664184,5026260000000.0,,,,0.0008667189046783,0.0002721910762661
241,241,4.16875,4101.0,1000,4994630000000.0,1000.0,100.0,4101.0,0.0,0.098435707981831,0.0801773404006788,4994630000000.0,,,,0.0008799686492893,0.0002656555583036
242,242,4.16875,4201.0,1000,4962390000000.0,1000.0,100.0,4201.0,0.0,0.1384389190145126,0.0757868015832746,4962390000000.0,,,,0.0008919935055599,0.0002588610019929
243,243,4.16875,4301.0,1000,4929610000000.0,1000.0,100.0,4301.0,0.0,0.1269560312341893,0.0869647687621342,4929610000000.0,,,,0.0009028356098119,0.0002518837206628
244,244,4.16875,4401.0,1000,4896320000000.0,1000.0,100.0,4401.0,0.0,0.1050745700564751,0.0936043537743244,4896320000000.0,,,,0.000912160952682,0.0002447797114077
245,245,4.16875,4501.0,1000,4862580000000.0,1000.0,100.0,4501.0,0.0,0.1234380297301176,0.0759233394082382,4862580000000.0,,,,0.0009201293599754,0.0002375694008805
246,246,4.16875,4601.0,1000,4828430000000.0,1000.0,100.0,4601.0,0.0,0.143776577155101,0.0810497906285664,4828430000000.0,,,,0.0009265630723693,0.0002303176555101
247,247,4.16875,4701.0,1000,4793900000000.0,1000.0,100.0,4701.0,0.0,0.1256812541828069,0.0724182489664514,4793900000000.0,,,,0.0009315074149284,0.0002230669224032
248,248,4.16875,4801.0,1000,4759040000000.0,1000.0,100.0,4801.0,0.0,0.120627089887345,0.0799676052177717,4759040000000.0,,,,0.0009350150974621,0.0002158406375658
249,249,4.16875,4901.0,1000,4723880000000.0,1000.0,100.0,4901.0,0.0,0.128361474854907,0.0864745175554421,4723880000000.0,,,,0.0009369413322029,0.0002086790422431
250,250,4.16875,5001.0,1000,4688450000000.0,1000.0,100.0,5001.0,0.0,0.1296682936372976,0.0797880263989089,4688450000000.0,,,,0.0009373853006225,0.0002016127471701
251,251,4.16875,5101.0,1000,4652780000000.0,1000.0,100.0,5101.0,0.0,0.1153199753780103,0.0750235401392744,4652780000000.0,,,,0.0009364889717028,0.0001946692088245
252,252,4.16875,5201.0,1000,4616910000000.0,1000.0,100.0,5201.0,0.0,0.1415265557932054,0.0835153790810863,4616910000000.0,,,,0.0009341290103416,0.0001878605995909
253,253,4.16875,5301.0,1000,4580850000000.0,1000.0,100.0,5301.0,0.0,0.1417348443478513,0.0702899996293552,4580850000000.0,,,,0.0009305538679181,0.0001812260157455
254,254,4.16875,5401.0,1000,4544640000000.0,1000.0,100.0,5401.0,0.0,0.1460509427734069,0.0802540711094109,4544640000000.0,,,,0.0009256303453884,0.0001747630609684
255,255,4.16875,5501.0,1000,4508290000000.0,1000.0,100.0,5501.0,0.0,0.1248911843619837,0.0751588692419823,4508290000000.0,,,,0.0009195288180347,0.0001684905870162
256,256,4.16875,5601.0,1000,4471840000000.0,1000.0,100.0,5601.0,0.0,0.1233352400503832,0.0792241908780936,4471840000000.0,,,,0.0009124103790013,0.0001624333030697
257,257,4.16875,5701.0,1000,4435300000000.0,1000.0,100.0,5701.0,0.0,0.1424363616120947,0.0796250255279186,4435300000000.0,,,,0.0009042224788548,0.0001565751649399
258,258,4.16875,5801.0,1000,4398700000000.0,1000.0,100.0,5801.0,0.0,0.1406072186233823,0.0840233401646832,4398700000000.0,,,,0.0008950747651537,0.0001509415704072
259,259,4.16875,5901.0,1000,4362040000000.0,1000.0,100.0,5901.0,0.0,0.1417053430629928,0.0724574855827695,4362040000000.0,,,,0.0008851783846189,0.0001455323852462
260,260,4.16875,6001.0,1000,4325360000000.0,1000.0,100.0,6001.0,0.0,0.1309196972700009,0.0704345566882829,4325360000000.0,,,,0.0008744316826807,0.0001403323214565
261,261,4.16875,6101.0,1000,4288660000000.0,1000.0,100.0,6101.0,0.0,0.1550839246509443,0.0951297102313712,4288660000000.0,,,,0.0008630482505845,0.0001353743473209
262,262,4.16875,6201.0,1000,4251970000000.0,1000.0,100.0,6201.0,0.0,0.1480854171755031,0.0836636735548809,4251970000000.0,,,,0.0008509842250732,0.0001306238623708
263,263,4.16875,6301.0,1000,4215290000000.0,1000.0,100.0,6301.0,0.0,0.1184818560659133,0.0884591977137,4215290000000.0,,,,0.0008384388856178,0.0001260893904797
264,264,4.16875,6401.0,1000,4178640000000.0,1000.0,100.0,6401.0,0.0,0.1327275518094506,0.0772268003439037,4178640000000.0,,,,0.0008254367716999,0.0001217665095765
265,265,4.16875,6501.0,1000,4142040000000.0,1000.0,100.0,6501.0,0.0,0.1264825836603816,0.0890607734729189,4142040000000.0,,,,0.0008120110087569,0.000117642088479
266,266,4.16875,6601.0,1000,4105490000000.0,1000.0,100.0,6601.0,0.0,0.0939446200511166,0.1017401206191813,4105490000000.0,,,,0.0007982516654515,0.0001137142865847
267,267,4.16875,6701.0,1000,4069020000000.0,1000.0,100.0,6701.0,0.0,0.140480126550061,0.0974365336994106,4069020000000.0,,,,0.0007842344955008,0.0001099703035695
268,268,4.16875,6801.0,1000,4032620000000.0,1000.0,100.0,6801.0,0.0,0.1248334320873095,0.0791765357151293,4032620000000.0,,,,0.0007699712261922,0.0001063916597752
269,269,4.16875,6901.0,1000,3996320000000.0,1000.0,100.0,6901.0,0.0,0.1407673245469982,0.0945507630484899,3996320000000.0,,,,0.0007556089159324,0.0001029859673527
270,270,4.16875,7001.0,1000,3960120000000.0,1000.0,100.0,7001.0,0.0,0.126465959293595,0.085006743316896,3960120000000.0,,,,0.0007410557481652,9.972498395257062e-05
271,271,4.16875,7101.0,1000,3924030000000.0,1000.0,100.0,7101.0,0.0,0.1346684004474796,0.0930176714250894,3924030000000.0,,,,0.0007264420909287,9.660364705521764e-05
272,272,4.16875,7201.0,1000,3888060000000.0,1000.0,100.0,7201.0,0.0,0.1382950123614676,0.0794029350365786,3888060000000.0,,,,0.000711841797433,9.361240056243622e-05
273,273,4.16875,7301.0,1000,3852210000000.0,1000.0,100.0,7301.0,0.0,0.120121301906684,0.0795979164072173,3852210000000.0,,,,0.0006971921173759,9.073043201771172e-05
274,274,4.16875,7401.0,1000,3816500000000.0,1000.0,100.0,7401.0,0.0,0.1739132982877242,0.0794181888546219,3816500000000.0,,,,0.0006825449669576,8.79519484847935e-05
275,275,4.16875,7501.0,1000,3780940000000.0,1000.0,100.0,7501.0,0.0,0.1281397490066742,0.0769388443666182,3780940000000.0,,,,0.0006680549248796,8.526925926765376e-05
276,276,4.16875,7601.0,1000,3745520000000.0,1000.0,100.0,7601.0,0.0,0.1270882974214668,0.0955756752239501,3745520000000.0,,,,0.0006535644361539,8.265700637142976e-05
277,277,4.16875,7701.0,1000,3710260000000.0,1000.0,100.0,7701.0,0.0,0.1439126511103435,0.0722450976472404,3710260000000.0,,,,0.0006392658733601,8.011927650237141e-05
278,278,4.16875,7801.0,1000,3675170000000.0,1000.0,100.0,7801.0,0.0,0.1106100284587121,0.0689450346896264,3675170000000.0,,,,0.0006250531500274,7.763820916054692e-05
279,279,4.16875,7901.0,1000,3640240000000.0,1000.0,100.0,7901.0,0.0,0.1545343709271967,0.0757692257463144,3640240000000.0,,,,0.0006109710658001,7.520839253795993e-05
280,280,4.16875,8001.0,1000,3605490000000.0,1000.0,100.0,8001.0,0.0,0.1360096471985082,0.059401500811807,3605490000000.0,,,,0.0005970832695944,7.282044011095478e-05
281,281,4.16875,8101.0,1000,3570910000000.0,1000.0,100.0,8101.0,0.0,0.1360329943559673,0.0709246769667922,3570910000000.0,,,,0.0005833695640944,7.047019268587399e-05
282,282,4.16875,8201.0,1000,3536530000000.0,1000.0,100.0,8201.0,0.0,0.1202336810321273,0.0574701396321422,3536530000000.0,,,,0.0005698338526703,6.814530347670089e-05
283,283,4.16875,8301.0,1000,3502330000000.0,1000.0,100.0,8301.0,0.0,0.1190223779749855,0.077986101139703,3502330000000.0,,,,0.0005565783326245,6.584795031373536e-05
284,284,4.16875,8401.0,1000,3468320000000.0,1000.0,100.0,8401.0,0.0,0.1199319245450533,0.0976542484613794,3468320000000.0,,,,0.0005434863404466,6.35757665965467e-05
285,285,4.16875,8501.0,1000,3434510000000.0,1000.0,100.0,8501.0,0.0,0.1276941852360183,0.1088935504004196,3434510000000.0,,,,0.0005306077830605,6.132082293393886e-05
286,286,4.16875,8601.0,1000,3400900000000.0,1000.0,100.0,8601.0,0.0,0.1392397586757818,0.0772828727072832,3400900000000.0,,,,0.0005179627181855,5.909189711765191e-05
287,287,4.16875,8701.0,1000,3367490000000.0,1000.0,100.0,8701.0,0.0,0.1641104739031716,0.0777159177310932,3367490000000.0,,,,0.0005055566359224,5.689051807523135e-05
288,288,4.16875,8801.0,1000,3334290000000.0,1000.0,100.0,8801.0,0.0,0.1442331026132703,0.0717267776381241,3334290000000.0,,,,0.0004933959790645,5.471901423752224e-05
289,289,4.16875,8901.0,1000,3301300000000.0,1000.0,100.0,8901.0,0.0,0.1241447825175849,0.0806162085336351,3301300000000.0,,,,0.0004814522321727,5.2590596234912845e-05
290,290,4.16875,9001.0,1000,3268530000000.0,1000.0,100.0,9001.0,0.0,0.131275635258821,0.0929887003334036,3268530000000.0,,,,0.0004697466412394,5.05090066614564e-05
291,291,4.16875,9101.0,1000,3235960000000.0,1000.0,100.0,9101.0,0.0,0.1530843397243295,0.0827210803061088,3235960000000.0,,,,0.000458307999943,4.848635955911927e-05
292,292,4.16875,9201.0,1000,3203620000000.0,1000.0,100.0,9201.0,0.0,0.1507208531879931,0.0796923537134806,3203620000000.0,,,,0.0004470892781596,4.653408495860021e-05
293,293,4.16875,9301.0,1000,3171500000000.0,1000.0,100.0,9301.0,0.0,0.1319167176603459,0.0781957515643566,3171500000000.0,,,,0.0004361367861012,4.4682698947727024e-05
294,294,4.16875,9401.0,1000,3139600000000.0,1000.0,100.0,9401.0,0.0,0.1158226192603759,0.0842149774432941,3139600000000.0,,,,0.0004254076944008,4.293665318799112e-05
295,295,4.16875,9501.0,1000,3107920000000.0,1000.0,100.0,9501.0,0.0,0.1166069521433288,0.0765769811070487,3107920000000.0,,,,0.0004149149201294,4.1321324579315695e-05
296,296,4.16875,9601.0,1000,3076470000000.0,1000.0,100.0,9601.0,0.0,0.128217313369218,0.0697915230855392,3076470000000.0,,,,0.0004046808921375,3.987112035247112e-05
297,297,4.16875,9701.0,1000,3045240000000.0,1000.0,100.0,9701.0,0.0,0.1385214468703197,0.0643309041066488,3045240000000.0,,,,0.0003946635062284,3.859453458279364e-05
298,298,4.16875,9801.0,1000,3014240000000.0,1000.0,100.0,9801.0,0.0,0.1247098469178884,0.0743711849965256,3014240000000.0,,,,0.000384882518542,3.754414573442036e-05
299,299,4.16875,9901.0,1000,2983480000000.0,1000.0,100.0,9901.0,0.0,0.163008853541113,0.0979751036891352,2983480000000.0,,,,0.0003753459529656,3.673898698844989e-05
300,300,2.779166666666667,1.0,1000,567158000000.0,1000.0,100.0,1.0,0.0,0.1338232657663296,0.0815866919267636,567158000000.0,,,,,
301,301,2.779166666666667,101.0,1000,2548110000000.0,1000.0,100.0,101.0,0.0,0.1215986221522043,0.0760774510397811,2548110000000.0,,,,1.0620935555695109e-05,5.179600167577631e-06
302,302,2.779166666666667,201.0,1000,3133720000000.0,1000.0,100.0,201.0,0.0,0.1192437032690362,0.0632117154652109,3133720000000.0,,,,2.6178050872104807e-05,1.550332678481053e-05
303,303,2.779166666666667,301.0,1000,3516810000000.0,1000.0,100.0,301.0,0.0,0.1376252741977536,0.0913995503013274,3516810000000.0,,,,4.51272347242826e-05,2.4578725010221303e-05
304,304,2.779166666666667,401.0,1000,3802610000000.0,1000.0,100.0,401.0,0.0,0.1336722683101431,0.0735436955174403,3802610000000.0,,,,6.57676468128941e-05,3.539553894141312e-05
305,305,2.779166666666667,501.0,1000,4029330000000.0,1000.0,100.0,501.0,0.0,0.1219780637677464,0.0813106268725398,4029330000000.0,,,,8.759158512984895e-05,4.900300609854428e-05
306,306,2.779166666666667,601.0,1000,4215710000000.0,1000.0,100.0,601.0,0.0,0.123050125684539,0.087696325210563,4215710000000.0,,,,0.0001099109076274,6.272919642329705e-05
307,307,2.779166666666667,701.0,1000,4372510000000.0,1000.0,100.0,701.0,0.0,0.1485693872673461,0.064322982378105,4372510000000.0,,,,0.0001333895056547,7.591147379554071e-05
308,308,2.779166666666667,801.0,1000,4506540000000.0,1000.0,100.0,801.0,0.0,0.1370563279880924,0.0910802459623284,4506540000000.0,,,,0.0001573676200767,8.822377257673579e-05
309,309,2.779166666666667,901.0,1000,4622450000000.0,1000.0,100.0,901.0,0.0,0.133315390293799,0.0787142388492201,4622450000000.0,,,,0.0001817670694029,9.94912064749513e-05
310,310,2.779166666666667,1001.0,1000,4723520000000.0,1000.0,100.0,1001.0,0.0,0.1205229187830266,0.083747279668585,4723520000000.0,,,,0.0002065458278773,0.0001087722546376
311,311,2.779166666666667,1101.0,1000,4812190000000.0,1000.0,100.0,1101.0,0.0,0.110007158272597,0.0621212660329209,4812190000000.0,,,,0.0002315802186519,0.0001165095955615
312,312,2.779166666666667,1201.0,1000,4890350000000.0,1000.0,100.0,1201.0,0.0,0.133267906196762,0.0756136879384518,4890350000000.0,,,,0.0002567826905772,0.0001635255730341
313,313,2.779166666666667,1301.0,1000,4959460000000.0,1000.0,100.0,1301.0,0.0,0.1494305286929986,0.087818538218469,4959460000000.0,,,,0.0002821150875495,0.0001786437017276
314,314,2.779166666666667,1401.0,1000,5020690000000.0,1000.0,100.0,1401.0,0.0,0.145794160843995,0.0680145812433648,5020690000000.0,,,,0.0003073023747143,0.0002008201294911
315,315,2.779166666666667,1501.0,1000,5074990000000.0,1000.0,100.0,1501.0,0.0,0.1251471113194386,0.0808615090910049,5074990000000.0,,,,0.0003319799401758,0.0002156505222364
316,316,2.779166666666667,1601.0,1000,5123160000000.0,1000.0,100.0,1601.0,0.0,0.1451561722848186,0.0756342345732349,5123160000000.0,,,,0.0003553949622976,0.0002314245059288
317,317,2.779166666666667,1701.0,1000,5165850000000.0,1000.0,100.0,1701.0,0.0,0.1413912471217315,0.0664717978461733,5165850000000.0,,,,0.0003767695186065,0.0002443208878668
318,318,2.779166666666667,1801.0,1000,5203630000000.0,1000.0,100.0,1801.0,0.0,0.1090900117785669,0.0816692025700634,5203630000000.0,,,,0.000395260205935,0.0002564299301223
319,319,2.779166666666667,1901.0,1000,5236970000000.0,1000.0,100.0,1901.0,0.0,0.129522587123899,0.085478937960347,5236970000000.0,,,,0.000423054127933,0.0002677261601192
320,320,2.779166666666667,2001.0,1000,5266290000000.0,1000.0,100.0,2001.0,0.0,0.1221736459299157,0.0699972076265879,5266290000000.0,,,,0.0004490802522206,0.0002777882395388
321,321,2.779166666666667,2101.0,1000,5291940000000.0,1000.0,100.0,2101.0,0.0,0.1419868192205731,0.0836268173169498,5291940000000.0,,,,0.0004750382436804,0.0002864465715875
322,322,2.779166666666667,2201.0,1000,5314240000000.0,1000.0,100.0,2201.0,0.0,0.1431429157286498,0.0605273610549498,5314240000000.0,,,,0.0005008042780713,0.0003005955074483
323,323,2.779166666666667,2301.0,1000,5333470000000.0,1000.0,100.0,2301.0,0.0,0.1400433255067303,0.0781791498741225,5333470000000.0,,,,0.000526413887353,0.0003008291956277
324,324,2.779166666666667,2401.0,1000,5349860000000.0,1000.0,100.0,2401.0,0.0,0.1183211616258075,0.0794137277943379,5349860000000.0,,,,0.0005519756968152,0.0003019554810022
325,325,2.779166666666667,2501.0,1000,5363650000000.0,1000.0,100.0,2501.0,0.0,0.127727080673705,0.0728118204691725,5363650000000.0,,,,0.0005772746435256,0.0003063773371078
326,326,2.779166666666667,2601.0,1000,5375020000000.0,1000.0,100.0,2601.0,0.0,0.1537374184997904,0.0761423485488536,5375020000000.0,,,,0.0006024108513298,0.0003105131564656
327,327,2.779166666666667,2701.0,1000,5384150000000.0,1000.0,100.0,2701.0,0.0,0.1348268949456558,0.0748146415029435,5384150000000.0,,,,0.000627449741023,0.0003134786838686
328,328,2.779166666666667,2801.0,1000,5391200000000.0,1000.0,100.0,2801.0,0.0,0.1394871506165663,0.0708664128580613,5391200000000.0,,,,0.0006521853136773,0.0003142646125291
329,329,2.779166666666667,2901.0,1000,5396310000000.0,1000.0,100.0,2901.0,0.0,0.13665461052576,0.092124623796052,5396310000000.0,,,,0.0006768269876454,0.0003160795964066
330,330,2.779166666666667,3001.0,1000,5399610000000.0,1000.0,100.0,3001.0,0.0,0.1063175799771725,0.0771105067552399,5399610000000.0,,,,0.0007011675374358,0.0003169413886087
331,331,2.779166666666667,3101.0,1000,5401230000000.0,1000.0,100.0,3101.0,0.0,0.1382731217258583,0.0756233996884233,5401230000000.0,,,,0.0007252834518627,0.0003168923228021
332,332,2.779166666666667,3201.0,1000,5401270000000.0,1000.0,100.0,3201.0,0.0,0.1188002364416054,0.0909606515566756,5401270000000.0,,,,0.0007492179404972,0.0003169051746367
333,333,2.779166666666667,3301.0,1000,5399830000000.0,1000.0,100.0,3301.0,0.0,0.1376505911790129,0.0813943846692353,5399830000000.0,,,,0.000772743278696,0.0003160511328302
334,334,2.779166666666667,3401.0,1000,5397010000000.0,1000.0,100.0,3401.0,0.0,0.0949639800188921,0.084906336042404,5397010000000.0,,,,0.0007959398303061,0.0003143000736102
335,335,2.779166666666667,3501.0,1000,5392880000000.0,1000.0,100.0,3501.0,0.0,0.1493123031867661,0.0700324424459493,5392880000000.0,,,,0.0008188067348695,0.0003117792509847
336,336,2.779166666666667,3601.0,1000,5387530000000.0,1000.0,100.0,3601.0,0.0,0.1325918593877196,0.0738388072225266,5387530000000.0,,,,0.000841104201173,0.0003085955187311
337,337,2.779166666666667,3701.0,1000,5381030000000.0,1000.0,100.0,3701.0,0.0,0.1014547046132395,0.09355597214244,5381030000000.0,,,,0.0008628955283265,0.0003047102126334
338,338,2.779166666666667,3801.0,1000,5373450000000.0,1000.0,100.0,3801.0,0.0,0.1225137333085762,0.0827231732786156,5373450000000.0,,,,0.0008839217678252,0.000300296666919
339,339,2.779166666666667,3901.0,1000,5364850000000.0,1000.0,100.0,3901.0,0.0,0.1252664476204689,0.0656474582628018,5364850000000.0,,,,0.0009041087010343,0.0002953800226675
340,340,2.779166666666667,4001.0,1000,5355280000000.0,1000.0,100.0,4001.0,0.0,0.1459299766834704,0.0797812726530072,5355280000000.0,,,,0.0009234545001344,0.000290008759377
341,341,2.779166666666667,4101.0,1000,5344820000000.0,1000.0,100.0,4101.0,0.0,0.1520726092964723,0.0844164793212326,5344820000000.0,,,,0.0009416661566712,0.0002842815466075
342,342,2.779166666666667,4201.0,1000,5333490000000.0,1000.0,100.0,4201.0,0.0,0.143985776612452,0.0743102794963114,5333490000000.0,,,,0.0009586990224405,0.0002782192785168
343,343,2.779166666666667,4301.0,1000,5321360000000.0,1000.0,100.0,4301.0,0.0,0.1234216015395546,0.082827855184583,5321360000000.0,,,,0.0009745828373094,0.0002719006079155
344,344,2.779166666666667,4401.0,1000,5308460000000.0,1000.0,100.0,4401.0,0.0,0.1267548256093584,0.0766121432772389,5308460000000.0,,,,0.0009889406596943,0.0002653836568728
345,345,2.779166666666667,4501.0,1000,5294850000000.0,1000.0,100.0,4501.0,0.0,0.1143642830102213,0.0762255547636266,5294850000000.0,,,,0.0010019263316317,0.0002586886677962
346,346,2.779166666666667,4601.0,1000,5280550000000.0,1000.0,100.0,4601.0,0.0,0.1456686498716516,0.077581582489203,5280550000000.0,,,,0.0010133237163633,0.0002518839241335
347,347,2.779166666666667,4701.0,1000,5265610000000.0,1000.0,100.0,4701.0,0.0,0.13702871619127,0.0883062451626626,5265610000000.0,,,,0.0010231658480822,0.0002450162534212
348,348,2.779166666666667,4801.0,1000,5250060000000.0,1000.0,100.0,4801.0,0.0,0.145299677359403,0.0855476190123254,5250060000000.0,,,,0.0010314864684015,0.0002381102696465
349,349,2.779166666666667,4901.0,1000,5233930000000.0,1000.0,100.0,4901.0,0.0,0.1146827510565929,0.0876590780867676,5233930000000.0,,,,0.0010381054020967,0.0002312106784184
350,350,2.779166666666667,5001.0,1000,5217260000000.0,1000.0,100.0,5001.0,0.0,0.1255682931099234,0.0859344018258717,5217260000000.0,,,,0.0010431129335976,0.0002243526370764
351,351,2.779166666666667,5101.0,1000,5200070000000.0,1000.0,100.0,5101.0,0.0,0.1462877421618153,0.0829335510325296,5200070000000.0,,,,0.0010466448461098,0.0002175674570325
352,352,2.779166666666667,5201.0,1000,5182400000000.0,1000.0,100.0,5201.0,0.0,0.1171164230126952,0.072203283770814,5182400000000.0,,,,0.001048543329455,0.0002108702078489
353,353,2.779166666666667,5301.0,1000,5164260000000.0,1000.0,100.0,5301.0,0.0,0.1252424914245345,0.0802643898447313,5164260000000.0,,,,0.0010490677751803,0.0002043066819638
354,354,2.779166666666667,5401.0,1000,5145690000000.0,1000.0,100.0,5401.0,0.0,0.1183892708246444,0.0923181145682839,5145690000000.0,,,,0.0010480493090677,0.0001978762971753
355,355,2.779166666666667,5501.0,1000,5126710000000.0,1000.0,100.0,5501.0,0.0,0.1456724562410524,0.0746434365811626,5126710000000.0,,,,0.0010456642289442,0.0001916031083541
356,356,2.779166666666667,5601.0,1000,5107340000000.0,1000.0,100.0,5601.0,0.0,0.1344494768378756,0.0842787663199278,5107340000000.0,,,,0.0010420744089879,0.0001855169474087
357,357,2.779166666666667,5701.0,1000,5087600000000.0,1000.0,100.0,5701.0,0.0,0.1231282677312687,0.075825276348696,5087600000000.0,,,,0.00103720656628,0.0001796026895922
358,358,2.779166666666667,5801.0,1000,5067510000000.0,1000.0,100.0,5801.0,0.0,0.112766674881476,0.072608465845016,5067510000000.0,,,,0.001031168373193,0.0001738918129116
359,359,2.779166666666667,5901.0,1000,5047090000000.0,1000.0,100.0,5901.0,0.0,0.1550048097725983,0.0852135234662351,5047090000000.0,,,,0.001024193948984,0.0001683879666973
360,360,2.779166666666667,6001.0,1000,5026370000000.0,1000.0,100.0,6001.0,0.0,0.1250206768889358,0.0764931607265715,5026370000000.0,,,,0.0010161506040829,0.0001630759452622
361,361,2.779166666666667,6101.0,1000,5005350000000.0,1000.0,100.0,6101.0,0.0,0.1483005738013393,0.0799173085883014,5005350000000.0,,,,0.001007274664129,0.0001579971341544
362,362,2.779166666666667,6201.0,1000,4984050000000.0,1000.0,100.0,6201.0,0.0,0.1123232617022682,0.0887997237360883,4984050000000.0,,,,0.0009975018466678,0.0001531139357167
363,363,2.779166666666667,6301.0,1000,4962500000000.0,1000.0,100.0,6301.0,0.0,0.1284326963031894,0.07495150255253,4962500000000.0,,,,0.0009870620929707,0.000148440226
364,364,2.779166666666667,6401.0,1000,4940700000000.0,1000.0,100.0,6401.0,0.0,0.1206671340213303,0.0720446769292107,4940700000000.0,,,,0.0009759719568898,0.0001439731094004
365,365,2.779166666666667,6501.0,1000,4918670000000.0,1000.0,100.0,6501.0,0.0,0.1209047484998118,0.0958501517495911,4918670000000.0,,,,0.0009642625827956,0.0001396999090639
366,366,2.779166666666667,6601.0,1000,4896430000000.0,1000.0,100.0,6601.0,0.0,0.099225885153804,0.0789806084071782,4896430000000.0,,,,0.0009520382225427,0.000135621824499
367,367,2.779166666666667,6701.0,1000,4873990000000.0,1000.0,100.0,6701.0,0.0,0.1288528662893172,0.0842941413805766,4873990000000.0,,,,0.0009393787911404,0.0001317256144955
368,368,2.779166666666667,6801.0,1000,4851350000000.0,1000.0,100.0,6801.0,0.0,0.1015328216760008,0.0722524633980456,4851350000000.0,,,,0.0009262960328985,0.0001279920197416
369,369,2.779166666666667,6901.0,1000,4828540000000.0,1000.0,100.0,6901.0,0.0,0.1579223930550695,0.0851293199608811,4828540000000.0,,,,0.0009129618936762,0.0001244324435484
370,370,2.779166666666667,7001.0,1000,4805560000000.0,1000.0,100.0,7001.0,0.0,0.1317064404390945,0.0647801058860458,4805560000000.0,,,,0.0008992626135452,0.0001210151192092
371,371,2.779166666666667,7101.0,1000,4782430000000.0,1000.0,100.0,7101.0,0.0,0.152347275731607,0.0799130704838957,4782430000000.0,,,,0.0008853547115899,0.0001177361487517
372,372,2.779166666666667,7201.0,1000,4759160000000.0,1000.0,100.0,7201.0,0.0,0.1356233382047325,0.0859157884088093,4759160000000.0,,,,0.0008713263192109,0.0001145857811506
373,373,2.779166666666667,7301.0,1000,4735750000000.0,1000.0,100.0,7301.0,0.0,0.1322713096928859,0.0661811362770987,4735750000000.0,,,,0.000857099579167,0.0001115402959412
374,374,2.779166666666667,7401.0,1000,4712210000000.0,1000.0,100.0,7401.0,0.0,0.1059782163847491,0.0737050538026685,4712210000000.0,,,,0.0008427342378481,0.0001085937511252
375,375,2.779166666666667,7501.0,1000,4688570000000.0,1000.0,100.0,7501.0,0.0,0.1316121478160336,0.0829248112841256,4688570000000.0,,,,0.0008284242223211,0.0001057384912018
376,376,2.779166666666667,7601.0,1000,4664810000000.0,1000.0,100.0,7601.0,0.0,0.1228279436714718,0.0718046719343306,4664810000000.0,,,,0.0008139734716181,0.00010294411187
377,377,2.779166666666667,7701.0,1000,4640960000000.0,1000.0,100.0,7701.0,0.0,0.1320695353261197,0.0825183850342583,4640960000000.0,,,,0.0007996224921243,0.0001002167927521
378,378,2.779166666666667,7801.0,1000,4617030000000.0,1000.0,100.0,7801.0,0.0,0.121816549077359,0.0670942140613335,4617030000000.0,,,,0.0007852396338867,9.75350639128312e-05
379,379,2.779166666666667,7901.0,1000,4593010000000.0,1000.0,100.0,7901.0,0.0,0.1204815112405272,0.079487046397824,4593010000000.0,,,,0.0007708821986821,9.489289140572472e-05
380,380,2.779166666666667,8001.0,1000,4568920000000.0,1000.0,100.0,8001.0,0.0,0.1267210459116717,0.0721979902659843,4568920000000.0,,,,0.000756631052122,9.22789316380696e-05
381,381,2.779166666666667,8101.0,1000,4544760000000.0,1000.0,100.0,8101.0,0.0,0.1199989767366893,0.0977406326542455,4544760000000.0,,,,0.0007424647107078,8.968865440771476e-05
382,382,2.779166666666667,8201.0,1000,4520540000000.0,1000.0,100.0,8201.0,0.0,0.1338875461053081,0.0860418008548948,4520540000000.0,,,,0.0007283853733321,8.710616626426625e-05
383,383,2.779166666666667,8301.0,1000,4496280000000.0,1000.0,100.0,8301.0,0.0,0.1282098593511813,0.0798475794311241,4496280000000.0,,,,0.0007145334749761,8.453538702425016e-05
384,384,2.779166666666667,8401.0,1000,4471960000000.0,1000.0,100.0,8401.0,0.0,0.1290740967661723,0.0639785117125905,4471960000000.0,,,,0.0007007569010424,8.197291057027408e-05
385,385,2.779166666666667,8501.0,1000,4447610000000.0,1000.0,100.0,8501.0,0.0,0.1355004832453676,0.0787223338808675,4447610000000.0,,,,0.0006871246501008,7.940902931982024e-05
386,386,2.779166666666667,8601.0,1000,4423230000000.0,1000.0,100.0,8601.0,0.0,0.1295877947516636,0.0908793347212919,4423230000000.0,,,,0.0006736652750624,7.685525951592563e-05
387,387,2.779166666666667,8701.0,1000,4398820000000.0,1000.0,100.0,8701.0,0.0,0.0999606462440576,0.075724837906157,4398820000000.0,,,,0.0006603887884531,7.431385058892206e-05
388,388,2.779166666666667,8801.0,1000,4374390000000.0,1000.0,100.0,8801.0,0.0,0.1264849457213849,0.0746190085419645,4374390000000.0,,,,0.0006473061541918,7.178808942547736e-05
389,389,2.779166666666667,8901.0,1000,4349940000000.0,1000.0,100.0,8901.0,0.0,0.157078350918797,0.0625895067225421,4349940000000.0,,,,0.0006343829166744,6.929571326026013e-05
390,390,2.779166666666667,9001.0,1000,4325480000000.0,1000.0,100.0,9001.0,0.0,0.119524217796633,0.0870313956026733,4325480000000.0,,,,0.0006216493964407,6.684218842537667e-05
391,391,2.779166666666667,9101.0,1000,4301020000000.0,1000.0,100.0,9101.0,0.0,0.1266705930815121,0.0914333054063464,4301020000000.0,,,,0.0006091521137204,6.444480221973176e-05
392,392,2.779166666666667,9201.0,1000,4276550000000.0,1000.0,100.0,9201.0,0.0,0.151946834889981,0.077643724450015,4276550000000.0,,,,0.0005968247334308,6.211889706947196e-05
393,393,2.779166666666667,9301.0,1000,4252090000000.0,1000.0,100.0,9301.0,0.0,0.1217295324431793,0.0758416877028056,4252090000000.0,,,,0.0005847368333006,5.990693910409605e-05
394,394,2.779166666666667,9401.0,1000,4227630000000.0,1000.0,100.0,9401.0,0.0,0.1407837157432936,0.0836582003964963,4227630000000.0,,,,0.0005728329504013,5.781637250514298e-05
395,395,2.779166666666667,9501.0,1000,4203190000000.0,1000.0,100.0,9501.0,0.0,0.125480260227114,0.0791912729796879,4203190000000.0,,,,0.0005611361435104,5.5883477778879096e-05
396,396,2.779166666666667,9601.0,1000,4178760000000.0,1000.0,100.0,9601.0,0.0,0.1125046555731957,0.084396106143277,4178760000000.0,,,,0.0005496768454848,5.415682352959471e-05
397,397,2.779166666666667,9701.0,1000,4154360000000.0,1000.0,100.0,9701.0,0.0,0.1339077053803643,0.0885453687450753,4154360000000.0,,,,0.0005384056047258,5.2651216550871054e-05
398,398,2.779166666666667,9801.0,1000,4129970000000.0,1000.0,100.0,9801.0,0.0,0.1248500015567178,0.0890496414061162,4129970000000.0,,,,0.0005273479401452,5.144122417550827e-05
399,399,2.779166666666667,9901.0,1000,4105620000000.0,1000.0,100.0,9901.0,0.0,0.1344354595939893,0.0797432796959253,4105620000000.0,,,,0.0005165202553443,5.055717476219705e-05
