,Simulation Number,ExitSlit.openingHeight,CPMU20.photonEnergy,PG.orderDiffraction,CPMU20.numberRays,PG.cFactor,SourcePhotonFlux,SourceBandwidth,NumberRaysSurvived,PercentageRaysSurvived,PhotonEnergy,Bandwidth,HorizontalFocusFWHM,VerticalFocusFWHM,HorizontalCenter,VerticalCenter,PhotonFlux1,PhotonFlux3,PhotonFlux5,PhotonFlux7,PhotonFlux9,EnergyPerMilPerBw,FluxPerMilPerBwPerc,FluxPerMilPerBwAbs1,FluxPerMilPerBwAbs3,FluxPerMilPerBwAbs5,FluxPerMilPerBwAbs7,FluxPerMilPerBwAbs9,AXUVCurrentAmp1,AXUVCurrentAmp3,AXUVCurrentAmp5,AXUVCurrentAmp7,AXUVCurrentAmp9,GaAsPCurrentAmp1,GaAsPCurrentAmp3,GaAsPCurrentAmp5,GaAsPCurrentAmp7,GaAsPCurrentAmp9
0,0,0.02,500,2,100000.0,1.17577026432641,,0.1,498.4,8.08957918876e-05,100.0,0.0073619253142396,0.0018946836187631,0.0012092920551044,-2.29920047098e-05,3.4353011363770434e-06,1085635040.081107,551709300.6734414,330135726.6933012,207255018.81603476,132749994.48755386,2.7166806434881057,0.0010988401598034,14746618496.40388,7494089889.859488,4484366692.157854,2815228489.416423,1803196702.237451,2.3557318466061783e-08,1.1971602994392588e-08,7.163652759547823e-09,4.49725027443311e-09,2.880557260087718e-09,1.3172880468475252e-08,6.6943313386185126e-09,4.005801494560432e-09,2.5147913327772172e-09,1.6107621300107e-09
1,1,0.02,502,2,100000.0,1.17662360156545,,0.1004,507.2,7.17518659263e-05,100.4,0.0075787938508142,0.0018651900051516,0.001255155931326,-3.6177533374e-05,-1.0032252553276042e-05,961760226.8006612,489347725.6174976,292819364.845309,183828280.50323007,117744811.98508996,2.649498112135968,0.00095053216657,12740909526.179062,6482629376.007948,3879121771.7724977,2435263410.752546,1559823285.3415017,2.0953595691540945e-08,1.0661279297515977e-08,6.379571966739398e-09,4.005014305019931e-09,2.5652726286251784e-09,1.1723356197553684e-08,5.964893881046015e-09,3.569315532045276e-09,2.240770985812301e-09,1.435247926509752e-09
2,2,0.02,504,2,100000.0,1.17747901516844,,0.1008,504.8,6.089010995939999e-05,100.8,0.0077714578197628,0.0017850290129747,0.0013063937011562,-2.11375594302e-05,5.654453767670261e-06,815393107.9069736,415270549.9231099,248492538.74431255,156000461.71598354,99920670.44337589,2.5941078839459157,0.0007897775715,10576088448.68321,5386283037.630476,3223082269.291785,2023410138.183179,1296024994.8316147,1.7836829729488863e-08,9.084097006489265e-09,5.435806434528253e-09,3.4125302830829166e-09,2.1857775934969037e-09,9.985034663902578e-09,5.085265984800552e-09,3.042957548969362e-09,1.9103301250819674e-09,1.223595525081775e-09
3,3,0.02,506,2,100000.0,1.17837189466193,,0.1012,504.4,5.068225784902e-05,101.2,0.0079760497649886,0.0018460197622561,0.0012752600880119,-2.116261015674e-05,1.1445465558584956e-05,678055657.0705851,345652998.5303918,206834294.28189576,129847944.60921755,83169585.13025996,2.5375970055809853,0.0006430557287689,8603160024.997822,4385640070.204055,2624310429.105975,1647508777.1059809,1055254450.9098028,1.4891414570109184e-08,7.591208840812868e-09,4.542481419260604e-09,2.8517121774431922e-09,1.8265650597908974e-09,8.341698834159791e-09,4.252354780611544e-09,2.5445542316240052e-09,1.5974388486696155e-09,1.0231838995577042e-09
4,4,0.02,508,2,100000.0,1.1791362468331,,0.102,517.0,3.333274364572e-05,102.0,0.0069614509244956,0.0017938318735803,0.0013377368727218,-5.895943841764539e-06,-5.928980761143204e-06,444827714.0431738,227329311.6638232,136030926.81819096,85398489.22033945,54699032.32262959,2.9304235885966303,0.0004883952912603,6517668130.468164,3330855886.3955126,1993141183.633444,1251268736.208989,801456672.9582163,9.849412821666335e-09,5.033544822760133e-09,3.0120082729742087e-09,1.8909005624503606e-09,1.2111505944500555e-09,5.523600672068735e-09,2.82283746953173e-09,1.6891495180585031e-09,1.060426627117345e-09,6.792193969943649e-10
5,5,0.02,510,2,100000.0,1.18000708146274,,0.1024,524.0,2.63559734961e-05,102.4,0.0078787602100874,0.0014581343478373,0.0012658010102144,-6.655008207062e-05,1.3196330225176013e-05,351348534.15859175,179747739.24347985,107558727.83763067,67524004.09703743,43250152.50711882,2.5993937439267185,0.0003425477631044,4566465908.148332,2336175744.372363,1397937421.2292688,877607369.0736061,562120879.2544057,7.808944248816768e-09,3.995007629573923e-09,2.390561017051493e-09,1.5007638631918459e-09,9.612620997259248e-10,4.382113048618794e-09,2.241861960474383e-09,1.3415012698967681e-09,8.421774696092916e-10,5.394274893164902e-10
6,6,0.02,512,2,100000.0,1.18089388467086,,0.1028,527.2,2.110638622558e-05,102.8,0.0069335486425415,0.0017986274524236,0.0011875606382928,-5.872388615588e-05,-4.01407803338227e-06,281104040.92745364,143945554.0585702,86135162.18666056,54074561.50997903,34635579.79620436,2.9652925305595583,0.0003129330471093,4167778564.3614335,2134203381.285677,1277079765.2532036,801734466.694121,513523130.3064216,6.273509896109822e-09,3.212489777478888e-09,1.922312431362366e-09,1.2068033445602502e-09,7.729759127335563e-10,3.5215673283358166e-09,1.8032965963754334e-09,1.0790694149278802e-09,6.774260820988064e-10,4.3390171769092173e-10
7,7,0.02,514,2,100000.0,1.18169303123046,,0.1032,532.2,1.5844706900846008e-05,103.2,0.0073860138460304,0.0018226280965175,0.0012522340936491,-2.524289722588e-05,-3.547775243691601e-06,210830728.29621625,108060901.06376976,64662248.862352565,40594139.07996748,26001164.0242883,2.794470797139492,0.0002213878536182,2945801566.817136,1509865161.6764224,903483830.616053,567195680.9699405,363297467.7875381,4.724720860461864e-09,2.4216469657068563e-09,1.449082297221361e-09,9.097154730411972e-10,5.826866086106966e-10,2.652985334907144e-09,1.3597827418982462e-09,8.13676447168144e-10,5.108157455635345e-10,3.271852609171586e-10
8,8,0.02,516,2,100000.0,1.18256256858225,,0.1036,524.8,1.1603224491819528e-05,103.6,0.0082454380739591,0.0015947610786288,0.0013353053786329,-2.385782840528e-05,-5.1947015579147855e-06,154214012.0233621,79133991.03420918,47352759.15111549,29727461.14804163,19040891.39107585,2.5129046891320725,0.0001457889861727,1937625569.7168825,994280885.6979984,594964852.5708989,373511382.5745266,239239726.309445,3.46959019648749e-09,1.7803993028832375e-09,1.0653679699510986e-09,6.688244888543774e-10,4.2839226628026276e-10,1.949240573375567e-09,1.000241054837813e-09,5.985313408787557e-10,3.7575037866487916e-10,2.4067383738839456e-10
9,9,0.02,518,2,100000.0,1.18333929872482,,0.104,526.4,8.081792966088318e-06,104.0,0.0079717702278003,0.0020044182173006,0.0012274688244877,-1.4155399501143347e-05,1.4783697834756832e-05,107263178.557956,55117828.02872232,32981797.094606426,20705553.579118274,13262222.25735093,2.6092071654879327,0.0001054353605855,1399359270.432152,719069159.1933694,430281706.5495808,270125393.82014847,173019426.72086793,2.4225825932162593e-09,1.2448586043543627e-09,7.449073261539815e-10,4.676433642750553e-10,2.9953269351107165e-10,1.3618887941173127e-09,6.998147300645541e-10,4.1876010460314435e-10,2.628922783614938e-10,1.6838650616362657e-10
10,10,0.02,520,2,100000.0,1.18413280440169,,0.1044,516.2,4.437305560812104e-06,104.4,0.0092413646336808,0.0019762927901528,0.0012184097428096,-5.114083731084e-05,-1.0801532274860926e-06,58835441.41035865,30262423.92473855,18108643.9936742,11368376.84680061,7281618.425292663,2.25940657334321,5.012838676013999e-05,664665915.3405683,341875597.7042655,204573946.3681976,128428926.87952028,82260682.67341638,1.334031685386631e-09,6.861685987979331e-10,4.105944357323114e-10,2.5776597509095367e-10,1.6510303088378415e-10,7.503481202777098e-10,3.8594684364817006e-10,2.3094561127979203e-10,1.4498472337633602e-10,9.286492234994826e-11
11,11,0.02,522,2,100000.0,1.184814908884,,0.1048,478.4,2.9171339682843184e-06,104.8,0.0075656681535747,0.0019447322737335,0.0012257199547576,-5.489429129722e-05,-8.128426993662763e-06,38639379.4627463,19894853.663699053,11904823.724568304,7473697.226744424,4787016.841954568,2.77040964188953,4.040828036208e-05,535234547.1011032,275584472.06946546,164906192.15769628,103526014.287679,66309988.0741925,8.794639781590583e-10,4.528231920711466e-10,2.7096355525547647e-10,1.7010748065781196e-10,1.0895643081946503e-10,4.949887916384788e-10,2.5486251880192147e-10,1.5250644270244012e-10,9.574160896928489e-11,6.132395796978785e-11
12,12,0.02,524,2,100000.0,1.18564428721044,,0.1052,496.2,1.809487764995671e-06,105.2,0.0090202986702024,0.0018485304852263,0.0012107963357469,-1.728714527269261e-05,-1.6805689170282978e-05,23935048.64180033,12340706.557270478,7384519.568947333,4635907.653918909,2969369.4223578963,2.332517000740037,2.11033048724e-05,279144539.352695,143924539.22988722,86122587.18433574,54066667.08313359,34630523.295637086,5.469010049953935e-10,2.8197748496477736e-10,1.6873168858376192e-10,1.0592761238706152e-10,6.784824821513192e-11,3.079992742607366e-10,1.588017939878365e-10,9.502494446691506e-11,5.965545398780602e-11,3.821022638329027e-11
13,13,0.02,526,2,100000.0,1.18623535979449,,0.1056,511.0,8.414498998561634e-07,105.6,0.0078547855536498,0.0017572622662588,0.0012060838437376,-4.6931865712720005e-05,1.770136818865993e-05,11115108.980392138,5738688.317019034,3433957.041313003,2155794.6434314903,1380819.2856639642,2.688806696980562,1.1312480629534376e-05,149431897.32073587,77151117.89342447,46166233.449129805,28982575.37286708,18563780.71306592,2.549390191636504e-10,1.3162404196014615e-10,7.876212833421648e-11,4.944586444309303e-11,3.1670828864604085e-11,1.4367726667108065e-10,7.418002406643697e-11,4.438836923975504e-11,2.786645478859407e-11,1.7848888488713062e-11
14,14,0.02,528,2,100000.0,1.18691311580508,,0.106,516.2,5.702450327274046e-07,106.0,0.0078354885424232,0.0018118026079254,0.0012331899916812,-6.846266604413038e-06,-1.1934003048369863e-05,7522373.495040099,3889071.1232009,2327169.978560538,1460967.7738476107,935772.098705671,2.705638568063496,7.714384768969483e-06,101764119.25779542,52612104.12437186,31482404.24216445,19764253.77809981,12659305.405878916,1.7320142469712032e-10,8.954522927251102e-11,5.3582709774357405e-11,3.3638545072752674e-11,2.1546000181259613e-11,9.767806657205056e-11,5.0499612698828356e-11,3.0218316631073096e-11,1.8970675620879508e-11,1.2151006515949754e-11
15,15,0.02,530,2,100000.0,1.18740617352132,,0.1064,512.6,2.884516642528186e-07,106.4,0.0075158706361435,0.0017647344611846,0.001212865671717,-3.347594305342e-05,-7.559070971582333e-06,3801523.209353116,1967240.350204223,1177171.2418157528,739013.1638157212,473349.1810388753,2.8313419735652903,4.08352652171884e-06,53817061.13062054,27849650.878122486,16664871.735134585,10461994.948643666,6701067.022140617,8.787595395431457e-11,4.547469866980842e-11,2.721147291370795e-11,1.7083017300886978e-11,1.0941932627148918e-11,4.958366681535522e-11,2.5658922673484684e-11,1.535396824494003e-11,9.639026376754803e-12,6.173943124221168e-12
16,16,0.02,532,2,100000.0,1.18810554884438,,0.1068,497.4,2.845296816788475e-07,106.8,0.0076808523772797,0.0019765739667087,0.0012920732654561,-3.270138403327193e-06,5.417724514449365e-06,3746050.5441549495,1940492.42904974,1161165.6309313767,728965.0444612073,466913.2076349887,2.7809413527050366,3.956301789263538e-06,52087734.33781852,26981978.202777334,16145667.601984495,10136045.184093185,6492291.236181466,8.690957372885031e-11,4.50200465383252e-11,2.6939414944707494e-11,1.6912222761171428e-11,1.0832536124544228e-11,4.9079728775333815e-11,2.5423800609672324e-11,1.5213274235787793e-11,9.550700463633504e-12,6.1173690323273125e-12
17,17,0.02,534,2,100000.0,1.18943277689967,,0.1072,502.2,5.877231806147237e-07,107.2,0.0078323095674931,0.0020320225729717,0.0012600103894323,-7.513351644176e-05,-4.639450925200146e-07,7727406.950070535,4008272.091792416,2398498.300088688,1505746.7887349222,964453.7393887616,2.7373790342740536,8.044105562858039e-06,105764208.87213346,54860799.93869183,32827994.80202366,20608998.452042297,13200377.228650045,1.79982953526078e-10,9.335869772076189e-11,5.586464008774626e-11,3.5071111959031086e-11,2.2463581079145208e-11,1.0169945019214266e-10,5.2752374837988495e-11,3.156634042724796e-11,1.9816947849695972e-11,1.2693056760870836e-11
18,18,0.02,536,2,100000.0,1.19165789569026,,0.1076,504.4,8.92061749010126e-07,107.6,0.0078647129797673,0.0021234136232477,0.001203061110682,-4.526722348398e-05,8.878488268151287e-06,11715971.091634192,6083861.1282490585,3640503.997710324,2285462.200963943,1463873.3301256166,2.736272773763281,1.2204621381660307e-05,160290463.58118153,83235517.82292329,49807059.8585557,31268239.979813702,20027783.68730456,2.7396143519186965e-10,1.422624990422928e-10,8.512804378175909e-11,5.344230535870297e-11,3.423061010680389e-11,1.5489174198158518e-10,8.043207351385737e-11,4.812951495748564e-11,3.0215098583944665e-11,1.935323059182404e-11
19,19,0.02,538,2,100000.0,1.1933953170949,,0.108,501.4,3.843528714538535e-06,108.0,0.0078584641322777,0.0016820843978433,0.0011733062691494,-2.648444417948e-05,1.2039996163327162e-05,50434222.3145273,26212865.83315281,15685440.684031764,9847120.566647729,6307230.620557737,2.7486286933957618,5.282216654334e-05,693124752.9140528,360247175.8256861,215567261.6634348,135330390.68407738,86681175.29764676,1.1838044573552867e-09,6.152748270771714e-10,3.6817251749295255e-10,2.3113403328030977e-10,1.4804486674980031e-10,6.698065428435416e-10,3.481276846548761e-10,2.0831511452735328e-10,1.307775847633127e-10,8.376503380038881e-11
20,20,0.02,540,2,100000.0,1.19462031821519,,0.1084,504.2,7.822757786978203e-06,108.4,0.0080120641493977,0.0017514792980957,0.001191896644221,-4.883840961486e-05,-1.6337143561350683e-05,102519563.0372733,53351208.10719134,31924674.528658044,20041905.450238157,12837145.52843123,2.7059194229778814,0.0001058387611851,1387048384.2888155,721820351.2829204,431927984.3967153,271158906.15642846,173681407.10487863,2.415276832287464e-09,1.2569107114609643e-09,7.521191515355126e-10,4.721708567101159e-10,3.024326213354021e-10,1.3674547977336502e-09,7.116238435833033e-10,4.2582652575710574e-10,2.6732848786809726e-10,1.7122796588272744e-10
21,21,0.02,542,2,100000.0,1.19557065892945,,0.1088,508.6,1.1883328238653092e-05,108.8,0.0075153008041525,0.0019200048610538,0.0012666106478915,7.019201382960861e-06,-1.3511977832880264e-05,155527221.43677577,81044298.58761409,48495862.54194327,30445086.947429217,19500541.63962972,2.89542635312438,0.0001720365087251,2251588077.881258,1173288989.5052936,702080992.1072,440757535.3537482,282311910.81791604,3.660805582376744e-09,1.907623745531604e-09,1.1414974348261691e-09,7.166176005941301e-10,4.5900448187937846e-10,2.0835456226912634e-09,1.0857230779690294e-09,6.49682680526629e-10,4.078625404335269e-10,2.6124216582803193e-10
22,22,0.02,544,2,100000.0,1.19668353378915,,0.1092,499.8,3.991108437342e-05,109.2,0.0084179635260852,0.0020966305321032,0.0012061355232405,-5.72418323774e-05,-5.585148006931313e-06,521658399.1203424,272193595.4268578,162877135.3280069,102252198.16475216,65494089.456814334,2.594451726040753,0.0005177369087041,6767087670.007139,3530965717.3622484,2112884324.421604,1326441960.1000118,849606267.1834971,1.2324870385835418e-08,6.430934092401404e-09,3.84818798109826e-09,2.4158435696088554e-09,1.5473845814707776e-09,7.0191001369263214e-09,3.6624620750913596e-09,2.191570048159508e-09,1.3758398587073407e-09,8.81246373200135e-10
23,23,0.02,546,2,100000.0,1.19757869607337,,0.1096,487.4,6.698762423522e-05,109.6,0.0087958987071942,0.001855907044759,0.0012334490805801,-3.149904642806e-05,-3.0035999178770712e-06,874404938.5073636,456855597.28421766,273376494.50394315,171622293.29064015,109926691.37000015,2.4920705353361265,0.0008346894229438,10895393916.032991,5692581864.476931,3406367535.0337763,2138474301.5820968,1369725343.0508275,2.0737719225058173e-08,1.0834960652268289e-08,6.4835006483734444e-09,4.070259412186416e-09,2.6070631129578087e-09,1.181720597240384e-08,6.174206543216723e-09,3.6945655282796845e-09,2.319401343654141e-09,1.485611867656692e-09
24,24,0.02,548,2,100000.0,1.19860065465315,,0.11,480.4,0.0001194040894838,110.0,0.0079235796644979,0.0019702235393992,0.0013010180965032,-3.231252837596e-05,1.3570623373202538e-05,1556555202.2598777,814335890.2800555,487288089.1837107,305913277.25769824,195942110.8430456,2.7765228509750632,0.0016576409147593,21609055439.393307,11305111038.65848,6764832573.132736,4246876023.613346,2720188741.120024,3.705195467937309e-08,1.938430224423612e-08,1.159931634292194e-08,7.281903570342074e-09,4.664170085453297e-09,2.1129154107175618e-08,1.1054043246105611e-08,6.614596845653517e-09,4.152559940839084e-09,2.659777854378197e-09
25,25,0.02,550,2,100000.0,1.19963845879841,,0.1104,481.2,0.0002616769136422,110.4,0.0090944493319966,0.002041335905361,0.0013006011184698,-4.28684441057e-05,2.2758890938729808e-06,3406747381.0788817,1784636551.0398583,1067903484.5738506,670416252.7513368,429411815.2868632,2.427854529060575,0.0031765673996841,41355435292.58808,21664189665.845818,12963571558.110966,8138365677.990759,5212747102.88167,8.139751471202518e-08,4.264037325622919e-08,2.5515449158162943e-08,1.601827511473008e-08,1.02599490488962e-08,4.643803764607368e-08,2.4326728715500582e-08,1.45568005700818e-08,9.138574628902124e-09,5.8533961616035855e-09
26,26,0.02,552,2,100000.0,1.20065872263705,,0.1108,489.2,0.0004104632972955,110.8,0.009343681161522,0.001896930292585,0.001363176418816,-4.100206091018e-05,-1.645665252809492e-05,5336772985.641808,2799359687.555734,1675100716.2631893,1051606967.6712304,673570270.8620176,2.3716562687580343,0.0048673892606305,63284955531.67961,33195594757.500446,19863815572.63333,12470251285.735504,7987385776.694756,1.279973564793652e-07,6.713994408344594e-08,4.01756762176749e-08,2.5221779580907406e-08,1.6154933759667858e-08,7.305276045836169e-08,3.8319215233999634e-08,2.2929723954538493e-08,1.4394989652420392e-08,9.220209999852404e-09
27,27,0.02,554,2,100000.0,1.20181115118366,,0.1112,499.2,0.0007623708351081,111.2,0.009591088092975,0.0016751641034676,0.0012510990149246,-1.2584492372527602e-05,-1.2666251832071132e-05,9899281921.563242,5199369095.437865,3111235378.076529,1953194079.5471864,1251050540.412542,2.3188192814420723,0.0088390009602898,114773228960.75888,60281986549.176735,36071962918.942856,22645520460.262585,14504800575.835636,2.3835241213654026e-07,1.2518909707847734e-07,7.491154034857273e-08,4.70285141810937e-08,3.012247922372161e-08,1.3607967426435686e-07,7.147270463589539e-08,4.2768344225672884e-08,2.6849423647678006e-08,1.719746456121764e-08
28,28,0.02,556,2,100000.0,1.20295231364558,,0.1116,477.6,0.001267544279089,111.6,0.0078926331603497,0.0018795910387239,0.0012030732292515,-3.051560979204e-05,-4.927868685326553e-06,16438300962.848938,8644651983.387653,5172848202.962612,3247448443.026271,2080040161.9852111,2.8279535544777423,0.0179227817475397,232433758187.31775,122233371518.22092,73142872311.70963,45918166837.19676,29411284847.712685,3.971622093102602e-07,2.0886155377006373e-07,1.2498005878821553e-07,7.846089453942866e-08,5.0255397322093066e-08,2.269268684727477e-07,1.1933738213337245e-07,7.140994963142127e-08,4.4830259974442834e-08,2.8714463941475685e-08
29,29,0.02,558,2,100000.0,1.20410472404016,,0.112,454.0,0.0017164782975091,112.0,0.0089792520615901,0.0015582776021415,0.001227025997696,-2.475502050796e-05,-4.193869326486212e-06,22241107537.442432,11706381989.01254,7004947932.134923,4397617398.2184925,2816740886.212548,2.4946398482139425,0.021409975797804,277417765656.5768,146016034941.02332,87374111230.83817,54852357993.97386,35133770284.19637,5.394282719945162e-07,2.83922614780312e-07,1.6989562916692865e-07,1.066583195113137e-07,6.831627725139178e-08,3.083419755008219e-07,1.62292680001782e-07,9.711384561396957e-08,6.096683961357267e-08,3.9050188839138464e-08
30,30,0.02,560,2,100000.0,1.20514112000624,,0.1124,453.4,0.0039623863935775,112.4,0.0081420719550123,0.0019106994847577,0.0011943678925767,-1.024075176802509e-05,8.066401183233209e-06,51290439613.462746,27023475204.199078,16170498872.19009,10151633940.345753,6502276071.860804,2.7609679850791458,0.0547001098859045,708056308567.0293,373054749421.86896,223231148444.3764,140141681527.68744,89762880322.76933,1.2485622492551013e-06,6.578319709856422e-07,3.9363816328334404e-07,2.471210424729054e-07,1.582847894996245e-07,7.139327126407566e-07,3.761508597491148e-07,2.250838209143897e-07,1.4130476578845048e-07,9.05078534968178e-08
31,31,0.02,562,2,100000.0,1.20653239223348,,0.1128,446.6,0.0067838217597015,112.8,0.0089604852473257,0.00156176547771,0.0012539371070536,-5.201797822446e-05,9.231101361797672e-06,87698747909.80826,46265664401.16442,27684776601.341934,17380151348.355316,11132251507.670208,2.517720790482072,0.085398845416626,1104004804558.852,582420125741.3899,348512688145.251,218791841957.396,140139505328.6834,2.1424463710105877e-06,1.1302522232199694e-06,6.763283464751752e-07,4.245903513034548e-07,2.719565833290278e-07,1.225648420733072e-06,6.46593478914555e-07,3.869131946408064e-07,2.4289919251892814e-07,1.5558063033706522e-07
32,32,0.02,564,2,100000.0,1.20811897847302,,0.1132,438.6,0.0094915595217761,113.2,0.0081757019593623,0.0017529576763572,0.0012252131429593,-4.973966897288e-05,3.89872433708316e-06,122545524985.65248,64732435938.51366,38735054408.36866,24317375494.79061,15575649175.234735,2.7691811801032915,0.1314192399876642,1696753807480.733,896279216715.8699,536321918389.6577,336696092848.3957,215658972819.75696,3.004689092174138e-06,1.5871721484492004e-06,9.497433339913764e-07,5.962368100185999e-07,3.8189875302128125e-07,1.7196050978176352e-06,9.08349993580379e-07,5.435449155134203e-07,3.412305987614268e-07,2.1856339288349005e-07
33,33,0.02,566,2,100000.0,1.2098506842126,,0.1136,407.2,0.027003137254589,113.6,0.0077117206067214,0.0018551039040345,0.0012579961838887,-4.113894274256e-05,-1.2102765367835182e-05,348189939283.1496,184161396076.2973,110199803135.9779,69182037646.25713,44312148234.780624,2.946164826069757,0.3977784658650206,5129124759536.899,2712849137199.4404,1623333919195.1494,1019108429546.1827,652754462484.4988,8.567739800115448e-06,4.53156953947657e-06,2.7116327405577544e-06,1.7023286158561544e-06,1.0903673921233213e-06,4.905840080816957e-06,2.594751474067156e-06,1.552665801417605e-06,9.747438821935562e-07,6.243382945665987e-07
34,34,0.02,568,2,100000.0,1.21147483348648,,0.1139999999999999,373.2,0.0419079513271026,114.0,0.0076450828236602,0.0016926158576184,0.0011850942297028,-1.7010237836109573e-05,1.1583699683043024e-06,539519840669.45056,285812228050.8402,171026349365.906,107368171300.03703,68770948127.77548,2.9823090901563383,0.6249123209632385,8045074625741.01,4261902028969.288,2550267181850.976,1601025366307.817,1025481118700.6742,1.3323432100516268e-05,7.058127480923728e-06,4.223492411972102e-06,2.651454927584544e-06,1.698297242843964e-06,7.632691343183326e-06,4.043440767836643e-06,2.4195427820441845e-06,1.5189582473896591e-06,9.72915879768318e-07
35,35,0.02,570,2,100000.0,1.21322571296527,,0.1144,127.6,0.0176016466012142,114.4,0.0072446165282144,0.0017751292586186,0.0013225803537552,-4.995349154122e-05,5.550090160844448e-06,226216284918.60123,120043229820.28116,71832319779.55536,45095418592.310905,28884302072.592583,3.1582071888681584,0.2779482341593581,3572189486344.8687,1895606956966.8225,1134306743604.3406,712103375916.2756,456113052255.5067,5.607044813200321e-06,2.975416952700011e-06,1.7804511120188772e-06,1.1177446089175111e-06,7.159324368593428e-07,3.2113781487354607e-06,1.704139935315422e-06,1.019735348390357e-06,6.401769082519224e-07,4.100430548170978e-07
36,36,0.02,572,2,100000.0,1.22040172983306,,0.1148,18.4,0.0016380255541204,114.8,0.0099528963783841,0.001995091444704,0.0009043521075247,-5.138064352906e-05,4.658227182156e-05,21024312117.39312,11171334279.101309,6684782286.36546,4196621469.656532,2687999934.31162,2.306866175143225,0.0188935287241032,242501372396.3401,128853865898.3842,77104490723.06535,48405220591.15253,31004280636.25343,5.228964624879915e-07,2.778426777150231e-07,1.6625747327786066e-07,1.0437433142315093e-07,6.685334811295498e-08,2.994965745501367e-07,1.5913844557974617e-07,9.522639243562232e-08,5.978192046558794e-08,3.829123008744332e-08
37,37,0.02,574,2,100000.0,1.22372713714585,,0.1152,206.0,0.0082610773023431,115.2,0.0095695917317698,0.0018502718006804,0.0012620276916815,-8.952486881089999e-05,2.57719793693e-05,105897368256.2587,56340547201.980064,33713456470.862267,21164880048.603077,13556427853.145058,2.407626223333031,0.0994479317305129,1274806403978.6167,678234894402.0981,405847009392.2232,254785601093.57413,163194055969.7717,2.6434430189714565e-06,1.4063902497152362e-06,8.415657784586335e-07,5.283243137493308e-07,3.383997653640327e-07,1.513780580932505e-06,8.053762588989363e-07,4.819267613733957e-07,3.025475037095417e-07,1.937862816500226e-07
38,38,0.02,576,2,100000.0,1.22027554950736,,0.1156,270.4,0.0033144931221339,115.6,0.0086473118335788,0.0016092899611992,0.0012269886816616,-5.8186953167480005e-05,2.063190338018e-05,42434198962.31105,22604843092.953728,13526446431.42876,8491731378.907251,5439083213.421858,2.6736632661055824,0.044309192532046,567273794960.7332,302188693068.5543,180825814723.2801,113520151267.1021,72711384945.08765,1.0632087101347035e-06,5.663749205918266e-07,3.389114444186577e-07,2.1276430301411443e-07,1.3627877488140586e-07,6.087047929333404e-07,3.2425912755907174e-07,1.9403247794260585e-07,1.2181112680444896e-07,7.80218809859878e-08
39,39,0.02,578,2,100000.0,1.21702969464689,,0.1159999999999999,312.4,0.0028146380878749,116.0,0.0095145050710243,0.0018799644717637,0.0012617172107916,-5.809313912396e-05,-1.5229946267170369e-05,35989189891.52392,19195831759.307243,11486538036.617722,7211102781.135653,4618821102.202814,2.438382220285287,0.0343158173500604,438777003769.8145,234033874327.41205,140042850605.59662,87917124050.85483,56312256271.44916,9.047123775379856e-07,4.825534179048634e-07,2.887537387785554e-07,1.8127593206338128e-07,1.1610999395628753e-07,5.18061148016006e-07,2.763222697794303e-07,1.653476807873688e-07,1.038031752455866e-07,6.648751388681014e-08
40,40,0.02,580,2,100000.0,1.21534946177801,,0.1164,336.2,0.0019370866162639,116.4,0.0077389282856529,0.0019490834143857,0.0011869137109513,-5.614749375871256e-06,7.819661134988785e-06,24737266200.105507,13210930722.920431,7905250480.973356,4962815910.86835,3178759137.2892127,3.0081684621833693,0.0291354143378142,372069320118.96014,198703525783.8929,118901625912.61984,74644931533.48001,47811214928.353134,6.241622789709358e-07,3.333337063458532e-07,1.994625887972767e-07,1.252200814747912e-07,8.020536834509458e-08,3.57225816216978e-07,1.9077635630007795e-07,1.1415810997956277e-07,7.166701243999994e-08,4.590381241765804e-08
41,41,0.02,582,2,100000.0,1.21559007975785,,0.1168,338.2,0.0015395739106079,116.8,0.0094575149905722,0.0016588142970735,0.0012264874152915,-1.8348837740686904e-05,8.220565837310959e-06,19636183101.177032,10499894070.34616,6283001129.1910095,3944388358.9775457,2526440787.307632,2.4699934415421514,0.019013687309855,242506217384.1404,129673347453.2117,77594857911.51863,48713066887.84874,31201460875.4722,4.971928222610267e-07,2.658598129472679e-07,1.5908708161844578e-07,9.987285055291794e-08,6.397008109185728e-08,2.844689060417791e-07,1.5211170950870267e-07,9.102168423827207e-08,5.714225802951557e-08,3.66004861149239e-08
42,42,0.02,584,2,100000.0,1.21587072513883,,0.1172,360.2,0.0015058857297603,117.2,0.0087241533240558,0.0017764344582193,0.0011612985281096,-3.036877523586e-05,-6.713742305892325e-06,19182458350.47544,10270140676.965536,6145519663.151958,3858079239.6459975,2471158482.536722,2.686793678346644,0.0202300212951625,257696539156.0261,137968745233.0086,82558716905.55838,51829314558.20647,33197464945.361755,4.873857849696914e-07,2.609426010023341e-07,1.561446854384935e-07,9.802565157888272e-08,6.278692203003375e-08,2.7878732808707866e-07,1.4926059142668117e-07,8.931561196661083e-08,5.6071207512486375e-08,3.591446195471904e-08
43,43,0.02,586,2,100000.0,1.21614745395122,,0.1176,354.0,0.0013484312635725,117.6,0.0077531903529234,0.0018411229820916,0.0012368736308419,-5.890963327750001e-05,-9.373594250435589e-06,17151874624.279888,9196301217.56495,5502947986.639672,3454680897.272933,2212775703.522593,3.0335899067835443,0.0204529373558256,260158768713.1613,139489032766.73126,83468437349.12466,52400425505.62544,33563270200.90997,4.373126025643906e-07,2.344734034917917e-07,1.403058591862173e-07,8.808223749940916e-08,5.641801394868479e-08,2.5007821743724944e-07,1.3408415499079622e-07,8.023422822836357e-08,5.0370030071322586e-08,3.2262771017580154e-08
44,44,0.02,588,2,100000.0,1.21641984515278,,0.118,377.6,0.0013932406416742,118.0,0.0075396690016077,0.0014725643586777,0.0012305861562044,-4.5952199918e-05,-8.756744861875906e-07,17692388824.98229,9501901176.218657,5685815058.672777,3569482523.9695306,2286307892.9875097,3.1301108835106053,0.0218049884792699,276895694081.8924,148710021428.6212,88986157983.90076,55864380483.88966,35781986094.48202,4.526281502761372e-07,2.430891608840056e-07,1.45461417238655e-07,9.131883140539921e-08,5.849110161446529e-08,2.5879194306149884e-07,1.3898719344782596e-07,8.31681431760378e-08,5.2211904635385646e-08,3.344251971376575e-08
45,45,0.02,590,2,100000.0,1.21696884226858,,0.1184,375.6,0.0013453776813938,118.4,0.0093129066230858,0.0017161739680686,0.0011597198209956,-2.784472231676e-05,1.2931634914878234e-05,17060412503.55721,9175475787.106323,5490486317.768461,3446857619.731144,2207764775.167372,2.5427077665848667,0.0171045113973508,216898216869.6825,116652767729.9332,69803511012.58907,43821758200.01304,28068503203.05284,4.3798823636922026e-07,2.3555998174166338e-07,1.40956053590576e-07,8.849042129356915e-08,5.667946188241488e-08,2.503232040999956e-07,1.3462948200645665e-07,8.056054487805713e-08,5.05748875220736e-08,3.2393985333225134e-08
46,46,0.02,592,2,100000.0,1.21747564218327,,0.1188,361.8,0.0012615558587131,118.8,0.0100703124347546,0.0017203071918161,0.0012534212903657,-3.854183763176e-05,2.02962978762847e-06,15977631426.06606,8603810956.4237,5148409459.408377,3232106110.023097,2070213164.1482835,2.3594104109421155,0.0148826401351641,188488949644.2808,101499605721.81956,60736054391.604935,38129324026.29057,24422412461.804382,4.116368358560858e-07,2.2166273735844858e-07,1.326401218709426e-07,8.326978491383363e-08,5.33355648101487e-08,2.351665120646833e-07,1.2663505366541326e-07,7.577678211269086e-08,4.757170197812152e-08,3.0470399276384626e-08
47,47,0.02,594,2,100000.0,1.21811891168984,,0.1192,388.2,0.001336084193508,119.2,0.0096500637892859,0.0018537130021421,0.0012798314003289,-2.86610573432e-05,8.299636204937846e-06,16900609118.93998,9112094199.724691,5452559593.706228,3423047703.767546,2192514161.54666,2.470449990855873,0.0165036459181728,208760548216.7198,112554865161.9386,67351378992.06327,42282340842.35875,27082482951.721592,4.368495755165631e-07,2.3553082940399587e-07,1.409386092078749e-07,8.847946993153041e-08,5.6672447368322165e-08,2.495290732077147e-07,1.3453553091708365e-07,8.050432575844846e-08,5.053959387237073e-08,3.2371379213333484e-08
48,48,0.02,596,2,100000.0,1.21860384648691,,0.1196,388.6,0.0013199173396711,119.6,0.0092537533668746,0.0014856865839667,0.001172844514635,-5.581410768086e-05,-4.566239299060497e-07,16675485066.361431,9001836256.55696,5386582663.197793,3381628224.237379,2165984354.4002886,2.5848970738322885,0.0170592523450817,215522062763.8585,116344100993.45744,69618808820.27856,43705804508.0994,27994233098.279125,4.325568293217332e-07,2.335047966349397e-07,1.3972625734123e-07,8.771837081799348e-08,5.6184951800283866e-08,2.4697741124195786e-07,1.333244703959634e-07,7.977964276919745e-08,5.00846470900965e-08,3.2079978873867434e-08
49,49,0.02,598,2,100000.0,1.21910049382016,,0.12,392.8,0.001322986039296,120.0,0.0076171562390527,0.001864991368996,0.0013273304120638,-3.300501275998e-05,2.118660970114e-05,16688490669.56897,9022764787.999268,5399106026.367304,3389490232.676557,2171020090.484867,3.150782161583256,0.0208422040631888,262908993527.13263,142143831710.94812,85057034781.87378,53397726809.889885,34202056867.69293,4.344382538585578e-07,2.348824862048549e-07,1.405506490032277e-07,8.823591343941909e-08,5.6516445727590443e-08,2.479476821639659e-07,1.3405488010815105e-07,8.021671051632909e-08,5.035903267405908e-08,3.225572701722519e-08
50,50,0.02,600,2,100000.0,1.21985929056978,,0.1204,399.2,0.0013412664146935,120.4,0.0098020275624548,0.0017749753178519,0.0012537024725831,-3.467246788794e-05,2.373998762971865e-06,16891343314.864578,9147436948.210093,5473708238.364426,3436324554.4449053,2201018186.5121355,2.456634593870619,0.0164750073696651,207479291621.2077,112359550261.116,67234505075.60326,42208968881.08199,27035487093.62043,4.412335615929555e-07,2.389482061236581e-07,1.429835233417373e-07,8.976324106874073e-08,5.7494722323888985e-08,2.5172142473523784e-07,1.3631869404092214e-07,8.157134756319698e-08,5.1209456617718846e-08,3.2800436498702826e-08
51,51,0.02,602,2,100000.0,1.22050059246538,,0.1208,390.0,0.0013071555452653,120.8,0.0089734725260768,0.0020508956139552,0.0012263446423462,-2.293807145308e-05,1.789395301578248e-05,16440440199.347347,8914800818.70954,5334501780.227805,3348932506.9697714,2145042249.780404,2.692380227363614,0.0175967987208053,221319580609.3836,120010167275.89262,71812535579.60672,45082998322.70336,28876346700.841606,4.3088188791207493e-07,2.336449730389924e-07,1.398101370926874e-07,8.777102946127545e-08,5.6218680462901255e-08,2.45745976007634e-07,1.33255338758776e-07,7.973827528952564e-08,5.005867711143461e-08,3.206334470720695e-08
52,52,0.02,604,2,100000.0,1.22113579614298,,0.1212,404.2,0.0013573404223979,121.2,0.0082062722177852,0.0018146352115224,0.0012362719997169,-3.383189684282e-05,-1.224438711550423e-05,17050725040.910252,9257061680.753994,5539306263.806018,3477506162.183538,2227395633.15503,2.9538381565585063,0.0200468196555914,251825411114.1415,136719310051.13383,81811071014.46878,51359951957.62534,32896831054.825603,4.483894688605094e-07,2.434365084348735e-07,1.4566926553119044e-07,9.144931592524133e-08,5.8574678935722495e-08,2.556447106571312e-07,1.3879285773675434e-07,8.305185519409012e-08,5.2138900516358434e-08,3.3395759464224906e-08
53,53,0.02,606,2,100000.0,1.22175151083902,,0.1216,400.4,0.0013496818698464,121.6,0.0080201498770293,0.001645317538405,0.0012733170340643,-2.9176937520340003e-05,5.953058007875765e-06,16927817325.769085,9204830352.352852,5508051710.843401,3457884950.5466285,2214827948.4180403,3.032362284108357,0.0204636219883362,256656374054.69083,139561901960.45312,83512041334.40018,52427799534.11744,33580803682.859764,4.466264835071408e-07,2.4286184878028085e-07,1.453253966088455e-07,9.12334393805102e-08,5.84364067226453e-08,2.545774556021493e-07,1.3843144956344565e-07,8.283559320651347e-08,5.200313398556419e-08,3.3308798934547563e-08
54,54,0.02,608,2,100000.0,1.22238215795596,,0.122,419.2,0.0014183953032163,122.0,0.0083311881762483,0.0017250817631333,0.001191694667407,-1.8384791215878143e-05,-4.147257525092128e-06,17760709335.110237,9673455967.935623,5788471232.425993,3633928766.840332,2327586692.5780582,2.928753916465685,0.0207706539969573,260083735122.0638,141655860259.24908,84765038961.58292,53214415540.20472,34084643209.007,4.70177820411996e-07,2.5608461672553773e-07,1.5323773033092665e-07,9.620070206023867e-08,6.16180140830803e-08,2.6792198796074017e-07,1.4592500245789938e-07,8.731963856754945e-08,5.481816074738096e-08,3.5111866427186635e-08
55,55,0.02,610,2,100000.0,1.22318836533182,,0.1224,402.0,0.0013710618792395,122.4,0.0079290110593774,0.0018332729993257,0.001244466872438,-3.720807597904e-05,1.6679237292804662e-05,17146611544.523687,9350642016.413862,5595303529.176682,3512660534.611777,2249912543.8321333,3.087396374740594,0.0211650573775463,264691931608.23828,144345691314.86618,86374599157.76672,54224877001.27379,34731859156.55358,4.55409124428533e-07,2.483503917075519e-07,1.4860966987661573e-07,9.329526445084282e-08,5.975703706628926e-08,2.594220831719306e-07,1.4147186017448506e-07,8.465493568505477e-08,5.3145294100737646e-08,3.404036987482844e-08
56,56,0.02,612,2,100000.0,1.22388822314828,,0.1228,415.4,0.0014283358381052,122.8,0.0090701894072026,0.0019350904053161,0.0012110747934408,-2.036310929978e-05,-5.364903490169962e-06,17841204564.542484,9741250415.877672,5829038555.307446,3659396417.2256,2343899110.330683,2.707771458498642,0.0193380350778603,241549522525.51917,131885399231.0079,78918521152.7483,49544045869.47834,31733715562.76891,4.754585239683096e-07,2.59599094197015e-07,1.5534074830176218e-07,9.752095004879069e-08,6.246365301719966e-08,2.7073049452539906e-07,1.478181326179946e-07,8.845246322786453e-08,5.552933369022025e-08,3.556738352289283e-08
57,57,0.02,614,2,100000.0,1.2245971197151,,0.1232,399.4,0.0013847385288353,123.2,0.0075931007503413,0.0016926523698216,0.0012954634988753,3.968890653472e-05,6.081865140435672e-06,17269212980.011856,9443916766.65717,5651117936.177114,3547700110.876198,2272355925.818829,3.2450511075982043,0.0224677364836554,280197393540.6838,153229962818.53052,91690832589.79813,57562340871.12538,36869555569.67867,4.617825026681621e-07,2.5253238375972425e-07,1.511121199594479e-07,9.48662708493275e-08,6.076329057913602e-08,2.628292703790524e-07,1.437319556006367e-07,8.60073476255423e-08,5.3994321150855026e-08,3.458418462472799e-08
58,58,0.02,616,2,100000.0,1.2252878876884,,0.1236,428.4,0.0014988457374372,123.6,0.0086049238443592,0.0019932734892661,0.0011633071797866,-2.698509308412e-05,-3.163120338839629e-06,18662135430.327065,10222127929.321774,6116789454.481256,3840042779.3141327,2459605855.134462,2.87277382660446,0.0215292240231363,268060471063.9567,146829307837.79016,87860763238.4196,55157871947.27543,35329456621.96681,5.006128205774627e-07,2.74209150078585e-07,1.640832172244436e-07,1.0300936107057697e-07,6.597906382389414e-08,2.8487512769565545e-07,1.560394848734538e-07,9.33720143355667e-08,5.861776543193383e-08,3.754557106705832e-08
59,59,0.02,618,2,100000.0,1.225923815419,,0.124,414.2,0.0014622773958611,124.0,0.0087080435924463,0.0018596564176798,0.0011346117016118,-3.575800101918e-05,-8.908348602672033e-06,18177639592.914017,9972731839.773134,5967554052.509407,3746354688.196301,2399597206.6081686,2.847941645757549,0.0208224034666145,258844284091.1556,142008791642.31107,84976228547.25386,53346997681.46641,34169564088.714428,4.892664658444835e-07,2.6842446936634204e-07,1.6062173892727889e-07,1.0083628893204816e-07,6.458717803961399e-08,2.7830855217759575e-07,1.5268740176060114e-07,9.1366171053521e-08,5.735852247956892e-08,3.6739006787264884e-08
60,60,0.02,620,2,100000.0,1.22668718395639,,0.1244,450.0,0.0016039559600919,124.4,0.0069260843728898,0.0018380586167068,0.0012354208806438,-5.367430763168e-05,-3.512712181675205e-06,19906853416.41804,10938979647.827118,6545744273.13526,4109335169.755584,2632091730.510895,3.592217284759866,0.0288087916191795,357548714638.1894,196475958842.80484,117568678597.8719,73808124128.33812,47275227047.07372,5.376571591342047e-07,2.954470301382212e-07,1.7679169061496778e-07,1.1098757935690945e-07,7.108923408457785e-08,3.056616912107536e-07,1.6796361279865638e-07,1.0050725862629277e-07,6.30971812302284e-08,4.041470507369431e-08
61,61,0.02,622,2,100000.0,1.22741865002142,,0.1248,418.6,0.0015074997143562,124.8,0.0085439289436862,0.0021138034599258,0.001264405987668,1.1075734229472174e-05,-1.9142325900284896e-06,18686903740.00344,10281148051.909286,6152106334.287653,3862214268.1805854,2473807031.258525,2.921372610249139,0.022019841877393,272957043782.0412,150175321603.8204,89862974701.64091,56414834889.88092,36134560520.80195,5.063681900892506e-07,2.785933081005946e-07,1.6670664081503318e-07,1.0465631310171897e-07,6.703396167053896e-08,2.877588409266637e-07,1.5831896433862072e-07,9.473602543488432e-08,5.9474074286737e-08,3.809404992370625e-08
62,62,0.02,624,2,100000.0,1.22816432589286,,0.1252,425.4,0.0015477039293533,125.2,0.0094532423604505,0.0016813287021854,0.0012245808235869,-7.07351566835e-05,1.0230541066233696e-05,19162276429.804665,10555340798.190125,6316179735.691187,3965217467.0033865,2539782148.068914,2.648826618976753,0.0204979968318308,253787739437.2871,139796338393.08664,83652325070.70186,52515867883.15073,33637212801.034485,5.209138583986886e-07,2.869399845075902e-07,1.7170118427792897e-07,1.0779182409214752e-07,6.904230419016944e-08,2.959340835689715e-07,1.630122139878979e-07,9.754440546695178e-08,6.123713962419272e-08,3.9223320110577785e-08
63,63,0.02,626,2,100000.0,1.22887045718098,,0.1256,427.8,0.0015734236407095,125.6,0.0076780373125075,0.001652667177549,0.0012465835515173,-2.576728695384e-05,-3.717984875317031e-06,19450331962.22464,10730749229.639366,6421141877.735815,4031111367.4979553,2581988194.404428,3.271669435505289,0.0257386101720549,318175282956.2098,175537321373.4152,105039268112.1565,65942319260.80495,42237059292.34228,5.304728782862968e-07,2.926619165714326e-07,1.751251145935508e-07,1.09941324084459e-07,7.041909165597081e-08,3.012555864877581e-07,1.6620272388699757e-07,9.94535654227034e-08,6.243568601150848e-08,3.999100731650484e-08
64,64,0.02,628,2,100000.0,1.22959507691401,,0.126,434.2,0.0016147528001794,126.0,0.0086318588108724,0.0018120632467822,0.0012029055871408,-4.133160809114e-05,1.2135694908608092e-05,19929479117.68321,11012614097.223516,6589806177.532134,4136996674.059624,2649809345.094397,2.919417538231593,0.0235706882237615,290912354319.92334,160752093686.05405,96191978641.17104,60388103229.27718,38679499375.192764,5.452717780887088e-07,3.013058010567768e-07,1.802975035355874e-07,1.1318848420930532e-07,7.249894714577286e-08,3.0957644730668e-07,1.7106548182450637e-07,1.0236337702724493e-07,6.426242880269579e-08,4.116106388182036e-08
65,65,0.02,630,2,100000.0,1.23040421769492,,0.1264,434.2,0.0016325431300546,126.4,0.0088152075509469,0.0018025704735482,0.0012046876231261,-3.601787360168e-05,-9.286519901480168e-06,20117140262.530872,11133944146.972942,6662408513.753163,4182575499.200099,2679003276.419736,2.867771388693426,0.0234088023958941,288456796336.093,159648032339.9982,95531322577.64407,59973351738.280846,38413844731.66232,5.521942601709847e-07,3.056150114175978e-07,1.8287607941278838e-07,1.1480728141523253e-07,7.353581139828125e-08,3.134225664938372e-07,1.7346547790606678e-07,1.0379950371475929e-07,6.516401090840809e-08,4.173854094484686e-08
66,66,0.02,632,2,100000.0,1.23117903184959,,0.1268,428.6,0.0016301837058363,126.8,0.0087785530442488,0.0018443684945535,0.0012982112739465,-2.8410805505060003e-05,-2.102231352382e-05,20056226547.766373,11117852873.80421,6652779703.518326,4176530654.352843,2675131461.277523,2.8888587757197977,0.0235468525232044,289698030351.6963,160589534208.2543,96094705147.19736,60327036164.44979,38640384990.5785,5.522644020113664e-07,3.061390613223619e-07,1.8318966411386498e-07,1.15004145910248e-07,7.3661906104105e-08,3.1340733410767066e-07,1.737324128186185e-07,1.0395923412210881e-07,6.526428763068926e-08,4.1802769711928594e-08
67,67,0.02,634,2,100000.0,1.2319261619573,,0.1272,440.2,0.0016935888190641,127.2,0.0089633932926972,0.0018105154124452,0.0011760643773117,-3.822977571488e-05,7.535642797159482e-06,20803427710.29591,11550275746.017817,6911535970.600985,4338974554.44247,2779179252.084346,2.8382108392729832,0.0240338107176976,295222570106.96893,163910589094.69803,98081981538.92416,61574623058.741394,39439483387.74186,5.746886501993985e-07,3.190730138488035e-07,1.9092917441597761e-07,1.198629122405623e-07,7.67740199011564e-08,3.260578160467978e-07,1.8103063288080126e-07,1.0832639483673757e-07,6.800593569510452e-08,4.3558837031876084e-08
68,68,0.02,636,2,100000.0,1.23270341452702,,0.1276,448.6,0.0017455242766389,127.6,0.0087414036717518,0.0017115591830973,0.0012534930753641,-1.1702931859726713e-05,-5.924585110382997e-06,21407539552.41975,11904475566.677946,7123484572.963739,4472033196.749105,2864405337.964591,2.919439595550165,0.0254797634410697,312490093063.20233,173771986668.09543,103982914603.0055,65279153936.02061,41812291806.79539,5.933242710563474e-07,3.299404992625095e-07,1.97432137461921e-07,1.2394538989890752e-07,7.938890898677098e-08,3.365349415990494e-07,1.871430380772756e-07,1.119839792365633e-07,7.030212075571557e-08,4.50295785168342e-08
69,69,0.02,638,2,100000.0,1.23347773841695,,0.128,431.0,0.0016957407455205,128.0,0.0088325428235293,0.002001866674394,0.0011809424927317,-5.268353877316e-05,-8.312591200661246e-06,20764276031.70868,11564951884.449833,6920317982.4691725,4344487790.023528,2782710563.3991456,2.8983725877674926,0.0245744424638851,300913042275.7101,167597697603.69696,100288299695.11543,62959721592.47384,40326660083.23559,5.774276040309034e-07,3.216063226655644e-07,1.924450737240716e-07,1.2081457458492313e-07,7.738357411938286e-08,3.2740689165802616e-07,1.8235381493099745e-07,1.0911816990225813e-07,6.850300203126328e-08,4.387721558676933e-08
70,70,0.02,640,2,100000.0,1.23422873606346,,0.1284,446.4,0.0017756980658629,128.4,0.0087595382411336,0.0018823922697826,0.0012443539725757,-7.47808129342e-05,-1.1071235192264948e-05,21709152784.24807,12110260809.185274,7246623806.786672,4549338444.740861,2913920526.08109,2.9316613836343577,0.026028727243423,318219424444.9918,177515919800.1452,106223235880.40944,66685599197.64986,42713141406.45722,6.054783249335882e-07,3.377607823818332e-07,2.0211169397364537e-07,1.268831560795098e-07,8.127059294554083e-08,3.434691450187447e-07,1.916012553517504e-07,1.1465171892822482e-07,7.19768938726077e-08,4.610229619240798e-08
71,71,0.02,642,2,100000.0,1.23521015912391,,0.1288,447.6,0.0018011846447329,128.8,0.009077514362707,0.0018818220294253,0.0013020876135873,-3.090533373162e-05,1.671770156483516e-05,21986230966.86024,12284079277.078566,7350634535.155077,4614635059.80576,2955744002.006734,2.8377812439305368,0.0255568400083939,311960569312.4036,174297648857.2467,104297464074.25568,65476624101.50529,41938774453.77446,6.15252576148287e-07,3.437520251754034e-07,2.056967763549591e-07,1.2913382529316472e-07,8.27121808376594e-08,3.490394287989944e-07,1.9501423507538845e-07,1.1669400195640176e-07,7.325901323506525e-08,4.692351316110152e-08
72,72,0.02,644,2,100000.0,1.23598529338285,,0.1292,438.4,0.0017861414047866,129.2,0.0089933892761791,0.0017584316264621,0.0012181634597445,-2.440885897698e-05,-8.965459355694976e-06,21768453225.50329,12181484380.644974,7289243072.934331,4576094279.063405,2931058045.2548976,2.873221563803813,0.0256599000011792,312727946090.85364,175000518008.04236,104718051904.81244,65740663803.0212,42107895901.93512,6.111177717655017e-07,3.4197751739083e-07,2.04634933793545e-07,1.2846721401104196e-07,8.228520616398123e-08,3.467649363322262e-07,1.9404739564763906e-07,1.1611545771818402e-07,7.289581050575533e-08,4.6690876284131344e-08
73,73,0.02,646,2,100000.0,1.23678336528058,,0.1296,452.0,0.0018642111418337,129.6,0.0098085286207378,0.0018861490517953,0.001247063115859,-4.088370327334e-05,-6.5699256461975455e-06,22684427388.165527,12713919987.306211,7607845669.823557,4776108945.378081,3059170483.7491927,2.6425981920670645,0.0246318049652058,299729134020.2142,167988909862.70355,100522396063.00488,63106684320.85725,40420791947.902725,6.387804848606575e-07,3.580167061306561e-07,2.142325773781829e-07,1.3449249283090046e-07,8.61444889678016e-08,3.625971754296215e-07,2.0322450274590117e-07,1.2160692019149894e-07,7.634328094354819e-08,4.8899033578595865e-08
74,74,0.02,648,2,100000.0,1.2375610899281,,0.13,450.0,0.0018800529510087,130.0,0.0082101797196173,0.0015374910750006,0.0012558806142893,-3.352690829538e-05,-1.0883351306719328e-05,22841496491.21863,12821961125.879654,7672496093.066696,4816695660.484409,3085166892.6053534,3.166800348824972,0.0297687617053195,361672295280.3777,203022954830.2796,121486316519.40924,76267567489.02878,48850537958.42944,6.452362317444883e-07,3.622001686105601e-07,2.167359073459964e-07,1.3606405161000805e-07,8.71510962888459e-08,3.663660837040109e-07,2.0565778975556859e-07,1.230629677408322e-07,7.725736911345554e-08,4.948452096611261e-08
75,75,0.02,650,2,100000.0,1.23833604842222,,0.1304,459.2,0.001943822324753,130.4,0.0088282066396004,0.0020042229497706,0.0013251560390639,-3.538180421896e-05,7.799193056365254e-06,23574839368.91522,13256868254.815935,7932738907.317281,4980072796.017366,3189812434.919788,2.954167371095913,0.0287118824349666,348220106212.38367,195815038206.47235,117173192217.0988,73559842798.38449,47116199075.78023,6.680010939265026e-07,3.756378721262123e-07,2.2477685574004e-07,1.4111205694829268e-07,9.03844205511898e-08,3.793713186073802e-07,2.1333233757109846e-07,1.2765531812722178e-07,8.014038839547716e-08,5.133113870295785e-08
76,76,0.02,652,2,100000.0,1.23915559600907,,0.1308,442.2,0.0018962551561487,130.8,0.0095724079566025,0.0014950148114794,0.0012350863646849,-6.710633878906e-05,1.0569165839656342e-05,22953238865.387337,12932460164.934696,7738617292.243181,4858205710.053181,3111754711.2401524,2.7328546922152643,0.0259109490055929,313639332674.05774,176712672218.1439,105742582891.8248,66383851352.32912,42519867318.17802,6.52430988847972e-07,3.6759682688480433e-07,2.1996519802300385e-07,1.38091359307752e-07,8.844961772990674e-08,3.705863878106284e-07,2.0879814505198457e-07,1.2494211582949397e-07,7.843707443155195e-08,5.0240140180396865e-08
77,77,0.02,654,2,100000.0,1.23991243430684,,0.1312,450.2,0.0019569661382154,131.2,0.0097220299577202,0.0018414202160744,0.0013133567586239,-4.451832493932e-05,4.658690345010266e-06,23649152444.16941,13346509062.62969,7986378810.057444,5013747246.108104,3211381432.811631,2.699024803885009,0.0264095007370334,319148245188.35504,180112795026.56793,107777172507.83342,67661140888.279625,43337990709.47185,6.742427206951464e-07,3.80512012149868e-07,2.276934782380662e-07,1.429430755319592e-07,9.155721582667649e-08,3.8308533315638e-07,2.1619598769141898e-07,1.293688894088975e-07,8.121614669580873e-08,5.202017827003204e-08
78,78,0.02,656,2,100000.0,1.24074079328274,,0.1316,439.6,0.0019368005668463,131.6,0.0089223155170657,0.0017581970704686,0.0012276069836902,-3.203272601906e-05,9.22253260336729e-06,23378257330.91449,13208979865.892405,7904083113.300131,4962083052.26046,3178289730.194932,2.9499068879213803,0.028566906663351,344818411640.3158,194826303444.0541,116581546093.13562,73188414871.50539,46878293834.55907,6.686008031027947e-07,3.777670175110031e-07,2.26050908865455e-07,1.4191189132891346e-07,9.089672664744224e-08,3.7995423519513677e-07,2.14678441237638e-07,1.2846080919219953e-07,8.064606546199832e-08,5.1655032561724926e-08
79,79,0.02,658,2,100000.0,1.24155651007879,,0.132,441.8,0.0019716064622528,132.0,0.0082026984770436,0.0018170927282922,0.0011790712955038,4.887772727667809e-06,1.627507332785988e-05,23766185180.56473,13446356072.56426,8046125972.453773,5051255756.291735,3235406204.556884,3.2184530583299966,0.0317276142413039,382451756896.1282,216382329125.6928,129480393718.76132,81286147686.22066,52065014969.979744,6.818617197051611e-07,3.857815381706429e-07,2.308466946150137e-07,1.4492262474973416e-07,9.28251472343145e-08,3.87545437180733e-07,2.192642152300983e-07,1.3120487717801045e-07,8.236875651312491e-08,5.275844240360578e-08
80,80,0.02,660,2,100000.0,1.24231942993718,,0.1324,446.0,0.0020111332555334,132.4,0.0108241200282009,0.001688231728941,0.0012660822257081,-1.6346296374438902e-05,2.22326158464e-05,24195901188.429916,13715928802.738354,8207434815.832144,5152523400.676784,3300269672.3304453,2.446388245049907,0.0246000637778303,295962841228.82,167772434964.80276,100392860277.32552,63025363398.80127,40368704659.41954,6.964223738202561e-07,3.947809020033657e-07,2.362317978116914e-07,1.4830332418366905e-07,9.499053668438755e-08,3.9581201156670155e-07,2.2437392712256378e-07,1.342624628426954e-07,8.428826998357895e-08,5.3987920001191664e-08
81,81,0.02,662,2,100000.0,1.24314995045508,,0.1328,454.2,0.0020692749580967,132.8,0.0096147641322204,0.0015988881278903,0.0012363914852223,-3.054668237974e-05,1.330417537317037e-05,24848265545.13184,14112455214.219791,8444711103.992815,5301482442.643858,3395680206.236757,2.762418259538334,0.0285810146412593,343206512298.6473,194922519853.38867,116639120750.97935,73224559510.90642,46901445026.30657,7.172541381741125e-07,4.073611046940488e-07,2.437596287766003e-07,1.530292009129257e-07,9.801753266905193e-08,4.077854138372453e-07,2.315998023820892e-07,1.385863333608953e-07,8.700274101215725e-08,5.572658001598364e-08
82,82,0.02,664,2,100000.0,1.24399008048548,,0.1332,447.4,0.0020613366617636,133.2,0.0090862191597352,0.0017445043050226,0.0013144094163698,-1.3843985991487654e-05,7.97608478389844e-06,24714864954.30595,14058316033.22816,8412314916.657496,5281144527.438498,3382653461.954166,2.931912551488158,0.0302182941573378,362309113839.322,206088766153.04425,123320858456.09586,77419269631.09962,49588220712.19144,7.157105199019639e-07,4.071106476078416e-07,2.436097584879181e-07,1.5293511424798978e-07,9.795726872792785e-08,4.068991130704307e-07,2.314524613329005e-07,1.384981663782356e-07,8.694739089954415e-08,5.56911274262888e-08
83,83,0.02,666,2,100000.0,1.24478593786844,,0.1336,447.0,0.0020855723945985,133.6,0.0104737940469021,0.0017369545054901,0.0013467992520296,-3.17833142693e-05,1.4609860282698497e-06,24966921169.40024,14223603731.162134,8511220942.356695,5343236474.9614935,3422424299.536226,2.551129025484602,0.0266028213530489,318469186361.21454,181431241627.794,108566113941.79288,68156428306.51148,43655229840.35337,7.252343842569002e-07,4.13164539748147e-07,2.472323294299397e-07,1.5520931830421597e-07,9.941393104497204e-08,4.123736121247878e-07,2.3492840019215865e-07,1.4057812334079174e-07,8.825316147981092e-08,5.652749336001941e-08
84,84,0.02,668,2,100000.0,1.24561914540455,,0.134,431.8,0.0020398454901814,134.0,0.009423460980247,0.0019588106071548,0.0012408388909976,-2.093628547302e-05,8.719383531816736e-06,24382067288.17174,13911746243.037355,8324609445.430418,5226084145.844825,3347386449.387728,2.8439657208935083,0.029006253249976,346708817860.3968,197822647164.8364,118374519513.1521,74314020826.43857,47599261583.21064,7.103399826059602e-07,4.0530072645200563e-07,2.425267250220872e-07,1.5225519958504964e-07,9.752177303632568e-08,4.040157431514822e-07,2.305204243137428e-07,1.3794044745225578e-07,8.659726203692213e-08,5.546686455994896e-08
85,85,0.02,670,2,100000.0,1.24636834168605,,0.1344,468.8,0.0022429393967147,134.4,0.0096927537391366,0.0020052226969576,0.0012968924314414,-1.12890971094611e-05,-7.744976843299757e-06,26768473405.933865,15296846685.594915,9153435677.993086,5746410734.38331,3680663550.008982,2.773205708452712,0.0311006616934147,371172416279.5019,212106512749.0888,126921800370.82571,79679895258.52867,51036185838.89366,7.822504331514465e-07,4.470170847697782e-07,2.674892555638511e-07,1.6792635941058238e-07,1.0755938945853461e-07,4.449305673584486e-07,2.542556152308721e-07,1.5214327943653798e-07,9.5513619680571e-08,6.117792735980368e-08
86,86,0.02,672,2,100000.0,1.24722718437682,,0.1348,457.2,0.0022155128247009,134.8,0.0099524341412916,0.0015375503555201,0.0012462640597277,-1.2381552630951924e-05,5.4018695763234095e-06,26393125260.25872,15109797464.460407,9041507837.604534,5676143856.883807,3635656545.3342414,2.7088850443275696,0.0300078477817415,357479711452.8952,204653521871.4771,122462026797.28714,76880106016.82176,49242878209.83782,7.735771809549108e-07,4.428651177947829e-07,2.650047720997814e-07,1.66366632227307e-07,1.0656036045472709e-07,4.400524942679691e-07,2.5192560549589337e-07,1.5074903167576845e-07,9.463832863350129e-08,6.061729012005294e-08
87,87,0.02,674,2,100000.0,1.24809630082086,,0.1352,460.2,0.0022583072966905,135.2,0.008907564823221,0.001872647749483,0.0012448261912569,-4.65827168982e-05,-6.917684954055416e-06,26851500051.253056,15401655763.429243,9216152077.793953,5785783294.121075,3705882273.86912,3.035622028762531,0.0342768368877443,407555025304.5101,233768027574.41608,139883771338.88446,87817256106.4009,56248289332.78841,7.893764831567888e-07,4.527756303417362e-07,2.709350949302971e-07,1.7008961362691032e-07,1.0894498671419197e-07,4.490879767091577e-07,2.575907644476869e-07,1.541389896936965e-07,9.67665012485299e-08,6.198041707604902e-08
88,88,0.02,676,2,100000.0,1.24884567323607,,0.1356,445.6,0.002221078749773,135.6,0.0117583237703911,0.002004953775856,0.001344342589995,-3.46965475972e-05,2.67001690543146e-06,26364043957.724968,15147757073.452372,9064222377.823915,5690403756.918618,3644790228.377616,2.306451202533764,0.0256140487666814,304036904449.7389,174687812588.76776,104530933016.82716,65623192940.23799,42032654026.12432,7.774252724503279e-07,4.466784074826849e-07,2.67286595445284e-07,1.677991319605042e-07,1.0747789834004195e-07,4.423115851707583e-07,2.541350808579994e-07,1.5207115322309316e-07,9.546833975926603e-08,6.114892488093506e-08
89,89,0.02,678,2,100000.0,1.24968323318255,,0.136,445.0,0.0022531394583032,136.0,0.0087429725109131,0.001772717518244,0.0012458162225232,-4.885574435772e-05,6.789295184241675e-06,26703821442.16582,15366411105.628231,9195062129.335604,5772543292.172953,3697401851.075649,3.111070058386693,0.0350483735304844,415387296666.1333,239029907477.9038,143032412377.90695,89793932985.1011,57514380963.52496,7.89738413402804e-07,4.54446010753052e-07,2.719346290151326e-07,1.7071710843831658e-07,1.0934690669292643e-07,4.494147747469387e-07,2.5861063371253066e-07,1.5474926630217566e-07,9.714962515711197e-08,6.222581377159278e-08
90,90,0.02,680,2,100000.0,1.25043238280315,,0.1364,467.0,0.0024013281947471,136.4,0.0105116050998731,0.0014581943382841,0.0012748055684764,9.801073372964702e-07,-2.992015312983815e-06,28413027843.346306,16377058288.175716,9799820362.763212,6152202834.942257,3940579567.58011,2.5952268698078544,0.0311599572711752,368691266558.2552,212510908589.4152,127163785623.6662,79831810528.75102,51133489881.99858,8.428199815912902e-07,4.857951796289138e-07,2.906935671650435e-07,1.8249373170224e-07,1.1689001316291017e-07,4.796134171328876e-07,2.764456126070992e-07,1.654214875439255e-07,1.0384951019052613e-07,6.65171921243768e-08
91,91,0.02,682,2,100000.0,1.2512710931248,,0.1368,462.2,0.0024131353724975,136.8,0.0101616188827847,0.0019980810740073,0.001303003280035,-2.490429717864e-05,5.96780899751801e-06,28498505129.942284,16457583240.433168,9848005455.162426,6182452824.338676,3959955146.268449,2.692484368445641,0.0324866463469642,383658897932.1876,221558928086.29636,132578003741.96118,83230787940.92249,53310586655.36836,8.480219432571938e-07,4.897236418974732e-07,2.9304430829671373e-07,1.8396949714682204e-07,1.178352633949785e-07,4.825026086973251e-07,2.786401184958736e-07,1.667346515515631e-07,1.0467389788657305e-07,6.704522499292208e-08
92,92,0.02,684,2,100000.0,1.25210187482514,,0.1372,443.6,0.0023510457329526,137.2,0.0096390195594494,0.0019283690735519,0.0012298539559196,-1.8705930829403287e-05,2.7703038382925247e-06,27713727123.07591,16034131898.7371,9594617636.17978,6023379167.824698,3858066047.7753057,2.8467625603165807,0.0334643448508083,394472003904.0133,228226831882.5129,136567991336.14883,85735651507.77097,54914989900.1765,8.271417608806056e-07,4.785534631994784e-07,2.863602174951718e-07,1.7977330978256065e-07,1.1514754151178066e-07,4.70630671059918e-07,2.722894045197751e-07,1.6293446625296217e-07,1.0228818979173954e-07,6.551714264178166e-08
93,93,0.02,686,2,100000.0,1.2528606408531,,0.1376,468.6,0.0025213481553481,137.6,0.0098663057020075,0.001765945531054,0.0012758451910666,-3.640400623772e-05,-1.913418473718619e-05,29676188978.726757,17195594419.474583,10289621821.975918,6459693974.002035,4137532322.926362,2.789291233333692,0.0351638715294737,413877668785.5824,239817603831.01105,143503759711.7824,90089838858.51176,57703913179.86642,8.882627882888318e-07,5.14695692774959e-07,3.0798726132179e-07,1.933504933855491e-07,1.2384393428793366e-07,5.054812751811016e-07,2.92896469990938e-07,1.7526546833328714e-07,1.1002943638075999e-07,7.04755289230395e-08
94,94,0.02,688,2,100000.0,1.2537017293449,,0.1379999999999999,458.6,0.0025056978603452,138.0,0.0102320490042529,0.0017552156445434,0.0012822415277279,-5.723425048602e-05,-4.372728674271196e-06,29447230901.2098,17088859407.554876,10225752968.069128,6419597918.204633,4111850188.8266206,2.697406940538299,0.0337944339969367,397155825062.7858,230478039859.10876,137915085141.4989,86581339900.15196,55456666188.973206,8.840369983242809e-07,5.130256228886976e-07,3.069879130511401e-07,1.927231152259301e-07,1.234420890264447e-07,5.031031467184988e-07,2.919615420075938e-07,1.7470601949164086e-07,1.096782214990404e-07,7.02505704449357e-08
95,95,0.02,690,2,100000.0,1.25445082841514,,0.1384,455.6,0.0025272125481949,138.4,0.0093311515277491,0.0020365447056618,0.0011772431900937,-4.527099865172e-05,2.330155172342e-05,29635439198.252472,17235589578.689392,10313554409.18349,6474718548.4754,4147155791.587873,2.966407727672694,0.0374837141621841,439553979253.352,255638930586.0958,152971037495.87347,96033275683.51576,61510774940.14418,8.922331568032899e-07,5.189113073804804e-07,3.105098307067068e-07,1.949341304265089e-07,1.2485827791955545e-07,5.077971747165215e-07,2.953282937392097e-07,1.767206402858819e-07,1.1094297486214887e-07,7.106066422669254e-08
96,96,0.02,692,2,100000.0,1.25529326238378,,0.1388,460.4,0.0025916955199037,138.8,0.0102106428560546,0.0017575791506688,0.0011165739560354,-4.242536796048e-05,-3.591037521933484e-06,30322642200.063103,17675363445.7436,10576709416.72722,6639923921.993417,4252972348.16206,2.718731855706726,0.0352306258512737,412195666492.5433,240272868305.6866,143776184099.04797,90260863430.96324,57813457021.94015,9.15628691443226e-07,5.337288814025566e-07,3.193764758070138e-07,2.005004976764443e-07,1.2842362087706681e-07,5.210939097139648e-07,3.037507148218983e-07,1.8176050838536177e-07,1.1410694008412077e-07,7.308723211477056e-08
97,97,0.02,694,2,100000.0,1.25608149875268,,0.1392,455.6,0.0026019029869088,139.2,0.0113234365409425,0.0018899357220394,0.0012127886611632,-4.345019304066e-05,1.1095663453211777e-05,30387492567.367004,17744978370.718422,10618366089.575056,6666075452.460498,4269722801.51744,2.4586175671438517,0.0319854219580909,373556115237.9088,218140577754.18,130532507010.969,81946651056.62889,52488077433.227165,9.201973834937372e-07,5.373553816817242e-07,3.215465267805155e-07,2.018628281332225e-07,1.2929621427268466e-07,5.237422266787418e-07,3.058427563130611e-07,1.8301235901958978e-07,1.148928360225898e-07,7.359061042664708e-08
98,98,0.02,696,2,100000.0,1.25688263441476,,0.1396,455.2,0.0026368136778825,139.6,0.0101510824774095,0.0016374788836581,0.0012411468226125,-4.360032691596e-05,-9.652680335635711e-06,30748738836.87635,17983069283.158985,10760836619.438684,6755516642.73509,4327011245.405264,2.7504455866784467,0.0362620627161271,422863665149.0736,247307267723.98688,147985477944.5147,92903404678.71764,59506044917.16459,9.338811367047048e-07,5.461703412516941e-07,3.268212848457718e-07,2.051742542942582e-07,1.3141723313695458e-07,5.315297142807122e-07,3.108594381277318e-07,1.860142766861105e-07,1.1677740183038843e-07,7.479770351431204e-08
99,99,0.02,698,2,100000.0,1.25768349177669,,0.1399999999999999,470.2,0.0027648632564135,140.0,0.0095547757450731,0.0015306839935792,0.0012206454454465,-8.007749845052e-05,1.415288351133901e-06,32189023349.68924,18856367408.740227,11283406949.423586,7083579662.931445,4537140603.774591,2.930471708290805,0.040511767751063,471645111218.882,276290256062.2501,165328524192.08835,103791148978.22356,66479810879.49448,9.804979598331152e-07,5.74376848072712e-07,3.436996945725421e-07,2.157703056836199e-07,1.3820416535004698e-07,5.580708324105133e-07,3.269185443035731e-07,1.956238386074607e-07,1.2281016283075578e-07,7.866177876864568e-08
100,100,0.02,700,2,100000.0,1.25848494585637,,0.1404,448.4,0.0026762140877565,140.4,0.0110655316759221,0.0016387447703463,0.0012742051202469,-5.800404460466558e-07,-6.183518362769574e-07,31098380867.29381,18251780078.49943,10921629692.134336,6856460492.832191,4391667318.00844,2.537609653325588,0.0339559335172843,394577757458.2028,231579466587.8791,138574164684.03732,86995101671.28244,55721686901.86357,9.499128508824572e-07,5.575081391546335e-07,3.336056768167243e-07,2.094334094595559e-07,1.3414528685524246e-07,5.406426379465674e-07,3.17305604139616e-07,1.8987157925128638e-07,1.1919896742019005e-07,7.634875313681961e-08
101,101,0.02,702,2,100000.0,1.25928548443795,,0.1408,456.2,0.0027635459692609,140.8,0.009754733774298,0.0014614849453961,0.0012280424566043,-2.552371902688e-05,-4.174052819466213e-07,32052746662.52341,18847383510.359665,11278031100.553928,7080204773.246549,4534978935.557216,2.886803540881496,0.0398890714472564,462649912801.7508,272043467270.289,162787300576.2536,102195801047.87103,65457966244.94785,9.819621644131518e-07,5.774050411410356e-07,3.455117262311681e-07,2.169078761588465e-07,1.389327965560762e-07,5.587686502478316e-07,3.285623898528579e-07,1.9660749457324246e-07,1.2342768956056044e-07,7.905731403937536e-08
102,102,0.02,704,2,100000.0,1.2600864681475,,0.142,464.6,0.0029491675864124,142.0,0.0096466567855031,0.0018038703265183,0.0011643451682986,-3.439299165148e-05,1.5841226335741347e-05,34013605408.58832,20113322939.333164,12035552920.14936,7555767356.388792,4839584009.302892,2.944025130310326,0.043412117439475,500684545476.7162,296070640937.2199,177164851270.49774,111221844879.9351,71239284718.17857,1.05114780909272e-06,6.215770156466889e-07,3.719436658143896e-07,2.335015123294453e-07,1.495612731196798e-07,5.97891086875534e-07,3.5355194982770335e-07,2.1156092481625477e-07,1.328152632637208e-07,8.507019789842538e-08
103,103,0.02,706,2,100000.0,1.26088685337121,,0.1424,464.0,0.0029912019611168,142.4,0.0108165688738608,0.0018994795397355,0.0012672957908373,-1.9170060964196257e-05,7.435444883128154e-06,34433781296.870125,20399997374.81712,12207095203.317984,7663459424.381444,4908562418.1928,2.632997610621629,0.0393791380825373,453320319396.6339,268565721722.90488,160706262514.83502,100889351767.46072,64621165593.44383,1.067169655483073e-06,6.322354777898876e-07,3.78321552032336e-07,2.375054683427701e-07,1.5212586789636445e-07,6.06833026575947e-07,3.595130038833951e-07,2.1512794264635419e-07,1.3505459178141612e-07,8.650452190214827e-08
104,104,0.02,708,2,100000.0,1.26168753417693,,0.1432,484.8,0.0032243237748514,143.2,0.010850522185251,0.0017142490502547,0.0012713773376211,-2.364365585462e-05,2.9671652652051936e-06,36978751348.38514,21989888144.48673,13158465325.16867,8260717511.169354,5291115314.531191,2.6395043032057828,0.0425530823932452,488027866556.196,290212021921.93274,173659129246.83395,109020997091.49438,69829608207.31549,1.152524078089115e-06,6.853632055403106e-07,4.101124987991214e-07,2.574634212015068e-07,1.6490924051197213e-07,6.550516202426135e-07,3.895348364332729e-07,2.330926198657165e-07,1.4633258811466934e-07,9.372825023269805e-08
105,105,0.02,710,2,100000.0,1.26248794694978,,0.1444,481.8,0.0033745535969355,144.4,0.0101729018760579,0.0017228319860554,0.0012750491095791,-5.311675236356e-05,-9.072479979538032e-06,38485351315.35878,23014455531.100662,13771553229.094109,8645606315.348959,5537642452.571289,2.838914633391819,0.0479003479375271,546283135101.98566,326680372933.9348,195481319933.04807,122720691415.94444,78604470965.48196,1.2096656478112624e-06,7.233868292100542e-07,4.328653445756937e-07,2.7174736897890895e-07,1.740583265005424e-07,6.869947785545837e-07,4.108267234352365e-07,2.458334103136657e-07,1.5433109463945392e-07,9.885141541894768e-08
106,106,0.02,712,2,100000.0,1.2634870605769,,0.1456,465.0,0.0034547316900111,145.6,0.0102100467178843,0.0019634019474534,0.0012241523706607,-5.789168624906e-05,-1.1951762819685276e-05,39174008834.11285,23561270125.87583,14098760026.935375,8851022589.808489,5669214703.308246,2.852092728331228,0.0492660756570808,558639528676.7827,335994635981.2912,201054854756.5468,126219685833.44109,80845630153.26964,1.241818082220223e-06,7.468934672039256e-07,4.469314134397683e-07,2.805778684716213e-07,1.7971439584774805e-07,7.045717989708739e-07,4.237658328236037e-07,2.535760064154144e-07,1.5919179819561185e-07,1.019647700386413e-07
107,107,0.02,714,2,100000.0,1.2642888534796,,,,,,,,,,,,,,,,,,,,,,,,,,,,,,,,
108,108,0.02,716,2,100000.0,1.26509115522965,,,,,,,,,,,,,,,,,,,,,,,,,,,,,,,,
109,109,0.02,718,2,100000.0,1.26589288992069,,,,,,,,,,,,,,,,,,,,,,,,,,,,,,,,
110,110,0.02,720,2,100000.0,1.266694990595,,,,,,,,,,,,,,,,,,,,,,,,,,,,,,,,
111,111,0.02,722,2,100000.0,1.26742532522346,,,,,,,,,,,,,,,,,,,,,,,,,,,,,,,,
112,112,0.02,724,2,100000.0,1.26822702873633,,,,,,,,,,,,,,,,,,,,,,,,,,,,,,,,
113,113,0.02,726,2,100000.0,1.26902888811467,,,,,,,,,,,,,,,,,,,,,,,,,,,,,,,,
114,114,0.02,728,2,100000.0,1.26983031425198,,,,,,,,,,,,,,,,,,,,,,,,,,,,,,,,
115,115,0.02,730,2,100000.0,1.27055805381929,,,,,,,,,,,,,,,,,,,,,,,,,,,,,,,,
116,116,0.02,732,2,100000.0,1.27135901229813,,,,,,,,,,,,,,,,,,,,,,,,,,,,,,,,
117,117,0.02,734,2,100000.0,1.272159837589,,,,,,,,,,,,,,,,,,,,,,,,,,,,,,,,
118,118,0.02,736,2,100000.0,1.27296098866863,,,,,,,,,,,,,,,,,,,,,,,,,,,,,,,,
119,119,0.02,738,2,100000.0,1.27368491854199,,,,,,,,,,,,,,,,,,,,,,,,,,,,,,,,
120,120,0.02,740,2,100000.0,1.27448555561608,,,,,,,,,,,,,,,,,,,,,,,,,,,,,,,,
121,121,0.02,742,2,100000.0,1.27528577565715,,,,,,,,,,,,,,,,,,,,,,,,,,,,,,,,
122,122,0.02,744,2,100000.0,1.276086046278,,,,,,,,,,,,,,,,,,,,,,,,,,,,,,,,
123,123,0.02,746,2,100000.0,1.27688630008345,,,,,,,,,,,,,,,,,,,,,,,,,,,,,,,,
124,124,0.02,748,2,100000.0,1.27768646892401,,,,,,,,,,,,,,,,,,,,,,,,,,,,,,,,
125,125,0.02,750,2,100000.0,1.27848648389625,,,,,,,,,,,,,,,,,,,,,,,,,,,,,,,,
126,126,0.02,752,2,100000.0,1.2792868307211,,,,,,,,,,,,,,,,,,,,,,,,,,,,,,,,
127,127,0.02,754,2,100000.0,1.28016843760962,,,,,,,,,,,,,,,,,,,,,,,,,,,,,,,,
128,128,0.02,756,2,100000.0,1.28096914587123,,,,,,,,,,,,,,,,,,,,,,,,,,,,,,,,
129,129,0.02,758,2,100000.0,1.2817699952141,,,,,,,,,,,,,,,,,,,,,,,,,,,,,,,,
130,130,0.02,760,2,100000.0,1.28257035434233,,,,,,,,,,,,,,,,,,,,,,,,,,,,,,,,
131,131,0.02,762,2,100000.0,1.28337129179016,,,,,,,,,,,,,,,,,,,,,,,,,,,,,,,,
132,132,0.02,764,2,100000.0,1.28418710389317,,,,,,,,,,,,,,,,,,,,,,,,,,,,,,,,
133,133,0.02,766,2,100000.0,1.28505838495462,,,,,,,,,,,,,,,,,,,,,,,,,,,,,,,,
134,134,0.02,768,2,100000.0,1.28585885107582,,,,,,,,,,,,,,,,,,,,,,,,,,,,,,,,
135,135,0.02,770,2,100000.0,1.28689382385114,,,,,,,,,,,,,,,,,,,,,,,,,,,,,,,,
136,136,0.02,772,2,100000.0,1.28769614424958,,,,,,,,,,,,,,,,,,,,,,,,,,,,,,,,
137,137,0.02,774,2,100000.0,1.28835108195056,,,,,,,,,,,,,,,,,,,,,,,,,,,,,,,,
138,138,0.02,776,2,100000.0,1.2891523913895,,,,,,,,,,,,,,,,,,,,,,,,,,,,,,,,
139,139,0.02,778,2,100000.0,1.28995378710095,,,,,,,,,,,,,,,,,,,,,,,,,,,,,,,,
140,140,0.02,780,2,100000.0,1.29084637328192,,,,,,,,,,,,,,,,,,,,,,,,,,,,,,,,
141,141,0.02,782,2,100000.0,1.29164824012589,,,,,,,,,,,,,,,,,,,,,,,,,,,,,,,,
142,142,0.02,784,2,100000.0,1.29245061579877,,,,,,,,,,,,,,,,,,,,,,,,,,,,,,,,
143,143,0.02,786,2,100000.0,1.29326685540874,,,,,,,,,,,,,,,,,,,,,,,,,,,,,,,,
144,144,0.02,788,2,100000.0,1.29414859932067,,,,,,,,,,,,,,,,,,,,,,,,,,,,,,,,
145,145,0.02,790,2,100000.0,1.29519742122294,,,,,,,,,,,,,,,,,,,,,,,,,,,,,,,,
146,146,0.02,792,2,100000.0,1.29600119569745,,,,,,,,,,,,,,,,,,,,,,,,,,,,,,,,
147,147,0.02,794,2,100000.0,1.29690183422233,,,,,,,,,,,,,,,,,,,,,,,,,,,,,,,,
148,148,0.02,796,2,100000.0,1.29770587029687,,,,,,,,,,,,,,,,,,,,,,,,,,,,,,,,
149,149,0.02,798,2,100000.0,1.29851063884867,,,,,,,,,,,,,,,,,,,,,,,,,,,,,,,,
