Simulation Number,ExitSlit.totalHeight,Dipole.photonEnergy,PG.cFactor,Dipole.numberRays
0,0.02,100.0,2.25,500000.0
1,0.02,101.0,2.25,500000.0
2,0.02,102.0,2.25,500000.0
3,0.02,103.0,2.25,500000.0
4,0.02,104.0,2.25,500000.0
5,0.02,105.0,2.25,500000.0
6,0.02,106.0,2.25,500000.0
7,0.02,107.0,2.25,500000.0
8,0.02,108.0,2.25,500000.0
9,0.02,109.0,2.25,500000.0
10,0.02,110.0,2.25,500000.0
11,0.02,111.0,2.25,500000.0
12,0.02,112.0,2.25,500000.0
13,0.02,113.0,2.25,500000.0
14,0.02,114.0,2.25,500000.0
15,0.02,115.0,2.25,500000.0
16,0.02,116.0,2.25,500000.0
17,0.02,117.0,2.25,500000.0
18,0.02,118.0,2.25,500000.0
19,0.02,119.0,2.25,500000.0
20,0.02,120.0,2.25,500000.0
21,0.02,121.0,2.25,500000.0
22,0.02,122.0,2.25,500000.0
23,0.02,123.0,2.25,500000.0
24,0.02,124.0,2.25,500000.0
25,0.02,125.0,2.25,500000.0
26,0.02,126.0,2.25,500000.0
27,0.02,127.0,2.25,500000.0
28,0.02,128.0,2.25,500000.0
29,0.02,129.0,2.25,500000.0
30,0.02,130.0,2.25,500000.0
31,0.02,131.0,2.25,500000.0
32,0.02,132.0,2.25,500000.0
33,0.02,133.0,2.25,500000.0
34,0.02,134.0,2.25,500000.0
35,0.02,135.0,2.25,500000.0
36,0.02,136.0,2.25,500000.0
37,0.02,137.0,2.25,500000.0
38,0.02,138.0,2.25,500000.0
39,0.02,139.0,2.25,500000.0
40,0.02,140.0,2.25,500000.0
41,0.02,141.0,2.25,500000.0
42,0.02,142.0,2.25,500000.0
43,0.02,143.0,2.25,500000.0
44,0.02,144.0,2.25,500000.0
45,0.02,145.0,2.25,500000.0
46,0.02,146.0,2.25,500000.0
47,0.02,147.0,2.25,500000.0
48,0.02,148.0,2.25,500000.0
49,0.02,149.0,2.25,500000.0
50,0.02,150.0,2.25,500000.0
51,0.02,151.0,2.25,500000.0
52,0.02,152.0,2.25,500000.0
53,0.02,153.0,2.25,500000.0
54,0.02,154.0,2.25,500000.0
55,0.02,155.0,2.25,500000.0
56,0.02,156.0,2.25,500000.0
57,0.02,157.0,2.25,500000.0
58,0.02,158.0,2.25,500000.0
59,0.02,159.0,2.25,500000.0
60,0.02,160.0,2.25,500000.0
61,0.02,161.0,2.25,500000.0
62,0.02,162.0,2.25,500000.0
63,0.02,163.0,2.25,500000.0
64,0.02,164.0,2.25,500000.0
65,0.02,165.0,2.25,500000.0
66,0.02,166.0,2.25,500000.0
67,0.02,167.0,2.25,500000.0
68,0.02,168.0,2.25,500000.0
69,0.02,169.0,2.25,500000.0
70,0.02,170.0,2.25,500000.0
71,0.02,171.0,2.25,500000.0
72,0.02,172.0,2.25,500000.0
73,0.02,173.0,2.25,500000.0
74,0.02,174.0,2.25,500000.0
75,0.02,175.0,2.25,500000.0
76,0.02,176.0,2.25,500000.0
77,0.02,177.0,2.25,500000.0
78,0.02,178.0,2.25,500000.0
79,0.02,179.0,2.25,500000.0
80,0.02,180.0,2.25,500000.0
81,0.02,181.0,2.25,500000.0
82,0.02,182.0,2.25,500000.0
83,0.02,183.0,2.25,500000.0
84,0.02,184.0,2.25,500000.0
85,0.02,185.0,2.25,500000.0
86,0.02,185.1,2.25,500000.0
87,0.02,185.2,2.25,500000.0
88,0.02,185.29999999999998,2.25,500000.0
89,0.02,185.39999999999998,2.25,500000.0
90,0.02,185.49999999999997,2.25,500000.0
91,0.02,185.59999999999997,2.25,500000.0
92,0.02,185.69999999999996,2.25,500000.0
93,0.02,185.79999999999995,2.25,500000.0
94,0.02,185.89999999999995,2.25,500000.0
95,0.02,185.99999999999994,2.25,500000.0
96,0.02,186.09999999999994,2.25,500000.0
97,0.02,186.19999999999993,2.25,500000.0
98,0.02,186.29999999999993,2.25,500000.0
99,0.02,186.39999999999992,2.25,500000.0
100,0.02,186.49999999999991,2.25,500000.0
101,0.02,186.5999999999999,2.25,500000.0
102,0.02,186.6999999999999,2.25,500000.0
103,0.02,186.7999999999999,2.25,500000.0
104,0.02,186.8999999999999,2.25,500000.0
105,0.02,186.9999999999999,2.25,500000.0
106,0.02,187.09999999999988,2.25,500000.0
107,0.02,187.19999999999987,2.25,500000.0
108,0.02,187.29999999999987,2.25,500000.0
109,0.02,187.39999999999986,2.25,500000.0
110,0.02,187.49999999999986,2.25,500000.0
111,0.02,187.59999999999985,2.25,500000.0
112,0.02,187.69999999999985,2.25,500000.0
113,0.02,187.79999999999984,2.25,500000.0
114,0.02,187.89999999999984,2.25,500000.0
115,0.02,187.99999999999983,2.25,500000.0
116,0.02,188.09999999999982,2.25,500000.0
117,0.02,188.19999999999982,2.25,500000.0
118,0.02,188.2999999999998,2.25,500000.0
119,0.02,188.3999999999998,2.25,500000.0
120,0.02,188.4999999999998,2.25,500000.0
121,0.02,188.5999999999998,2.25,500000.0
122,0.02,188.6999999999998,2.25,500000.0
123,0.02,188.79999999999978,2.25,500000.0
124,0.02,188.89999999999978,2.25,500000.0
125,0.02,188.99999999999977,2.25,500000.0
126,0.02,189.09999999999977,2.25,500000.0
127,0.02,189.19999999999976,2.25,500000.0
128,0.02,189.29999999999976,2.25,500000.0
129,0.02,189.39999999999975,2.25,500000.0
130,0.02,189.49999999999974,2.25,500000.0
131,0.02,189.59999999999974,2.25,500000.0
132,0.02,189.69999999999973,2.25,500000.0
133,0.02,189.79999999999973,2.25,500000.0
134,0.02,189.89999999999972,2.25,500000.0
135,0.02,189.99999999999972,2.25,500000.0
136,0.02,190.0999999999997,2.25,500000.0
137,0.02,190.1999999999997,2.25,500000.0
138,0.02,190.2999999999997,2.25,500000.0
139,0.02,190.3999999999997,2.25,500000.0
140,0.02,190.4999999999997,2.25,500000.0
141,0.02,190.59999999999968,2.25,500000.0
142,0.02,190.69999999999968,2.25,500000.0
143,0.02,190.79999999999967,2.25,500000.0
144,0.02,190.89999999999966,2.25,500000.0
145,0.02,190.99999999999966,2.25,500000.0
146,0.02,191.09999999999965,2.25,500000.0
147,0.02,191.19999999999965,2.25,500000.0
148,0.02,191.29999999999964,2.25,500000.0
149,0.02,191.39999999999964,2.25,500000.0
150,0.02,191.49999999999963,2.25,500000.0
151,0.02,191.59999999999962,2.25,500000.0
152,0.02,191.69999999999962,2.25,500000.0
153,0.02,191.7999999999996,2.25,500000.0
154,0.02,191.8999999999996,2.25,500000.0
155,0.02,191.9999999999996,2.25,500000.0
156,0.02,192.0999999999996,2.25,500000.0
157,0.02,192.1999999999996,2.25,500000.0
158,0.02,192.29999999999959,2.25,500000.0
159,0.02,192.39999999999958,2.25,500000.0
160,0.02,192.49999999999957,2.25,500000.0
161,0.02,192.59999999999957,2.25,500000.0
162,0.02,192.69999999999956,2.25,500000.0
163,0.02,192.79999999999956,2.25,500000.0
164,0.02,192.89999999999955,2.25,500000.0
165,0.02,192.99999999999955,2.25,500000.0
166,0.02,193.09999999999954,2.25,500000.0
167,0.02,193.19999999999953,2.25,500000.0
168,0.02,193.29999999999953,2.25,500000.0
169,0.02,193.39999999999952,2.25,500000.0
170,0.02,193.49999999999952,2.25,500000.0
171,0.02,193.5999999999995,2.25,500000.0
172,0.02,193.6999999999995,2.25,500000.0
173,0.02,193.7999999999995,2.25,500000.0
174,0.02,193.8999999999995,2.25,500000.0
175,0.02,193.9999999999995,2.25,500000.0
176,0.02,194.09999999999948,2.25,500000.0
177,0.02,194.19999999999948,2.25,500000.0
178,0.02,194.29999999999947,2.25,500000.0
179,0.02,194.39999999999947,2.25,500000.0
180,0.02,194.49999999999946,2.25,500000.0
181,0.02,194.59999999999945,2.25,500000.0
182,0.02,194.69999999999945,2.25,500000.0
183,0.02,194.79999999999944,2.25,500000.0
184,0.02,194.89999999999944,2.25,500000.0
185,0.02,194.99999999999943,2.25,500000.0
186,0.02,195.0,2.25,500000.0
187,0.02,196.0,2.25,500000.0
188,0.02,197.0,2.25,500000.0
189,0.02,198.0,2.25,500000.0
190,0.02,199.0,2.25,500000.0
191,0.02,200.0,2.25,500000.0
192,0.02,201.0,2.25,500000.0
193,0.02,202.0,2.25,500000.0
194,0.02,203.0,2.25,500000.0
195,0.02,204.0,2.25,500000.0
196,0.02,205.0,2.25,500000.0
197,0.02,206.0,2.25,500000.0
198,0.02,207.0,2.25,500000.0
199,0.02,208.0,2.25,500000.0
200,0.02,209.0,2.25,500000.0
201,0.02,210.0,2.25,500000.0
202,0.02,211.0,2.25,500000.0
203,0.02,212.0,2.25,500000.0
204,0.02,213.0,2.25,500000.0
205,0.02,214.0,2.25,500000.0
206,0.02,215.0,2.25,500000.0
207,0.02,216.0,2.25,500000.0
208,0.02,217.0,2.25,500000.0
209,0.02,218.0,2.25,500000.0
210,0.02,219.0,2.25,500000.0
211,0.02,220.0,2.25,500000.0
212,0.02,221.0,2.25,500000.0
213,0.02,222.0,2.25,500000.0
214,0.02,223.0,2.25,500000.0
215,0.02,224.0,2.25,500000.0
216,0.02,225.0,2.25,500000.0
217,0.02,226.0,2.25,500000.0
218,0.02,227.0,2.25,500000.0
219,0.02,228.0,2.25,500000.0
220,0.02,229.0,2.25,500000.0
221,0.02,230.0,2.25,500000.0
222,0.02,231.0,2.25,500000.0
223,0.02,232.0,2.25,500000.0
224,0.02,233.0,2.25,500000.0
225,0.02,234.0,2.25,500000.0
226,0.02,235.0,2.25,500000.0
227,0.02,236.0,2.25,500000.0
228,0.02,237.0,2.25,500000.0
229,0.02,238.0,2.25,500000.0
230,0.02,239.0,2.25,500000.0
231,0.02,240.0,2.25,500000.0
232,0.02,241.0,2.25,500000.0
233,0.02,242.0,2.25,500000.0
234,0.02,243.0,2.25,500000.0
235,0.02,244.0,2.25,500000.0
236,0.02,245.0,2.25,500000.0
237,0.02,246.0,2.25,500000.0
238,0.02,247.0,2.25,500000.0
239,0.02,248.0,2.25,500000.0
240,0.02,249.0,2.25,500000.0
241,0.02,250.0,2.25,500000.0
242,0.02,251.0,2.25,500000.0
243,0.02,252.0,2.25,500000.0
244,0.02,253.0,2.25,500000.0
245,0.02,254.0,2.25,500000.0
246,0.02,255.0,2.25,500000.0
247,0.02,256.0,2.25,500000.0
248,0.02,257.0,2.25,500000.0
249,0.02,258.0,2.25,500000.0
250,0.02,259.0,2.25,500000.0
251,0.02,260.0,2.25,500000.0
252,0.02,261.0,2.25,500000.0
253,0.02,262.0,2.25,500000.0
254,0.02,263.0,2.25,500000.0
255,0.02,264.0,2.25,500000.0
256,0.02,265.0,2.25,500000.0
257,0.02,266.0,2.25,500000.0
258,0.02,267.0,2.25,500000.0
259,0.02,268.0,2.25,500000.0
260,0.02,269.0,2.25,500000.0
261,0.02,270.0,2.25,500000.0
262,0.02,271.0,2.25,500000.0
263,0.02,272.0,2.25,500000.0
264,0.02,273.0,2.25,500000.0
265,0.02,274.0,2.25,500000.0
266,0.02,275.0,2.25,500000.0
267,0.02,276.0,2.25,500000.0
268,0.02,277.0,2.25,500000.0
269,0.02,278.0,2.25,500000.0
270,0.02,279.0,2.25,500000.0
271,0.02,280.0,2.25,500000.0
272,0.02,281.0,2.25,500000.0
273,0.02,282.0,2.25,500000.0
274,0.02,283.0,2.25,500000.0
275,0.02,284.0,2.25,500000.0
276,0.02,285.0,2.25,500000.0
277,0.02,286.0,2.25,500000.0
278,0.02,287.0,2.25,500000.0
279,0.02,288.0,2.25,500000.0
280,0.02,289.0,2.25,500000.0
281,0.02,290.0,2.25,500000.0
282,0.02,291.0,2.25,500000.0
283,0.02,292.0,2.25,500000.0
284,0.02,293.0,2.25,500000.0
285,0.02,294.0,2.25,500000.0
286,0.02,295.0,2.25,500000.0
287,0.02,296.0,2.25,500000.0
288,0.02,297.0,2.25,500000.0
289,0.02,298.0,2.25,500000.0
290,0.02,299.0,2.25,500000.0
291,0.02,300.0,2.25,500000.0
292,0.02,301.0,2.25,500000.0
293,0.02,302.0,2.25,500000.0
294,0.02,303.0,2.25,500000.0
295,0.02,304.0,2.25,500000.0
296,0.02,305.0,2.25,500000.0
297,0.02,306.0,2.25,500000.0
298,0.02,307.0,2.25,500000.0
299,0.02,308.0,2.25,500000.0
300,0.02,309.0,2.25,500000.0
301,0.02,310.0,2.25,500000.0
302,0.02,311.0,2.25,500000.0
303,0.02,312.0,2.25,500000.0
304,0.02,313.0,2.25,500000.0
305,0.02,314.0,2.25,500000.0
306,0.02,315.0,2.25,500000.0
307,0.02,316.0,2.25,500000.0
308,0.02,317.0,2.25,500000.0
309,0.02,318.0,2.25,500000.0
310,0.02,319.0,2.25,500000.0
311,0.02,320.0,2.25,500000.0
312,0.02,321.0,2.25,500000.0
313,0.02,322.0,2.25,500000.0
314,0.02,323.0,2.25,500000.0
315,0.02,324.0,2.25,500000.0
316,0.02,325.0,2.25,500000.0
317,0.02,326.0,2.25,500000.0
318,0.02,327.0,2.25,500000.0
319,0.02,328.0,2.25,500000.0
320,0.02,329.0,2.25,500000.0
321,0.02,330.0,2.25,500000.0
322,0.02,331.0,2.25,500000.0
323,0.02,332.0,2.25,500000.0
324,0.02,333.0,2.25,500000.0
325,0.02,334.0,2.25,500000.0
326,0.02,335.0,2.25,500000.0
327,0.02,336.0,2.25,500000.0
328,0.02,337.0,2.25,500000.0
329,0.02,338.0,2.25,500000.0
330,0.02,339.0,2.25,500000.0
331,0.02,340.0,2.25,500000.0
332,0.02,341.0,2.25,500000.0
333,0.02,342.0,2.25,500000.0
334,0.02,343.0,2.25,500000.0
335,0.02,344.0,2.25,500000.0
336,0.02,345.0,2.25,500000.0
337,0.02,346.0,2.25,500000.0
338,0.02,347.0,2.25,500000.0
339,0.02,348.0,2.25,500000.0
340,0.02,349.0,2.25,500000.0
341,0.02,350.0,2.25,500000.0
342,0.02,351.0,2.25,500000.0
343,0.02,352.0,2.25,500000.0
344,0.02,353.0,2.25,500000.0
345,0.02,354.0,2.25,500000.0
346,0.02,355.0,2.25,500000.0
347,0.02,356.0,2.25,500000.0
348,0.02,357.0,2.25,500000.0
349,0.02,358.0,2.25,500000.0
350,0.02,359.0,2.25,500000.0
351,0.02,360.0,2.25,500000.0
352,0.02,361.0,2.25,500000.0
353,0.02,362.0,2.25,500000.0
354,0.02,363.0,2.25,500000.0
355,0.02,364.0,2.25,500000.0
356,0.02,365.0,2.25,500000.0
357,0.02,366.0,2.25,500000.0
358,0.02,367.0,2.25,500000.0
359,0.02,368.0,2.25,500000.0
360,0.02,369.0,2.25,500000.0
361,0.02,370.0,2.25,500000.0
362,0.02,371.0,2.25,500000.0
363,0.02,372.0,2.25,500000.0
364,0.02,373.0,2.25,500000.0
365,0.02,374.0,2.25,500000.0
366,0.02,375.0,2.25,500000.0
367,0.02,376.0,2.25,500000.0
368,0.02,377.0,2.25,500000.0
369,0.02,378.0,2.25,500000.0
370,0.02,379.0,2.25,500000.0
371,0.02,380.0,2.25,500000.0
372,0.02,381.0,2.25,500000.0
373,0.02,382.0,2.25,500000.0
374,0.02,383.0,2.25,500000.0
375,0.02,384.0,2.25,500000.0
376,0.02,385.0,2.25,500000.0
377,0.02,386.0,2.25,500000.0
378,0.02,387.0,2.25,500000.0
379,0.02,388.0,2.25,500000.0
380,0.02,389.0,2.25,500000.0
381,0.02,390.0,2.25,500000.0
382,0.02,391.0,2.25,500000.0
383,0.02,392.0,2.25,500000.0
384,0.02,393.0,2.25,500000.0
385,0.02,394.0,2.25,500000.0
386,0.02,395.0,2.25,500000.0
387,0.02,396.0,2.25,500000.0
388,0.02,397.0,2.25,500000.0
389,0.02,398.0,2.25,500000.0
390,0.02,399.0,2.25,500000.0
391,0.02,400.0,2.25,500000.0
392,0.02,401.0,2.25,500000.0
393,0.02,402.0,2.25,500000.0
394,0.02,403.0,2.25,500000.0
395,0.02,404.0,2.25,500000.0
396,0.02,405.0,2.25,500000.0
397,0.02,406.0,2.25,500000.0
398,0.02,407.0,2.25,500000.0
399,0.02,408.0,2.25,500000.0
400,0.02,409.0,2.25,500000.0
401,0.02,410.0,2.25,500000.0
402,0.02,411.0,2.25,500000.0
403,0.02,412.0,2.25,500000.0
404,0.02,413.0,2.25,500000.0
405,0.02,414.0,2.25,500000.0
406,0.02,415.0,2.25,500000.0
407,0.02,416.0,2.25,500000.0
408,0.02,417.0,2.25,500000.0
409,0.02,418.0,2.25,500000.0
410,0.02,419.0,2.25,500000.0
411,0.02,420.0,2.25,500000.0
412,0.02,421.0,2.25,500000.0
413,0.02,422.0,2.25,500000.0
414,0.02,423.0,2.25,500000.0
415,0.02,424.0,2.25,500000.0
416,0.02,425.0,2.25,500000.0
417,0.02,426.0,2.25,500000.0
418,0.02,427.0,2.25,500000.0
419,0.02,428.0,2.25,500000.0
420,0.02,429.0,2.25,500000.0
421,0.02,430.0,2.25,500000.0
422,0.02,431.0,2.25,500000.0
423,0.02,432.0,2.25,500000.0
424,0.02,433.0,2.25,500000.0
425,0.02,434.0,2.25,500000.0
426,0.02,435.0,2.25,500000.0
427,0.02,436.0,2.25,500000.0
428,0.02,437.0,2.25,500000.0
429,0.02,438.0,2.25,500000.0
430,0.02,439.0,2.25,500000.0
431,0.02,440.0,2.25,500000.0
432,0.02,441.0,2.25,500000.0
433,0.02,442.0,2.25,500000.0
434,0.02,443.0,2.25,500000.0
435,0.02,444.0,2.25,500000.0
436,0.02,445.0,2.25,500000.0
437,0.02,446.0,2.25,500000.0
438,0.02,447.0,2.25,500000.0
439,0.02,448.0,2.25,500000.0
440,0.02,449.0,2.25,500000.0
441,0.02,450.0,2.25,500000.0
442,0.02,451.0,2.25,500000.0
443,0.02,452.0,2.25,500000.0
444,0.02,453.0,2.25,500000.0
445,0.02,454.0,2.25,500000.0
446,0.02,455.0,2.25,500000.0
447,0.02,456.0,2.25,500000.0
448,0.02,457.0,2.25,500000.0
449,0.02,458.0,2.25,500000.0
450,0.02,459.0,2.25,500000.0
451,0.02,460.0,2.25,500000.0
452,0.02,461.0,2.25,500000.0
453,0.02,462.0,2.25,500000.0
454,0.02,463.0,2.25,500000.0
455,0.02,464.0,2.25,500000.0
456,0.02,465.0,2.25,500000.0
457,0.02,466.0,2.25,500000.0
458,0.02,467.0,2.25,500000.0
459,0.02,468.0,2.25,500000.0
460,0.02,469.0,2.25,500000.0
461,0.02,470.0,2.25,500000.0
462,0.02,471.0,2.25,500000.0
463,0.02,472.0,2.25,500000.0
464,0.02,473.0,2.25,500000.0
465,0.02,474.0,2.25,500000.0
466,0.02,475.0,2.25,500000.0
467,0.02,476.0,2.25,500000.0
468,0.02,477.0,2.25,500000.0
469,0.02,478.0,2.25,500000.0
470,0.02,479.0,2.25,500000.0
471,0.02,480.0,2.25,500000.0
472,0.02,481.0,2.25,500000.0
473,0.02,482.0,2.25,500000.0
474,0.02,483.0,2.25,500000.0
475,0.02,484.0,2.25,500000.0
476,0.02,485.0,2.25,500000.0
477,0.02,486.0,2.25,500000.0
478,0.02,487.0,2.25,500000.0
479,0.02,488.0,2.25,500000.0
480,0.02,489.0,2.25,500000.0
481,0.02,490.0,2.25,500000.0
482,0.02,491.0,2.25,500000.0
483,0.02,492.0,2.25,500000.0
484,0.02,493.0,2.25,500000.0
485,0.02,494.0,2.25,500000.0
486,0.02,495.0,2.25,500000.0
487,0.02,496.0,2.25,500000.0
488,0.02,497.0,2.25,500000.0
489,0.02,498.0,2.25,500000.0
490,0.02,499.0,2.25,500000.0
491,0.02,500.0,2.25,500000.0
492,0.02,501.0,2.25,500000.0
493,0.02,502.0,2.25,500000.0
494,0.02,503.0,2.25,500000.0
495,0.02,504.0,2.25,500000.0
496,0.02,505.0,2.25,500000.0
497,0.02,506.0,2.25,500000.0
498,0.02,507.0,2.25,500000.0
499,0.02,508.0,2.25,500000.0
500,0.02,509.0,2.25,500000.0
501,0.02,510.0,2.25,500000.0
502,0.02,511.0,2.25,500000.0
503,0.02,512.0,2.25,500000.0
504,0.02,513.0,2.25,500000.0
505,0.02,514.0,2.25,500000.0
506,0.02,515.0,2.25,500000.0
507,0.02,516.0,2.25,500000.0
508,0.02,517.0,2.25,500000.0
509,0.02,518.0,2.25,500000.0
510,0.02,519.0,2.25,500000.0
511,0.02,520.0,2.25,500000.0
512,0.02,521.0,2.25,500000.0
513,0.02,522.0,2.25,500000.0
514,0.02,523.0,2.25,500000.0
515,0.02,524.0,2.25,500000.0
516,0.02,525.0,2.25,500000.0
517,0.02,526.0,2.25,500000.0
518,0.02,527.0,2.25,500000.0
519,0.02,528.0,2.25,500000.0
520,0.02,529.0,2.25,500000.0
521,0.02,530.0,2.25,500000.0
522,0.02,531.0,2.25,500000.0
523,0.02,532.0,2.25,500000.0
524,0.02,533.0,2.25,500000.0
525,0.02,534.0,2.25,500000.0
526,0.02,535.0,2.25,500000.0
527,0.02,536.0,2.25,500000.0
528,0.02,537.0,2.25,500000.0
529,0.02,538.0,2.25,500000.0
530,0.02,539.0,2.25,500000.0
531,0.02,540.0,2.25,500000.0
532,0.02,541.0,2.25,500000.0
533,0.02,542.0,2.25,500000.0
534,0.02,543.0,2.25,500000.0
535,0.02,544.0,2.25,500000.0
536,0.02,545.0,2.25,500000.0
537,0.02,546.0,2.25,500000.0
538,0.02,547.0,2.25,500000.0
539,0.02,548.0,2.25,500000.0
540,0.02,549.0,2.25,500000.0
541,0.02,550.0,2.25,500000.0
542,0.02,551.0,2.25,500000.0
543,0.02,552.0,2.25,500000.0
544,0.02,553.0,2.25,500000.0
545,0.02,554.0,2.25,500000.0
546,0.02,555.0,2.25,500000.0
547,0.02,556.0,2.25,500000.0
548,0.02,557.0,2.25,500000.0
549,0.02,558.0,2.25,500000.0
550,0.02,559.0,2.25,500000.0
551,0.02,560.0,2.25,500000.0
552,0.02,561.0,2.25,500000.0
553,0.02,562.0,2.25,500000.0
554,0.02,563.0,2.25,500000.0
555,0.02,564.0,2.25,500000.0
556,0.02,565.0,2.25,500000.0
557,0.02,566.0,2.25,500000.0
558,0.02,567.0,2.25,500000.0
559,0.02,568.0,2.25,500000.0
560,0.02,569.0,2.25,500000.0
561,0.02,570.0,2.25,500000.0
562,0.02,570.1,2.25,500000.0
563,0.02,570.2,2.25,500000.0
564,0.02,570.3000000000001,2.25,500000.0
565,0.02,570.4000000000001,2.25,500000.0
566,0.02,570.5000000000001,2.25,500000.0
567,0.02,570.6000000000001,2.25,500000.0
568,0.02,570.7000000000002,2.25,500000.0
569,0.02,570.8000000000002,2.25,500000.0
570,0.02,570.9000000000002,2.25,500000.0
571,0.02,571.0000000000002,2.25,500000.0
572,0.02,571.1000000000003,2.25,500000.0
573,0.02,571.2000000000003,2.25,500000.0
574,0.02,571.3000000000003,2.25,500000.0
575,0.02,571.4000000000003,2.25,500000.0
576,0.02,571.5000000000003,2.25,500000.0
577,0.02,571.6000000000004,2.25,500000.0
578,0.02,571.7000000000004,2.25,500000.0
579,0.02,571.8000000000004,2.25,500000.0
580,0.02,571.9000000000004,2.25,500000.0
581,0.02,572.0000000000005,2.25,500000.0
582,0.02,572.1000000000005,2.25,500000.0
583,0.02,572.2000000000005,2.25,500000.0
584,0.02,572.3000000000005,2.25,500000.0
585,0.02,572.4000000000005,2.25,500000.0
586,0.02,572.5000000000006,2.25,500000.0
587,0.02,572.6000000000006,2.25,500000.0
588,0.02,572.7000000000006,2.25,500000.0
589,0.02,572.8000000000006,2.25,500000.0
590,0.02,572.9000000000007,2.25,500000.0
591,0.02,573.0000000000007,2.25,500000.0
592,0.02,573.1000000000007,2.25,500000.0
593,0.02,573.2000000000007,2.25,500000.0
594,0.02,573.3000000000008,2.25,500000.0
595,0.02,573.4000000000008,2.25,500000.0
596,0.02,573.5000000000008,2.25,500000.0
597,0.02,573.6000000000008,2.25,500000.0
598,0.02,573.7000000000008,2.25,500000.0
599,0.02,573.8000000000009,2.25,500000.0
600,0.02,573.9000000000009,2.25,500000.0
601,0.02,574.0000000000009,2.25,500000.0
602,0.02,574.1000000000009,2.25,500000.0
603,0.02,574.200000000001,2.25,500000.0
604,0.02,574.300000000001,2.25,500000.0
605,0.02,574.400000000001,2.25,500000.0
606,0.02,574.500000000001,2.25,500000.0
607,0.02,574.600000000001,2.25,500000.0
608,0.02,574.7000000000011,2.25,500000.0
609,0.02,574.8000000000011,2.25,500000.0
610,0.02,574.9000000000011,2.25,500000.0
611,0.02,575.0000000000011,2.25,500000.0
612,0.02,575.1000000000012,2.25,500000.0
613,0.02,575.2000000000012,2.25,500000.0
614,0.02,575.3000000000012,2.25,500000.0
615,0.02,575.4000000000012,2.25,500000.0
616,0.02,575.5000000000013,2.25,500000.0
617,0.02,575.6000000000013,2.25,500000.0
618,0.02,575.7000000000013,2.25,500000.0
619,0.02,575.8000000000013,2.25,500000.0
620,0.02,575.9000000000013,2.25,500000.0
621,0.02,576.0000000000014,2.25,500000.0
622,0.02,576.1000000000014,2.25,500000.0
623,0.02,576.2000000000014,2.25,500000.0
624,0.02,576.3000000000014,2.25,500000.0
625,0.02,576.4000000000015,2.25,500000.0
626,0.02,576.5000000000015,2.25,500000.0
627,0.02,576.6000000000015,2.25,500000.0
628,0.02,576.7000000000015,2.25,500000.0
629,0.02,576.8000000000015,2.25,500000.0
630,0.02,576.9000000000016,2.25,500000.0
631,0.02,577.0000000000016,2.25,500000.0
632,0.02,577.1000000000016,2.25,500000.0
633,0.02,577.2000000000016,2.25,500000.0
634,0.02,577.3000000000017,2.25,500000.0
635,0.02,577.4000000000017,2.25,500000.0
636,0.02,577.5000000000017,2.25,500000.0
637,0.02,577.6000000000017,2.25,500000.0
638,0.02,577.7000000000018,2.25,500000.0
639,0.02,577.8000000000018,2.25,500000.0
640,0.02,577.9000000000018,2.25,500000.0
641,0.02,578.0000000000018,2.25,500000.0
642,0.02,578.1000000000018,2.25,500000.0
643,0.02,578.2000000000019,2.25,500000.0
644,0.02,578.3000000000019,2.25,500000.0
645,0.02,578.4000000000019,2.25,500000.0
646,0.02,578.5000000000019,2.25,500000.0
647,0.02,578.600000000002,2.25,500000.0
648,0.02,578.700000000002,2.25,500000.0
649,0.02,578.800000000002,2.25,500000.0
650,0.02,578.900000000002,2.25,500000.0
651,0.02,579.000000000002,2.25,500000.0
652,0.02,579.1000000000021,2.25,500000.0
653,0.02,579.2000000000021,2.25,500000.0
654,0.02,579.3000000000021,2.25,500000.0
655,0.02,579.4000000000021,2.25,500000.0
656,0.02,579.5000000000022,2.25,500000.0
657,0.02,579.6000000000022,2.25,500000.0
658,0.02,579.7000000000022,2.25,500000.0
659,0.02,579.8000000000022,2.25,500000.0
660,0.02,579.9000000000023,2.25,500000.0
661,0.02,580.0,2.25,500000.0
662,0.02,580.0000000000023,2.25,500000.0
663,0.02,580.1000000000023,2.25,500000.0
664,0.02,581.0,2.25,500000.0
665,0.02,582.0,2.25,500000.0
666,0.02,583.0,2.25,500000.0
667,0.02,584.0,2.25,500000.0
668,0.02,585.0,2.25,500000.0
669,0.02,586.0,2.25,500000.0
670,0.02,587.0,2.25,500000.0
671,0.02,588.0,2.25,500000.0
672,0.02,589.0,2.25,500000.0
673,0.02,590.0,2.25,500000.0
674,0.02,591.0,2.25,500000.0
675,0.02,592.0,2.25,500000.0
676,0.02,593.0,2.25,500000.0
677,0.02,594.0,2.25,500000.0
678,0.02,595.0,2.25,500000.0
679,0.02,596.0,2.25,500000.0
680,0.02,597.0,2.25,500000.0
681,0.02,598.0,2.25,500000.0
682,0.02,599.0,2.25,500000.0
683,0.02,600.0,2.25,500000.0
684,0.02,601.0,2.25,500000.0
685,0.02,602.0,2.25,500000.0
686,0.02,603.0,2.25,500000.0
687,0.02,604.0,2.25,500000.0
688,0.02,605.0,2.25,500000.0
689,0.02,606.0,2.25,500000.0
690,0.02,607.0,2.25,500000.0
691,0.02,608.0,2.25,500000.0
692,0.02,609.0,2.25,500000.0
693,0.02,610.0,2.25,500000.0
694,0.02,611.0,2.25,500000.0
695,0.02,612.0,2.25,500000.0
696,0.02,613.0,2.25,500000.0
697,0.02,614.0,2.25,500000.0
698,0.02,615.0,2.25,500000.0
699,0.02,616.0,2.25,500000.0
700,0.02,617.0,2.25,500000.0
701,0.02,618.0,2.25,500000.0
702,0.02,619.0,2.25,500000.0
703,0.02,620.0,2.25,500000.0
704,0.02,621.0,2.25,500000.0
705,0.02,622.0,2.25,500000.0
706,0.02,623.0,2.25,500000.0
707,0.02,624.0,2.25,500000.0
708,0.02,625.0,2.25,500000.0
709,0.02,626.0,2.25,500000.0
710,0.02,627.0,2.25,500000.0
711,0.02,628.0,2.25,500000.0
712,0.02,629.0,2.25,500000.0
713,0.02,630.0,2.25,500000.0
714,0.02,631.0,2.25,500000.0
715,0.02,632.0,2.25,500000.0
716,0.02,633.0,2.25,500000.0
717,0.02,634.0,2.25,500000.0
718,0.02,635.0,2.25,500000.0
719,0.02,636.0,2.25,500000.0
720,0.02,637.0,2.25,500000.0
721,0.02,638.0,2.25,500000.0
722,0.02,639.0,2.25,500000.0
723,0.02,640.0,2.25,500000.0
724,0.02,641.0,2.25,500000.0
725,0.02,642.0,2.25,500000.0
726,0.02,643.0,2.25,500000.0
727,0.02,644.0,2.25,500000.0
728,0.02,645.0,2.25,500000.0
729,0.02,646.0,2.25,500000.0
730,0.02,647.0,2.25,500000.0
731,0.02,648.0,2.25,500000.0
732,0.02,649.0,2.25,500000.0
733,0.02,650.0,2.25,500000.0
734,0.02,651.0,2.25,500000.0
735,0.02,652.0,2.25,500000.0
736,0.02,653.0,2.25,500000.0
737,0.02,654.0,2.25,500000.0
738,0.02,655.0,2.25,500000.0
739,0.02,656.0,2.25,500000.0
740,0.02,657.0,2.25,500000.0
741,0.02,658.0,2.25,500000.0
742,0.02,659.0,2.25,500000.0
743,0.02,660.0,2.25,500000.0
744,0.02,661.0,2.25,500000.0
745,0.02,662.0,2.25,500000.0
746,0.02,663.0,2.25,500000.0
747,0.02,664.0,2.25,500000.0
748,0.02,665.0,2.25,500000.0
749,0.02,666.0,2.25,500000.0
750,0.02,667.0,2.25,500000.0
751,0.02,668.0,2.25,500000.0
752,0.02,669.0,2.25,500000.0
753,0.02,670.0,2.25,500000.0
754,0.02,671.0,2.25,500000.0
755,0.02,672.0,2.25,500000.0
756,0.02,673.0,2.25,500000.0
757,0.02,674.0,2.25,500000.0
758,0.02,675.0,2.25,500000.0
759,0.02,676.0,2.25,500000.0
760,0.02,677.0,2.25,500000.0
761,0.02,678.0,2.25,500000.0
762,0.02,679.0,2.25,500000.0
763,0.02,680.0,2.25,500000.0
764,0.02,681.0,2.25,500000.0
765,0.02,682.0,2.25,500000.0
766,0.02,683.0,2.25,500000.0
767,0.02,684.0,2.25,500000.0
768,0.02,685.0,2.25,500000.0
769,0.02,686.0,2.25,500000.0
770,0.02,687.0,2.25,500000.0
771,0.02,688.0,2.25,500000.0
772,0.02,689.0,2.25,500000.0
773,0.02,690.0,2.25,500000.0
774,0.02,691.0,2.25,500000.0
775,0.02,692.0,2.25,500000.0
776,0.02,693.0,2.25,500000.0
777,0.02,694.0,2.25,500000.0
778,0.02,695.0,2.25,500000.0
779,0.02,696.0,2.25,500000.0
780,0.02,697.0,2.25,500000.0
781,0.02,698.0,2.25,500000.0
782,0.02,699.0,2.25,500000.0
783,0.02,700.0,2.25,500000.0
784,0.02,701.0,2.25,500000.0
785,0.02,702.0,2.25,500000.0
786,0.02,703.0,2.25,500000.0
787,0.02,704.0,2.25,500000.0
788,0.02,705.0,2.25,500000.0
789,0.02,706.0,2.25,500000.0
790,0.02,707.0,2.25,500000.0
791,0.02,708.0,2.25,500000.0
792,0.02,709.0,2.25,500000.0
793,0.02,710.0,2.25,500000.0
794,0.02,711.0,2.25,500000.0
795,0.02,712.0,2.25,500000.0
796,0.02,713.0,2.25,500000.0
797,0.02,714.0,2.25,500000.0
798,0.02,715.0,2.25,500000.0
799,0.02,716.0,2.25,500000.0
800,0.02,717.0,2.25,500000.0
801,0.02,718.0,2.25,500000.0
802,0.02,719.0,2.25,500000.0
803,0.02,720.0,2.25,500000.0
804,0.02,721.0,2.25,500000.0
805,0.02,722.0,2.25,500000.0
806,0.02,723.0,2.25,500000.0
807,0.02,724.0,2.25,500000.0
808,0.02,725.0,2.25,500000.0
809,0.02,726.0,2.25,500000.0
810,0.02,727.0,2.25,500000.0
811,0.02,728.0,2.25,500000.0
812,0.02,729.0,2.25,500000.0
813,0.02,730.0,2.25,500000.0
814,0.02,731.0,2.25,500000.0
815,0.02,732.0,2.25,500000.0
816,0.02,733.0,2.25,500000.0
817,0.02,734.0,2.25,500000.0
818,0.02,735.0,2.25,500000.0
819,0.02,736.0,2.25,500000.0
820,0.02,737.0,2.25,500000.0
821,0.02,738.0,2.25,500000.0
822,0.02,739.0,2.25,500000.0
823,0.02,740.0,2.25,500000.0
824,0.02,741.0,2.25,500000.0
825,0.02,742.0,2.25,500000.0
826,0.02,743.0,2.25,500000.0
827,0.02,744.0,2.25,500000.0
828,0.02,745.0,2.25,500000.0
829,0.02,746.0,2.25,500000.0
830,0.02,747.0,2.25,500000.0
831,0.02,748.0,2.25,500000.0
832,0.02,749.0,2.25,500000.0
833,0.02,750.0,2.25,500000.0
834,0.02,751.0,2.25,500000.0
835,0.02,752.0,2.25,500000.0
836,0.02,753.0,2.25,500000.0
837,0.02,754.0,2.25,500000.0
838,0.02,755.0,2.25,500000.0
839,0.02,756.0,2.25,500000.0
840,0.02,757.0,2.25,500000.0
841,0.02,758.0,2.25,500000.0
842,0.02,759.0,2.25,500000.0
843,0.02,760.0,2.25,500000.0
844,0.02,761.0,2.25,500000.0
845,0.02,762.0,2.25,500000.0
846,0.02,763.0,2.25,500000.0
847,0.02,764.0,2.25,500000.0
848,0.02,765.0,2.25,500000.0
849,0.02,766.0,2.25,500000.0
850,0.02,767.0,2.25,500000.0
851,0.02,768.0,2.25,500000.0
852,0.02,769.0,2.25,500000.0
853,0.02,770.0,2.25,500000.0
854,0.02,771.0,2.25,500000.0
855,0.02,772.0,2.25,500000.0
856,0.02,773.0,2.25,500000.0
857,0.02,774.0,2.25,500000.0
858,0.02,775.0,2.25,500000.0
859,0.02,776.0,2.25,500000.0
860,0.02,777.0,2.25,500000.0
861,0.02,778.0,2.25,500000.0
862,0.02,779.0,2.25,500000.0
863,0.02,780.0,2.25,500000.0
864,0.02,781.0,2.25,500000.0
865,0.02,782.0,2.25,500000.0
866,0.02,783.0,2.25,500000.0
867,0.02,784.0,2.25,500000.0
868,0.02,785.0,2.25,500000.0
869,0.02,786.0,2.25,500000.0
870,0.02,787.0,2.25,500000.0
871,0.02,788.0,2.25,500000.0
872,0.02,789.0,2.25,500000.0
873,0.02,790.0,2.25,500000.0
874,0.02,791.0,2.25,500000.0
875,0.02,792.0,2.25,500000.0
876,0.02,793.0,2.25,500000.0
877,0.02,794.0,2.25,500000.0
878,0.02,795.0,2.25,500000.0
879,0.02,796.0,2.25,500000.0
880,0.02,797.0,2.25,500000.0
881,0.02,798.0,2.25,500000.0
882,0.02,799.0,2.25,500000.0
883,0.02,800.0,2.25,500000.0
884,0.02,801.0,2.25,500000.0
885,0.02,802.0,2.25,500000.0
886,0.02,803.0,2.25,500000.0
887,0.02,804.0,2.25,500000.0
888,0.02,805.0,2.25,500000.0
889,0.02,806.0,2.25,500000.0
890,0.02,807.0,2.25,500000.0
891,0.02,808.0,2.25,500000.0
892,0.02,809.0,2.25,500000.0
893,0.02,810.0,2.25,500000.0
894,0.02,811.0,2.25,500000.0
895,0.02,812.0,2.25,500000.0
896,0.02,813.0,2.25,500000.0
897,0.02,814.0,2.25,500000.0
898,0.02,815.0,2.25,500000.0
899,0.02,816.0,2.25,500000.0
900,0.02,817.0,2.25,500000.0
901,0.02,818.0,2.25,500000.0
902,0.02,819.0,2.25,500000.0
903,0.02,820.0,2.25,500000.0
904,0.02,821.0,2.25,500000.0
905,0.02,822.0,2.25,500000.0
906,0.02,823.0,2.25,500000.0
907,0.02,824.0,2.25,500000.0
908,0.02,825.0,2.25,500000.0
909,0.02,826.0,2.25,500000.0
910,0.02,827.0,2.25,500000.0
911,0.02,828.0,2.25,500000.0
912,0.02,829.0,2.25,500000.0
913,0.02,830.0,2.25,500000.0
914,0.02,831.0,2.25,500000.0
915,0.02,832.0,2.25,500000.0
916,0.02,833.0,2.25,500000.0
917,0.02,834.0,2.25,500000.0
918,0.02,835.0,2.25,500000.0
919,0.02,836.0,2.25,500000.0
920,0.02,837.0,2.25,500000.0
921,0.02,838.0,2.25,500000.0
922,0.02,839.0,2.25,500000.0
923,0.02,840.0,2.25,500000.0
924,0.02,841.0,2.25,500000.0
925,0.02,842.0,2.25,500000.0
926,0.02,843.0,2.25,500000.0
927,0.02,844.0,2.25,500000.0
928,0.02,845.0,2.25,500000.0
929,0.02,846.0,2.25,500000.0
930,0.02,847.0,2.25,500000.0
931,0.02,848.0,2.25,500000.0
932,0.02,849.0,2.25,500000.0
933,0.02,850.0,2.25,500000.0
934,0.02,851.0,2.25,500000.0
935,0.02,852.0,2.25,500000.0
936,0.02,853.0,2.25,500000.0
937,0.02,854.0,2.25,500000.0
938,0.02,855.0,2.25,500000.0
939,0.02,856.0,2.25,500000.0
940,0.02,857.0,2.25,500000.0
941,0.02,858.0,2.25,500000.0
942,0.02,859.0,2.25,500000.0
943,0.02,860.0,2.25,500000.0
944,0.02,861.0,2.25,500000.0
945,0.02,862.0,2.25,500000.0
946,0.02,863.0,2.25,500000.0
947,0.02,864.0,2.25,500000.0
948,0.02,865.0,2.25,500000.0
949,0.02,866.0,2.25,500000.0
950,0.02,867.0,2.25,500000.0
951,0.02,868.0,2.25,500000.0
952,0.02,869.0,2.25,500000.0
953,0.02,870.0,2.25,500000.0
954,0.02,871.0,2.25,500000.0
955,0.02,872.0,2.25,500000.0
956,0.02,873.0,2.25,500000.0
957,0.02,874.0,2.25,500000.0
958,0.02,875.0,2.25,500000.0
959,0.02,876.0,2.25,500000.0
960,0.02,877.0,2.25,500000.0
961,0.02,878.0,2.25,500000.0
962,0.02,879.0,2.25,500000.0
963,0.02,880.0,2.25,500000.0
964,0.02,881.0,2.25,500000.0
965,0.02,882.0,2.25,500000.0
966,0.02,883.0,2.25,500000.0
967,0.02,884.0,2.25,500000.0
968,0.02,885.0,2.25,500000.0
969,0.02,886.0,2.25,500000.0
970,0.02,887.0,2.25,500000.0
971,0.02,888.0,2.25,500000.0
972,0.02,889.0,2.25,500000.0
973,0.02,890.0,2.25,500000.0
974,0.02,891.0,2.25,500000.0
975,0.02,892.0,2.25,500000.0
976,0.02,893.0,2.25,500000.0
977,0.02,894.0,2.25,500000.0
978,0.02,895.0,2.25,500000.0
979,0.02,896.0,2.25,500000.0
980,0.02,897.0,2.25,500000.0
981,0.02,898.0,2.25,500000.0
982,0.02,899.0,2.25,500000.0
983,0.02,900.0,2.25,500000.0
984,0.02,901.0,2.25,500000.0
985,0.02,902.0,2.25,500000.0
986,0.02,903.0,2.25,500000.0
987,0.02,904.0,2.25,500000.0
988,0.02,905.0,2.25,500000.0
989,0.02,906.0,2.25,500000.0
990,0.02,907.0,2.25,500000.0
991,0.02,908.0,2.25,500000.0
992,0.02,909.0,2.25,500000.0
993,0.02,910.0,2.25,500000.0
994,0.02,911.0,2.25,500000.0
995,0.02,912.0,2.25,500000.0
996,0.02,913.0,2.25,500000.0
997,0.02,914.0,2.25,500000.0
998,0.02,915.0,2.25,500000.0
999,0.02,916.0,2.25,500000.0
1000,0.02,917.0,2.25,500000.0
1001,0.02,918.0,2.25,500000.0
1002,0.02,919.0,2.25,500000.0
1003,0.02,920.0,2.25,500000.0
1004,0.02,921.0,2.25,500000.0
1005,0.02,922.0,2.25,500000.0
1006,0.02,923.0,2.25,500000.0
1007,0.02,924.0,2.25,500000.0
1008,0.02,925.0,2.25,500000.0
1009,0.02,926.0,2.25,500000.0
1010,0.02,927.0,2.25,500000.0
1011,0.02,928.0,2.25,500000.0
1012,0.02,929.0,2.25,500000.0
1013,0.02,930.0,2.25,500000.0
1014,0.02,931.0,2.25,500000.0
1015,0.02,932.0,2.25,500000.0
1016,0.02,933.0,2.25,500000.0
1017,0.02,934.0,2.25,500000.0
1018,0.02,935.0,2.25,500000.0
1019,0.02,936.0,2.25,500000.0
1020,0.02,937.0,2.25,500000.0
1021,0.02,938.0,2.25,500000.0
1022,0.02,939.0,2.25,500000.0
1023,0.02,940.0,2.25,500000.0
1024,0.02,941.0,2.25,500000.0
1025,0.02,942.0,2.25,500000.0
1026,0.02,943.0,2.25,500000.0
1027,0.02,944.0,2.25,500000.0
1028,0.02,945.0,2.25,500000.0
1029,0.02,946.0,2.25,500000.0
1030,0.02,947.0,2.25,500000.0
1031,0.02,948.0,2.25,500000.0
1032,0.02,949.0,2.25,500000.0
1033,0.02,950.0,2.25,500000.0
1034,0.02,951.0,2.25,500000.0
1035,0.02,952.0,2.25,500000.0
1036,0.02,953.0,2.25,500000.0
1037,0.02,954.0,2.25,500000.0
1038,0.02,955.0,2.25,500000.0
1039,0.02,956.0,2.25,500000.0
1040,0.02,957.0,2.25,500000.0
1041,0.02,958.0,2.25,500000.0
1042,0.02,959.0,2.25,500000.0
1043,0.02,960.0,2.25,500000.0
1044,0.02,961.0,2.25,500000.0
1045,0.02,962.0,2.25,500000.0
1046,0.02,963.0,2.25,500000.0
1047,0.02,964.0,2.25,500000.0
1048,0.02,965.0,2.25,500000.0
1049,0.02,966.0,2.25,500000.0
1050,0.02,967.0,2.25,500000.0
1051,0.02,968.0,2.25,500000.0
1052,0.02,969.0,2.25,500000.0
1053,0.02,970.0,2.25,500000.0
1054,0.02,971.0,2.25,500000.0
1055,0.02,972.0,2.25,500000.0
1056,0.02,973.0,2.25,500000.0
1057,0.02,974.0,2.25,500000.0
1058,0.02,975.0,2.25,500000.0
1059,0.02,976.0,2.25,500000.0
1060,0.02,977.0,2.25,500000.0
1061,0.02,978.0,2.25,500000.0
1062,0.02,979.0,2.25,500000.0
1063,0.02,980.0,2.25,500000.0
1064,0.02,981.0,2.25,500000.0
1065,0.02,982.0,2.25,500000.0
1066,0.02,983.0,2.25,500000.0
1067,0.02,984.0,2.25,500000.0
1068,0.02,985.0,2.25,500000.0
1069,0.02,986.0,2.25,500000.0
1070,0.02,987.0,2.25,500000.0
1071,0.02,988.0,2.25,500000.0
1072,0.02,989.0,2.25,500000.0
1073,0.02,990.0,2.25,500000.0
1074,0.02,991.0,2.25,500000.0
1075,0.02,992.0,2.25,500000.0
1076,0.02,993.0,2.25,500000.0
1077,0.02,994.0,2.25,500000.0
1078,0.02,995.0,2.25,500000.0
1079,0.02,996.0,2.25,500000.0
1080,0.02,997.0,2.25,500000.0
1081,0.02,998.0,2.25,500000.0
1082,0.02,999.0,2.25,500000.0
1083,0.02,1000.0,2.25,500000.0
1084,0.02,1001.0,2.25,500000.0
1085,0.02,1002.0,2.25,500000.0
1086,0.02,1003.0,2.25,500000.0
1087,0.02,1004.0,2.25,500000.0
1088,0.02,1005.0,2.25,500000.0
1089,0.02,1006.0,2.25,500000.0
1090,0.02,1007.0,2.25,500000.0
1091,0.02,1008.0,2.25,500000.0
1092,0.02,1009.0,2.25,500000.0
1093,0.02,1010.0,2.25,500000.0
1094,0.02,1011.0,2.25,500000.0
1095,0.02,1012.0,2.25,500000.0
1096,0.02,1013.0,2.25,500000.0
1097,0.02,1014.0,2.25,500000.0
1098,0.02,1015.0,2.25,500000.0
1099,0.02,1016.0,2.25,500000.0
1100,0.02,1017.0,2.25,500000.0
1101,0.02,1018.0,2.25,500000.0
1102,0.02,1019.0,2.25,500000.0
1103,0.02,1020.0,2.25,500000.0
1104,0.02,1021.0,2.25,500000.0
1105,0.02,1022.0,2.25,500000.0
1106,0.02,1023.0,2.25,500000.0
1107,0.02,1024.0,2.25,500000.0
1108,0.02,1025.0,2.25,500000.0
1109,0.02,1026.0,2.25,500000.0
1110,0.02,1027.0,2.25,500000.0
1111,0.02,1028.0,2.25,500000.0
1112,0.02,1029.0,2.25,500000.0
1113,0.02,1030.0,2.25,500000.0
1114,0.02,1031.0,2.25,500000.0
1115,0.02,1032.0,2.25,500000.0
1116,0.02,1033.0,2.25,500000.0
1117,0.02,1034.0,2.25,500000.0
1118,0.02,1035.0,2.25,500000.0
1119,0.02,1036.0,2.25,500000.0
1120,0.02,1037.0,2.25,500000.0
1121,0.02,1038.0,2.25,500000.0
1122,0.02,1039.0,2.25,500000.0
1123,0.02,1040.0,2.25,500000.0
1124,0.02,1041.0,2.25,500000.0
1125,0.02,1042.0,2.25,500000.0
1126,0.02,1043.0,2.25,500000.0
1127,0.02,1044.0,2.25,500000.0
1128,0.02,1045.0,2.25,500000.0
1129,0.02,1046.0,2.25,500000.0
1130,0.02,1047.0,2.25,500000.0
1131,0.02,1048.0,2.25,500000.0
1132,0.02,1049.0,2.25,500000.0
1133,0.02,1050.0,2.25,500000.0
1134,0.02,1051.0,2.25,500000.0
1135,0.02,1052.0,2.25,500000.0
1136,0.02,1053.0,2.25,500000.0
1137,0.02,1054.0,2.25,500000.0
1138,0.02,1055.0,2.25,500000.0
1139,0.02,1056.0,2.25,500000.0
1140,0.02,1057.0,2.25,500000.0
1141,0.02,1058.0,2.25,500000.0
1142,0.02,1059.0,2.25,500000.0
1143,0.02,1060.0,2.25,500000.0
1144,0.02,1061.0,2.25,500000.0
1145,0.02,1062.0,2.25,500000.0
1146,0.02,1063.0,2.25,500000.0
1147,0.02,1064.0,2.25,500000.0
1148,0.02,1065.0,2.25,500000.0
1149,0.02,1066.0,2.25,500000.0
1150,0.02,1067.0,2.25,500000.0
1151,0.02,1068.0,2.25,500000.0
1152,0.02,1069.0,2.25,500000.0
1153,0.02,1070.0,2.25,500000.0
1154,0.02,1071.0,2.25,500000.0
1155,0.02,1072.0,2.25,500000.0
1156,0.02,1073.0,2.25,500000.0
1157,0.02,1074.0,2.25,500000.0
1158,0.02,1075.0,2.25,500000.0
1159,0.02,1076.0,2.25,500000.0
1160,0.02,1077.0,2.25,500000.0
1161,0.02,1078.0,2.25,500000.0
1162,0.02,1079.0,2.25,500000.0
1163,0.02,1080.0,2.25,500000.0
1164,0.02,1081.0,2.25,500000.0
1165,0.02,1082.0,2.25,500000.0
1166,0.02,1083.0,2.25,500000.0
1167,0.02,1084.0,2.25,500000.0
1168,0.02,1085.0,2.25,500000.0
1169,0.02,1086.0,2.25,500000.0
1170,0.02,1087.0,2.25,500000.0
1171,0.02,1088.0,2.25,500000.0
1172,0.02,1089.0,2.25,500000.0
1173,0.02,1090.0,2.25,500000.0
1174,0.02,1091.0,2.25,500000.0
1175,0.02,1092.0,2.25,500000.0
1176,0.02,1093.0,2.25,500000.0
1177,0.02,1094.0,2.25,500000.0
1178,0.02,1095.0,2.25,500000.0
1179,0.02,1096.0,2.25,500000.0
1180,0.02,1097.0,2.25,500000.0
1181,0.02,1098.0,2.25,500000.0
1182,0.02,1099.0,2.25,500000.0
1183,0.02,1100.0,2.25,500000.0
1184,0.02,1101.0,2.25,500000.0
1185,0.02,1102.0,2.25,500000.0
1186,0.02,1103.0,2.25,500000.0
1187,0.02,1104.0,2.25,500000.0
1188,0.02,1105.0,2.25,500000.0
1189,0.02,1106.0,2.25,500000.0
1190,0.02,1107.0,2.25,500000.0
1191,0.02,1108.0,2.25,500000.0
1192,0.02,1109.0,2.25,500000.0
1193,0.02,1110.0,2.25,500000.0
1194,0.02,1111.0,2.25,500000.0
1195,0.02,1112.0,2.25,500000.0
1196,0.02,1113.0,2.25,500000.0
1197,0.02,1114.0,2.25,500000.0
1198,0.02,1115.0,2.25,500000.0
1199,0.02,1116.0,2.25,500000.0
1200,0.02,1117.0,2.25,500000.0
1201,0.02,1118.0,2.25,500000.0
1202,0.02,1119.0,2.25,500000.0
1203,0.02,1120.0,2.25,500000.0
1204,0.02,1121.0,2.25,500000.0
1205,0.02,1122.0,2.25,500000.0
1206,0.02,1123.0,2.25,500000.0
1207,0.02,1124.0,2.25,500000.0
1208,0.02,1125.0,2.25,500000.0
1209,0.02,1126.0,2.25,500000.0
1210,0.02,1127.0,2.25,500000.0
1211,0.02,1128.0,2.25,500000.0
1212,0.02,1129.0,2.25,500000.0
1213,0.02,1130.0,2.25,500000.0
1214,0.02,1131.0,2.25,500000.0
1215,0.02,1132.0,2.25,500000.0
1216,0.02,1133.0,2.25,500000.0
1217,0.02,1134.0,2.25,500000.0
1218,0.02,1135.0,2.25,500000.0
1219,0.02,1136.0,2.25,500000.0
1220,0.02,1137.0,2.25,500000.0
1221,0.02,1138.0,2.25,500000.0
1222,0.02,1139.0,2.25,500000.0
1223,0.02,1140.0,2.25,500000.0
1224,0.02,1141.0,2.25,500000.0
1225,0.02,1142.0,2.25,500000.0
1226,0.02,1143.0,2.25,500000.0
1227,0.02,1144.0,2.25,500000.0
1228,0.02,1145.0,2.25,500000.0
1229,0.02,1146.0,2.25,500000.0
1230,0.02,1147.0,2.25,500000.0
1231,0.02,1148.0,2.25,500000.0
1232,0.02,1149.0,2.25,500000.0
1233,0.02,1150.0,2.25,500000.0
1234,0.02,1151.0,2.25,500000.0
1235,0.02,1152.0,2.25,500000.0
1236,0.02,1153.0,2.25,500000.0
1237,0.02,1154.0,2.25,500000.0
1238,0.02,1155.0,2.25,500000.0
1239,0.02,1156.0,2.25,500000.0
1240,0.02,1157.0,2.25,500000.0
1241,0.02,1158.0,2.25,500000.0
1242,0.02,1159.0,2.25,500000.0
1243,0.02,1160.0,2.25,500000.0
1244,0.02,1161.0,2.25,500000.0
1245,0.02,1162.0,2.25,500000.0
1246,0.02,1163.0,2.25,500000.0
1247,0.02,1164.0,2.25,500000.0
1248,0.02,1165.0,2.25,500000.0
1249,0.02,1166.0,2.25,500000.0
1250,0.02,1167.0,2.25,500000.0
1251,0.02,1168.0,2.25,500000.0
1252,0.02,1169.0,2.25,500000.0
1253,0.02,1170.0,2.25,500000.0
1254,0.02,1171.0,2.25,500000.0
1255,0.02,1172.0,2.25,500000.0
1256,0.02,1173.0,2.25,500000.0
1257,0.02,1174.0,2.25,500000.0
1258,0.02,1175.0,2.25,500000.0
1259,0.02,1176.0,2.25,500000.0
1260,0.02,1177.0,2.25,500000.0
1261,0.02,1178.0,2.25,500000.0
1262,0.02,1179.0,2.25,500000.0
1263,0.02,1180.0,2.25,500000.0
1264,0.02,1181.0,2.25,500000.0
1265,0.02,1182.0,2.25,500000.0
1266,0.02,1183.0,2.25,500000.0
1267,0.02,1184.0,2.25,500000.0
1268,0.02,1185.0,2.25,500000.0
1269,0.02,1186.0,2.25,500000.0
1270,0.02,1187.0,2.25,500000.0
1271,0.02,1188.0,2.25,500000.0
1272,0.02,1189.0,2.25,500000.0
1273,0.02,1190.0,2.25,500000.0
1274,0.02,1191.0,2.25,500000.0
1275,0.02,1192.0,2.25,500000.0
1276,0.02,1193.0,2.25,500000.0
1277,0.02,1194.0,2.25,500000.0
1278,0.02,1195.0,2.25,500000.0
1279,0.02,1196.0,2.25,500000.0
1280,0.02,1197.0,2.25,500000.0
1281,0.02,1198.0,2.25,500000.0
1282,0.02,1199.0,2.25,500000.0
1283,0.02,1200.0,2.25,500000.0
1284,0.02,1201.0,2.25,500000.0
1285,0.02,1202.0,2.25,500000.0
1286,0.02,1203.0,2.25,500000.0
1287,0.02,1204.0,2.25,500000.0
1288,0.02,1205.0,2.25,500000.0
1289,0.02,1206.0,2.25,500000.0
1290,0.02,1207.0,2.25,500000.0
1291,0.02,1208.0,2.25,500000.0
1292,0.02,1209.0,2.25,500000.0
1293,0.02,1210.0,2.25,500000.0
1294,0.02,1211.0,2.25,500000.0
1295,0.02,1212.0,2.25,500000.0
1296,0.02,1213.0,2.25,500000.0
1297,0.02,1214.0,2.25,500000.0
1298,0.02,1215.0,2.25,500000.0
1299,0.02,1216.0,2.25,500000.0
1300,0.02,1217.0,2.25,500000.0
1301,0.02,1218.0,2.25,500000.0
1302,0.02,1219.0,2.25,500000.0
1303,0.02,1220.0,2.25,500000.0
1304,0.02,1221.0,2.25,500000.0
1305,0.02,1222.0,2.25,500000.0
1306,0.02,1223.0,2.25,500000.0
1307,0.02,1224.0,2.25,500000.0
1308,0.02,1225.0,2.25,500000.0
1309,0.02,1226.0,2.25,500000.0
1310,0.02,1227.0,2.25,500000.0
1311,0.02,1228.0,2.25,500000.0
1312,0.02,1229.0,2.25,500000.0
1313,0.02,1230.0,2.25,500000.0
1314,0.02,1231.0,2.25,500000.0
1315,0.02,1232.0,2.25,500000.0
1316,0.02,1233.0,2.25,500000.0
1317,0.02,1234.0,2.25,500000.0
1318,0.02,1235.0,2.25,500000.0
1319,0.02,1236.0,2.25,500000.0
1320,0.02,1237.0,2.25,500000.0
1321,0.02,1238.0,2.25,500000.0
1322,0.02,1239.0,2.25,500000.0
1323,0.02,1240.0,2.25,500000.0
1324,0.02,1241.0,2.25,500000.0
1325,0.02,1242.0,2.25,500000.0
1326,0.02,1243.0,2.25,500000.0
1327,0.02,1244.0,2.25,500000.0
1328,0.02,1245.0,2.25,500000.0
1329,0.02,1246.0,2.25,500000.0
1330,0.02,1247.0,2.25,500000.0
1331,0.02,1248.0,2.25,500000.0
1332,0.02,1249.0,2.25,500000.0
1333,0.02,1250.0,2.25,500000.0
1334,0.02,1251.0,2.25,500000.0
1335,0.02,1252.0,2.25,500000.0
1336,0.02,1253.0,2.25,500000.0
1337,0.02,1254.0,2.25,500000.0
1338,0.02,1255.0,2.25,500000.0
1339,0.02,1256.0,2.25,500000.0
1340,0.02,1257.0,2.25,500000.0
1341,0.02,1258.0,2.25,500000.0
1342,0.02,1259.0,2.25,500000.0
1343,0.02,1260.0,2.25,500000.0
1344,0.02,1261.0,2.25,500000.0
1345,0.02,1262.0,2.25,500000.0
1346,0.02,1263.0,2.25,500000.0
1347,0.02,1264.0,2.25,500000.0
1348,0.02,1265.0,2.25,500000.0
1349,0.02,1266.0,2.25,500000.0
1350,0.02,1267.0,2.25,500000.0
1351,0.02,1268.0,2.25,500000.0
1352,0.02,1269.0,2.25,500000.0
1353,0.02,1270.0,2.25,500000.0
1354,0.02,1271.0,2.25,500000.0
1355,0.02,1272.0,2.25,500000.0
1356,0.02,1273.0,2.25,500000.0
1357,0.02,1274.0,2.25,500000.0
1358,0.02,1275.0,2.25,500000.0
1359,0.02,1276.0,2.25,500000.0
1360,0.02,1277.0,2.25,500000.0
1361,0.02,1278.0,2.25,500000.0
1362,0.02,1279.0,2.25,500000.0
1363,0.02,1280.0,2.25,500000.0
1364,0.02,1281.0,2.25,500000.0
1365,0.02,1282.0,2.25,500000.0
1366,0.02,1283.0,2.25,500000.0
1367,0.02,1284.0,2.25,500000.0
1368,0.02,1285.0,2.25,500000.0
1369,0.02,1286.0,2.25,500000.0
1370,0.02,1287.0,2.25,500000.0
1371,0.02,1288.0,2.25,500000.0
1372,0.02,1289.0,2.25,500000.0
1373,0.02,1290.0,2.25,500000.0
1374,0.02,1291.0,2.25,500000.0
1375,0.02,1292.0,2.25,500000.0
1376,0.02,1293.0,2.25,500000.0
1377,0.02,1294.0,2.25,500000.0
1378,0.02,1295.0,2.25,500000.0
1379,0.02,1296.0,2.25,500000.0
1380,0.02,1297.0,2.25,500000.0
1381,0.02,1298.0,2.25,500000.0
1382,0.02,1299.0,2.25,500000.0
1383,0.02,1300.0,2.25,500000.0
1384,0.02,1301.0,2.25,500000.0
1385,0.02,1302.0,2.25,500000.0
1386,0.02,1303.0,2.25,500000.0
1387,0.02,1304.0,2.25,500000.0
1388,0.02,1305.0,2.25,500000.0
1389,0.02,1306.0,2.25,500000.0
1390,0.02,1307.0,2.25,500000.0
1391,0.02,1308.0,2.25,500000.0
1392,0.02,1309.0,2.25,500000.0
1393,0.02,1310.0,2.25,500000.0
1394,0.02,1311.0,2.25,500000.0
1395,0.02,1312.0,2.25,500000.0
1396,0.02,1313.0,2.25,500000.0
1397,0.02,1314.0,2.25,500000.0
1398,0.02,1315.0,2.25,500000.0
1399,0.02,1316.0,2.25,500000.0
1400,0.02,1317.0,2.25,500000.0
1401,0.02,1318.0,2.25,500000.0
1402,0.02,1319.0,2.25,500000.0
1403,0.02,1320.0,2.25,500000.0
1404,0.02,1321.0,2.25,500000.0
1405,0.02,1322.0,2.25,500000.0
1406,0.02,1323.0,2.25,500000.0
1407,0.02,1324.0,2.25,500000.0
1408,0.02,1325.0,2.25,500000.0
1409,0.02,1326.0,2.25,500000.0
1410,0.02,1327.0,2.25,500000.0
1411,0.02,1328.0,2.25,500000.0
1412,0.02,1329.0,2.25,500000.0
1413,0.02,1330.0,2.25,500000.0
1414,0.02,1331.0,2.25,500000.0
1415,0.02,1332.0,2.25,500000.0
1416,0.02,1333.0,2.25,500000.0
1417,0.02,1334.0,2.25,500000.0
1418,0.02,1335.0,2.25,500000.0
1419,0.02,1336.0,2.25,500000.0
1420,0.02,1337.0,2.25,500000.0
1421,0.02,1338.0,2.25,500000.0
1422,0.02,1339.0,2.25,500000.0
1423,0.02,1340.0,2.25,500000.0
1424,0.02,1341.0,2.25,500000.0
1425,0.02,1342.0,2.25,500000.0
1426,0.02,1343.0,2.25,500000.0
1427,0.02,1344.0,2.25,500000.0
1428,0.02,1345.0,2.25,500000.0
1429,0.02,1346.0,2.25,500000.0
1430,0.02,1347.0,2.25,500000.0
1431,0.02,1348.0,2.25,500000.0
1432,0.02,1349.0,2.25,500000.0
1433,0.02,1350.0,2.25,500000.0
1434,0.02,1351.0,2.25,500000.0
1435,0.02,1352.0,2.25,500000.0
1436,0.02,1353.0,2.25,500000.0
1437,0.02,1354.0,2.25,500000.0
1438,0.02,1355.0,2.25,500000.0
1439,0.02,1356.0,2.25,500000.0
1440,0.02,1357.0,2.25,500000.0
1441,0.02,1358.0,2.25,500000.0
1442,0.02,1359.0,2.25,500000.0
1443,0.02,1360.0,2.25,500000.0
1444,0.02,1361.0,2.25,500000.0
1445,0.02,1362.0,2.25,500000.0
1446,0.02,1363.0,2.25,500000.0
1447,0.02,1364.0,2.25,500000.0
1448,0.02,1365.0,2.25,500000.0
1449,0.02,1366.0,2.25,500000.0
1450,0.02,1367.0,2.25,500000.0
1451,0.02,1368.0,2.25,500000.0
1452,0.02,1369.0,2.25,500000.0
1453,0.02,1370.0,2.25,500000.0
1454,0.02,1371.0,2.25,500000.0
1455,0.02,1372.0,2.25,500000.0
1456,0.02,1373.0,2.25,500000.0
1457,0.02,1374.0,2.25,500000.0
1458,0.02,1375.0,2.25,500000.0
1459,0.02,1376.0,2.25,500000.0
1460,0.02,1377.0,2.25,500000.0
1461,0.02,1378.0,2.25,500000.0
1462,0.02,1379.0,2.25,500000.0
1463,0.02,1380.0,2.25,500000.0
1464,0.02,1381.0,2.25,500000.0
1465,0.02,1382.0,2.25,500000.0
1466,0.02,1383.0,2.25,500000.0
1467,0.02,1384.0,2.25,500000.0
1468,0.02,1385.0,2.25,500000.0
1469,0.02,1386.0,2.25,500000.0
1470,0.02,1387.0,2.25,500000.0
1471,0.02,1388.0,2.25,500000.0
1472,0.02,1389.0,2.25,500000.0
1473,0.02,1390.0,2.25,500000.0
1474,0.02,1391.0,2.25,500000.0
1475,0.02,1392.0,2.25,500000.0
1476,0.02,1393.0,2.25,500000.0
1477,0.02,1394.0,2.25,500000.0
1478,0.02,1395.0,2.25,500000.0
1479,0.02,1396.0,2.25,500000.0
1480,0.02,1397.0,2.25,500000.0
1481,0.02,1398.0,2.25,500000.0
1482,0.02,1399.0,2.25,500000.0
1483,0.02,1400.0,2.25,500000.0
1484,0.02,1401.0,2.25,500000.0
1485,0.02,1402.0,2.25,500000.0
1486,0.02,1403.0,2.25,500000.0
1487,0.02,1404.0,2.25,500000.0
1488,0.02,1405.0,2.25,500000.0
1489,0.02,1406.0,2.25,500000.0
1490,0.02,1407.0,2.25,500000.0
1491,0.02,1408.0,2.25,500000.0
1492,0.02,1409.0,2.25,500000.0
1493,0.02,1410.0,2.25,500000.0
1494,0.02,1411.0,2.25,500000.0
1495,0.02,1412.0,2.25,500000.0
1496,0.02,1413.0,2.25,500000.0
1497,0.02,1414.0,2.25,500000.0
1498,0.02,1415.0,2.25,500000.0
1499,0.02,1416.0,2.25,500000.0
1500,0.02,1417.0,2.25,500000.0
1501,0.02,1418.0,2.25,500000.0
1502,0.02,1419.0,2.25,500000.0
1503,0.02,1420.0,2.25,500000.0
1504,0.02,1421.0,2.25,500000.0
1505,0.02,1422.0,2.25,500000.0
1506,0.02,1423.0,2.25,500000.0
1507,0.02,1424.0,2.25,500000.0
1508,0.02,1425.0,2.25,500000.0
1509,0.02,1426.0,2.25,500000.0
1510,0.02,1427.0,2.25,500000.0
1511,0.02,1428.0,2.25,500000.0
1512,0.02,1429.0,2.25,500000.0
1513,0.02,1430.0,2.25,500000.0
1514,0.02,1431.0,2.25,500000.0
1515,0.02,1432.0,2.25,500000.0
1516,0.02,1433.0,2.25,500000.0
1517,0.02,1434.0,2.25,500000.0
1518,0.02,1435.0,2.25,500000.0
1519,0.02,1436.0,2.25,500000.0
1520,0.02,1437.0,2.25,500000.0
1521,0.02,1438.0,2.25,500000.0
1522,0.02,1439.0,2.25,500000.0
1523,0.02,1440.0,2.25,500000.0
1524,0.02,1441.0,2.25,500000.0
1525,0.02,1442.0,2.25,500000.0
1526,0.02,1443.0,2.25,500000.0
1527,0.02,1444.0,2.25,500000.0
1528,0.02,1445.0,2.25,500000.0
1529,0.02,1446.0,2.25,500000.0
1530,0.02,1447.0,2.25,500000.0
1531,0.02,1448.0,2.25,500000.0
1532,0.02,1449.0,2.25,500000.0
1533,0.02,1450.0,2.25,500000.0
1534,0.02,1451.0,2.25,500000.0
1535,0.02,1452.0,2.25,500000.0
1536,0.02,1453.0,2.25,500000.0
1537,0.02,1454.0,2.25,500000.0
1538,0.02,1455.0,2.25,500000.0
1539,0.02,1456.0,2.25,500000.0
1540,0.02,1457.0,2.25,500000.0
1541,0.02,1458.0,2.25,500000.0
1542,0.02,1459.0,2.25,500000.0
1543,0.02,1460.0,2.25,500000.0
1544,0.02,1461.0,2.25,500000.0
1545,0.02,1462.0,2.25,500000.0
1546,0.02,1463.0,2.25,500000.0
1547,0.02,1464.0,2.25,500000.0
1548,0.02,1465.0,2.25,500000.0
1549,0.02,1466.0,2.25,500000.0
1550,0.02,1467.0,2.25,500000.0
1551,0.02,1468.0,2.25,500000.0
1552,0.02,1469.0,2.25,500000.0
1553,0.02,1470.0,2.25,500000.0
1554,0.02,1471.0,2.25,500000.0
1555,0.02,1472.0,2.25,500000.0
1556,0.02,1473.0,2.25,500000.0
1557,0.02,1474.0,2.25,500000.0
1558,0.02,1475.0,2.25,500000.0
1559,0.02,1476.0,2.25,500000.0
1560,0.02,1477.0,2.25,500000.0
1561,0.02,1478.0,2.25,500000.0
1562,0.02,1479.0,2.25,500000.0
1563,0.02,1480.0,2.25,500000.0
1564,0.02,1481.0,2.25,500000.0
1565,0.02,1482.0,2.25,500000.0
1566,0.02,1483.0,2.25,500000.0
1567,0.02,1484.0,2.25,500000.0
1568,0.02,1485.0,2.25,500000.0
1569,0.02,1486.0,2.25,500000.0
1570,0.02,1487.0,2.25,500000.0
1571,0.02,1488.0,2.25,500000.0
1572,0.02,1489.0,2.25,500000.0
1573,0.02,1490.0,2.25,500000.0
1574,0.02,1491.0,2.25,500000.0
1575,0.02,1492.0,2.25,500000.0
1576,0.02,1493.0,2.25,500000.0
1577,0.02,1494.0,2.25,500000.0
1578,0.02,1495.0,2.25,500000.0
1579,0.02,1496.0,2.25,500000.0
1580,0.02,1497.0,2.25,500000.0
1581,0.02,1498.0,2.25,500000.0
1582,0.02,1499.0,2.25,500000.0
1583,0.02,1500.0,2.25,500000.0
1584,0.02,1501.0,2.25,500000.0
1585,0.02,1502.0,2.25,500000.0
1586,0.02,1503.0,2.25,500000.0
1587,0.02,1504.0,2.25,500000.0
1588,0.02,1505.0,2.25,500000.0
1589,0.02,1506.0,2.25,500000.0
1590,0.02,1507.0,2.25,500000.0
1591,0.02,1508.0,2.25,500000.0
1592,0.02,1509.0,2.25,500000.0
1593,0.02,1510.0,2.25,500000.0
1594,0.02,1511.0,2.25,500000.0
1595,0.02,1512.0,2.25,500000.0
1596,0.02,1513.0,2.25,500000.0
1597,0.02,1514.0,2.25,500000.0
1598,0.02,1515.0,2.25,500000.0
1599,0.02,1516.0,2.25,500000.0
1600,0.02,1517.0,2.25,500000.0
1601,0.02,1518.0,2.25,500000.0
1602,0.02,1519.0,2.25,500000.0
1603,0.02,1520.0,2.25,500000.0
1604,0.02,1521.0,2.25,500000.0
1605,0.02,1522.0,2.25,500000.0
1606,0.02,1523.0,2.25,500000.0
1607,0.02,1524.0,2.25,500000.0
1608,0.02,1525.0,2.25,500000.0
1609,0.02,1526.0,2.25,500000.0
1610,0.02,1527.0,2.25,500000.0
1611,0.02,1528.0,2.25,500000.0
1612,0.02,1529.0,2.25,500000.0
1613,0.02,1530.0,2.25,500000.0
1614,0.02,1531.0,2.25,500000.0
1615,0.02,1532.0,2.25,500000.0
1616,0.02,1533.0,2.25,500000.0
1617,0.02,1534.0,2.25,500000.0
1618,0.02,1535.0,2.25,500000.0
1619,0.02,1536.0,2.25,500000.0
1620,0.02,1537.0,2.25,500000.0
1621,0.02,1538.0,2.25,500000.0
1622,0.02,1539.0,2.25,500000.0
1623,0.02,1540.0,2.25,500000.0
1624,0.02,1541.0,2.25,500000.0
1625,0.02,1542.0,2.25,500000.0
1626,0.02,1543.0,2.25,500000.0
1627,0.02,1544.0,2.25,500000.0
1628,0.02,1545.0,2.25,500000.0
1629,0.02,1546.0,2.25,500000.0
1630,0.02,1547.0,2.25,500000.0
1631,0.02,1548.0,2.25,500000.0
1632,0.02,1549.0,2.25,500000.0
1633,0.02,1550.0,2.25,500000.0
1634,0.02,1551.0,2.25,500000.0
1635,0.02,1552.0,2.25,500000.0
1636,0.02,1553.0,2.25,500000.0
1637,0.02,1554.0,2.25,500000.0
1638,0.02,1555.0,2.25,500000.0
1639,0.02,1556.0,2.25,500000.0
1640,0.02,1557.0,2.25,500000.0
1641,0.02,1558.0,2.25,500000.0
1642,0.02,1559.0,2.25,500000.0
1643,0.02,1560.0,2.25,500000.0
1644,0.02,1561.0,2.25,500000.0
1645,0.02,1562.0,2.25,500000.0
1646,0.02,1563.0,2.25,500000.0
1647,0.02,1564.0,2.25,500000.0
1648,0.02,1565.0,2.25,500000.0
1649,0.02,1566.0,2.25,500000.0
1650,0.02,1567.0,2.25,500000.0
1651,0.02,1568.0,2.25,500000.0
1652,0.02,1569.0,2.25,500000.0
1653,0.02,1570.0,2.25,500000.0
1654,0.02,1571.0,2.25,500000.0
1655,0.02,1572.0,2.25,500000.0
1656,0.02,1573.0,2.25,500000.0
1657,0.02,1574.0,2.25,500000.0
1658,0.02,1575.0,2.25,500000.0
1659,0.02,1576.0,2.25,500000.0
1660,0.02,1577.0,2.25,500000.0
1661,0.02,1578.0,2.25,500000.0
1662,0.02,1579.0,2.25,500000.0
1663,0.02,1580.0,2.25,500000.0
1664,0.02,1581.0,2.25,500000.0
1665,0.02,1582.0,2.25,500000.0
1666,0.02,1583.0,2.25,500000.0
1667,0.02,1584.0,2.25,500000.0
1668,0.02,1585.0,2.25,500000.0
1669,0.02,1586.0,2.25,500000.0
1670,0.02,1587.0,2.25,500000.0
1671,0.02,1588.0,2.25,500000.0
1672,0.02,1589.0,2.25,500000.0
1673,0.02,1590.0,2.25,500000.0
1674,0.02,1591.0,2.25,500000.0
1675,0.02,1592.0,2.25,500000.0
1676,0.02,1593.0,2.25,500000.0
1677,0.02,1594.0,2.25,500000.0
1678,0.02,1595.0,2.25,500000.0
1679,0.02,1596.0,2.25,500000.0
1680,0.02,1597.0,2.25,500000.0
1681,0.02,1598.0,2.25,500000.0
1682,0.02,1599.0,2.25,500000.0
1683,0.02,1600.0,2.25,500000.0
1684,0.02,1601.0,2.25,500000.0
1685,0.02,1602.0,2.25,500000.0
1686,0.02,1603.0,2.25,500000.0
1687,0.02,1604.0,2.25,500000.0
1688,0.02,1605.0,2.25,500000.0
1689,0.02,1606.0,2.25,500000.0
1690,0.02,1607.0,2.25,500000.0
1691,0.02,1608.0,2.25,500000.0
1692,0.02,1609.0,2.25,500000.0
1693,0.02,1610.0,2.25,500000.0
1694,0.02,1611.0,2.25,500000.0
1695,0.02,1612.0,2.25,500000.0
1696,0.02,1613.0,2.25,500000.0
1697,0.02,1614.0,2.25,500000.0
1698,0.02,1615.0,2.25,500000.0
1699,0.02,1616.0,2.25,500000.0
1700,0.02,1617.0,2.25,500000.0
1701,0.02,1618.0,2.25,500000.0
1702,0.02,1619.0,2.25,500000.0
1703,0.02,1620.0,2.25,500000.0
1704,0.02,1621.0,2.25,500000.0
1705,0.02,1622.0,2.25,500000.0
1706,0.02,1623.0,2.25,500000.0
1707,0.02,1624.0,2.25,500000.0
1708,0.02,1625.0,2.25,500000.0
1709,0.02,1626.0,2.25,500000.0
1710,0.02,1627.0,2.25,500000.0
1711,0.02,1628.0,2.25,500000.0
1712,0.02,1629.0,2.25,500000.0
1713,0.02,1630.0,2.25,500000.0
1714,0.02,1631.0,2.25,500000.0
1715,0.02,1632.0,2.25,500000.0
1716,0.02,1633.0,2.25,500000.0
1717,0.02,1634.0,2.25,500000.0
1718,0.02,1635.0,2.25,500000.0
1719,0.02,1636.0,2.25,500000.0
1720,0.02,1637.0,2.25,500000.0
1721,0.02,1638.0,2.25,500000.0
1722,0.02,1639.0,2.25,500000.0
1723,0.02,1640.0,2.25,500000.0
1724,0.02,1641.0,2.25,500000.0
1725,0.02,1642.0,2.25,500000.0
1726,0.02,1643.0,2.25,500000.0
1727,0.02,1644.0,2.25,500000.0
1728,0.02,1645.0,2.25,500000.0
1729,0.02,1646.0,2.25,500000.0
1730,0.02,1647.0,2.25,500000.0
1731,0.02,1648.0,2.25,500000.0
1732,0.02,1649.0,2.25,500000.0
1733,0.02,1650.0,2.25,500000.0
1734,0.02,1651.0,2.25,500000.0
1735,0.02,1652.0,2.25,500000.0
1736,0.02,1653.0,2.25,500000.0
1737,0.02,1654.0,2.25,500000.0
1738,0.02,1655.0,2.25,500000.0
1739,0.02,1656.0,2.25,500000.0
1740,0.02,1657.0,2.25,500000.0
1741,0.02,1658.0,2.25,500000.0
1742,0.02,1659.0,2.25,500000.0
1743,0.02,1660.0,2.25,500000.0
1744,0.02,1661.0,2.25,500000.0
1745,0.02,1662.0,2.25,500000.0
1746,0.02,1663.0,2.25,500000.0
1747,0.02,1664.0,2.25,500000.0
1748,0.02,1665.0,2.25,500000.0
1749,0.02,1666.0,2.25,500000.0
1750,0.02,1667.0,2.25,500000.0
1751,0.02,1668.0,2.25,500000.0
1752,0.02,1669.0,2.25,500000.0
1753,0.02,1670.0,2.25,500000.0
1754,0.02,1671.0,2.25,500000.0
1755,0.02,1672.0,2.25,500000.0
1756,0.02,1673.0,2.25,500000.0
1757,0.02,1674.0,2.25,500000.0
1758,0.02,1675.0,2.25,500000.0
1759,0.02,1676.0,2.25,500000.0
1760,0.02,1677.0,2.25,500000.0
1761,0.02,1678.0,2.25,500000.0
1762,0.02,1679.0,2.25,500000.0
1763,0.02,1680.0,2.25,500000.0
1764,0.02,1681.0,2.25,500000.0
1765,0.02,1682.0,2.25,500000.0
1766,0.02,1683.0,2.25,500000.0
1767,0.02,1684.0,2.25,500000.0
1768,0.02,1685.0,2.25,500000.0
1769,0.02,1686.0,2.25,500000.0
1770,0.02,1687.0,2.25,500000.0
1771,0.02,1688.0,2.25,500000.0
1772,0.02,1689.0,2.25,500000.0
1773,0.02,1690.0,2.25,500000.0
1774,0.02,1691.0,2.25,500000.0
1775,0.02,1692.0,2.25,500000.0
1776,0.02,1693.0,2.25,500000.0
1777,0.02,1694.0,2.25,500000.0
1778,0.02,1695.0,2.25,500000.0
1779,0.02,1696.0,2.25,500000.0
1780,0.02,1697.0,2.25,500000.0
1781,0.02,1698.0,2.25,500000.0
1782,0.02,1699.0,2.25,500000.0
1783,0.02,1700.0,2.25,500000.0
1784,0.02,1701.0,2.25,500000.0
1785,0.02,1702.0,2.25,500000.0
1786,0.02,1703.0,2.25,500000.0
1787,0.02,1704.0,2.25,500000.0
1788,0.02,1705.0,2.25,500000.0
1789,0.02,1706.0,2.25,500000.0
1790,0.02,1707.0,2.25,500000.0
1791,0.02,1708.0,2.25,500000.0
1792,0.02,1709.0,2.25,500000.0
1793,0.02,1710.0,2.25,500000.0
1794,0.02,1711.0,2.25,500000.0
1795,0.02,1712.0,2.25,500000.0
1796,0.02,1713.0,2.25,500000.0
1797,0.02,1714.0,2.25,500000.0
1798,0.02,1715.0,2.25,500000.0
1799,0.02,1716.0,2.25,500000.0
1800,0.02,1717.0,2.25,500000.0
1801,0.02,1718.0,2.25,500000.0
1802,0.02,1719.0,2.25,500000.0
1803,0.02,1720.0,2.25,500000.0
1804,0.02,1721.0,2.25,500000.0
1805,0.02,1722.0,2.25,500000.0
1806,0.02,1723.0,2.25,500000.0
1807,0.02,1724.0,2.25,500000.0
1808,0.02,1725.0,2.25,500000.0
1809,0.02,1726.0,2.25,500000.0
1810,0.02,1727.0,2.25,500000.0
1811,0.02,1728.0,2.25,500000.0
1812,0.02,1729.0,2.25,500000.0
1813,0.02,1730.0,2.25,500000.0
1814,0.02,1731.0,2.25,500000.0
1815,0.02,1732.0,2.25,500000.0
1816,0.02,1733.0,2.25,500000.0
1817,0.02,1734.0,2.25,500000.0
1818,0.02,1735.0,2.25,500000.0
1819,0.02,1736.0,2.25,500000.0
1820,0.02,1737.0,2.25,500000.0
1821,0.02,1738.0,2.25,500000.0
1822,0.02,1739.0,2.25,500000.0
1823,0.02,1740.0,2.25,500000.0
1824,0.02,1741.0,2.25,500000.0
1825,0.02,1742.0,2.25,500000.0
1826,0.02,1743.0,2.25,500000.0
1827,0.02,1744.0,2.25,500000.0
1828,0.02,1745.0,2.25,500000.0
1829,0.02,1746.0,2.25,500000.0
1830,0.02,1747.0,2.25,500000.0
1831,0.02,1748.0,2.25,500000.0
1832,0.02,1749.0,2.25,500000.0
1833,0.02,1750.0,2.25,500000.0
1834,0.02,1751.0,2.25,500000.0
1835,0.02,1752.0,2.25,500000.0
1836,0.02,1753.0,2.25,500000.0
1837,0.02,1754.0,2.25,500000.0
1838,0.02,1755.0,2.25,500000.0
1839,0.02,1756.0,2.25,500000.0
1840,0.02,1757.0,2.25,500000.0
1841,0.02,1758.0,2.25,500000.0
1842,0.02,1759.0,2.25,500000.0
1843,0.02,1760.0,2.25,500000.0
1844,0.02,1761.0,2.25,500000.0
1845,0.02,1762.0,2.25,500000.0
1846,0.02,1763.0,2.25,500000.0
1847,0.02,1764.0,2.25,500000.0
1848,0.02,1765.0,2.25,500000.0
1849,0.02,1766.0,2.25,500000.0
1850,0.02,1767.0,2.25,500000.0
1851,0.02,1768.0,2.25,500000.0
1852,0.02,1769.0,2.25,500000.0
1853,0.02,1770.0,2.25,500000.0
1854,0.02,1771.0,2.25,500000.0
1855,0.02,1772.0,2.25,500000.0
1856,0.02,1773.0,2.25,500000.0
1857,0.02,1774.0,2.25,500000.0
1858,0.02,1775.0,2.25,500000.0
1859,0.02,1776.0,2.25,500000.0
1860,0.02,1777.0,2.25,500000.0
1861,0.02,1778.0,2.25,500000.0
1862,0.02,1779.0,2.25,500000.0
1863,0.02,1780.0,2.25,500000.0
1864,0.02,1781.0,2.25,500000.0
1865,0.02,1782.0,2.25,500000.0
1866,0.02,1783.0,2.25,500000.0
1867,0.02,1784.0,2.25,500000.0
1868,0.02,1785.0,2.25,500000.0
1869,0.02,1786.0,2.25,500000.0
1870,0.02,1787.0,2.25,500000.0
1871,0.02,1788.0,2.25,500000.0
1872,0.02,1789.0,2.25,500000.0
1873,0.02,1790.0,2.25,500000.0
1874,0.02,1791.0,2.25,500000.0
1875,0.02,1792.0,2.25,500000.0
1876,0.02,1793.0,2.25,500000.0
1877,0.02,1794.0,2.25,500000.0
1878,0.02,1795.0,2.25,500000.0
1879,0.02,1796.0,2.25,500000.0
1880,0.02,1797.0,2.25,500000.0
1881,0.02,1798.0,2.25,500000.0
1882,0.02,1799.0,2.25,500000.0
1883,0.02,1800.0,2.25,500000.0
1884,0.02,1801.0,2.25,500000.0
1885,0.02,1802.0,2.25,500000.0
1886,0.02,1803.0,2.25,500000.0
1887,0.02,1804.0,2.25,500000.0
1888,0.02,1805.0,2.25,500000.0
1889,0.02,1806.0,2.25,500000.0
1890,0.02,1807.0,2.25,500000.0
1891,0.02,1808.0,2.25,500000.0
1892,0.02,1809.0,2.25,500000.0
1893,0.02,1810.0,2.25,500000.0
1894,0.02,1811.0,2.25,500000.0
1895,0.02,1812.0,2.25,500000.0
1896,0.02,1813.0,2.25,500000.0
1897,0.02,1814.0,2.25,500000.0
1898,0.02,1815.0,2.25,500000.0
1899,0.02,1816.0,2.25,500000.0
1900,0.02,1817.0,2.25,500000.0
1901,0.02,1818.0,2.25,500000.0
1902,0.02,1819.0,2.25,500000.0
1903,0.02,1820.0,2.25,500000.0
1904,0.02,1821.0,2.25,500000.0
1905,0.02,1822.0,2.25,500000.0
1906,0.02,1823.0,2.25,500000.0
1907,0.02,1824.0,2.25,500000.0
1908,0.02,1825.0,2.25,500000.0
1909,0.02,1826.0,2.25,500000.0
1910,0.02,1827.0,2.25,500000.0
1911,0.02,1828.0,2.25,500000.0
1912,0.02,1829.0,2.25,500000.0
1913,0.02,1830.0,2.25,500000.0
1914,0.02,1831.0,2.25,500000.0
1915,0.02,1832.0,2.25,500000.0
1916,0.02,1833.0,2.25,500000.0
1917,0.02,1834.0,2.25,500000.0
1918,0.02,1835.0,2.25,500000.0
1919,0.02,1836.0,2.25,500000.0
1920,0.02,1837.0,2.25,500000.0
1921,0.02,1838.0,2.25,500000.0
1922,0.02,1839.0,2.25,500000.0
1923,0.02,1840.0,2.25,500000.0
1924,0.02,1841.0,2.25,500000.0
1925,0.02,1842.0,2.25,500000.0
1926,0.02,1843.0,2.25,500000.0
1927,0.02,1844.0,2.25,500000.0
1928,0.02,1845.0,2.25,500000.0
1929,0.02,1846.0,2.25,500000.0
1930,0.02,1847.0,2.25,500000.0
1931,0.02,1848.0,2.25,500000.0
1932,0.02,1849.0,2.25,500000.0
1933,0.02,1850.0,2.25,500000.0
1934,0.02,1851.0,2.25,500000.0
1935,0.02,1852.0,2.25,500000.0
1936,0.02,1853.0,2.25,500000.0
1937,0.02,1854.0,2.25,500000.0
1938,0.02,1855.0,2.25,500000.0
1939,0.02,1856.0,2.25,500000.0
1940,0.02,1857.0,2.25,500000.0
1941,0.02,1858.0,2.25,500000.0
1942,0.02,1859.0,2.25,500000.0
1943,0.02,1860.0,2.25,500000.0
1944,0.02,1861.0,2.25,500000.0
1945,0.02,1862.0,2.25,500000.0
1946,0.02,1863.0,2.25,500000.0
1947,0.02,1864.0,2.25,500000.0
1948,0.02,1865.0,2.25,500000.0
1949,0.02,1866.0,2.25,500000.0
1950,0.02,1867.0,2.25,500000.0
1951,0.02,1868.0,2.25,500000.0
1952,0.02,1869.0,2.25,500000.0
1953,0.02,1870.0,2.25,500000.0
1954,0.02,1871.0,2.25,500000.0
1955,0.02,1872.0,2.25,500000.0
1956,0.02,1873.0,2.25,500000.0
1957,0.02,1874.0,2.25,500000.0
1958,0.02,1875.0,2.25,500000.0
1959,0.02,1876.0,2.25,500000.0
1960,0.02,1877.0,2.25,500000.0
1961,0.02,1878.0,2.25,500000.0
1962,0.02,1879.0,2.25,500000.0
1963,0.02,1880.0,2.25,500000.0
1964,0.02,1881.0,2.25,500000.0
1965,0.02,1882.0,2.25,500000.0
1966,0.02,1883.0,2.25,500000.0
1967,0.02,1884.0,2.25,500000.0
1968,0.02,1885.0,2.25,500000.0
1969,0.02,1886.0,2.25,500000.0
1970,0.02,1887.0,2.25,500000.0
1971,0.02,1888.0,2.25,500000.0
1972,0.02,1889.0,2.25,500000.0
1973,0.02,1890.0,2.25,500000.0
1974,0.02,1891.0,2.25,500000.0
1975,0.02,1892.0,2.25,500000.0
1976,0.02,1893.0,2.25,500000.0
1977,0.02,1894.0,2.25,500000.0
1978,0.02,1895.0,2.25,500000.0
1979,0.02,1896.0,2.25,500000.0
1980,0.02,1897.0,2.25,500000.0
1981,0.02,1898.0,2.25,500000.0
1982,0.02,1899.0,2.25,500000.0
1983,0.02,1900.0,2.25,500000.0
1984,0.02,1901.0,2.25,500000.0
1985,0.02,1902.0,2.25,500000.0
1986,0.02,1903.0,2.25,500000.0
1987,0.02,1904.0,2.25,500000.0
1988,0.02,1905.0,2.25,500000.0
1989,0.02,1906.0,2.25,500000.0
1990,0.02,1907.0,2.25,500000.0
1991,0.02,1908.0,2.25,500000.0
1992,0.02,1909.0,2.25,500000.0
1993,0.02,1910.0,2.25,500000.0
1994,0.02,1911.0,2.25,500000.0
1995,0.02,1912.0,2.25,500000.0
1996,0.02,1913.0,2.25,500000.0
1997,0.02,1914.0,2.25,500000.0
1998,0.02,1915.0,2.25,500000.0
1999,0.02,1916.0,2.25,500000.0
2000,0.02,1917.0,2.25,500000.0
2001,0.02,1918.0,2.25,500000.0
2002,0.02,1919.0,2.25,500000.0
2003,0.02,1920.0,2.25,500000.0
2004,0.02,1921.0,2.25,500000.0
2005,0.02,1922.0,2.25,500000.0
2006,0.02,1923.0,2.25,500000.0
2007,0.02,1924.0,2.25,500000.0
2008,0.02,1925.0,2.25,500000.0
2009,0.02,1926.0,2.25,500000.0
2010,0.02,1927.0,2.25,500000.0
2011,0.02,1928.0,2.25,500000.0
2012,0.02,1929.0,2.25,500000.0
2013,0.02,1930.0,2.25,500000.0
2014,0.02,1931.0,2.25,500000.0
2015,0.02,1932.0,2.25,500000.0
2016,0.02,1933.0,2.25,500000.0
2017,0.02,1934.0,2.25,500000.0
2018,0.02,1935.0,2.25,500000.0
2019,0.02,1936.0,2.25,500000.0
2020,0.02,1937.0,2.25,500000.0
2021,0.02,1938.0,2.25,500000.0
2022,0.02,1939.0,2.25,500000.0
2023,0.02,1940.0,2.25,500000.0
2024,0.02,1941.0,2.25,500000.0
2025,0.02,1942.0,2.25,500000.0
2026,0.02,1943.0,2.25,500000.0
2027,0.02,1944.0,2.25,500000.0
2028,0.02,1945.0,2.25,500000.0
2029,0.02,1946.0,2.25,500000.0
2030,0.02,1947.0,2.25,500000.0
2031,0.02,1948.0,2.25,500000.0
2032,0.02,1949.0,2.25,500000.0
2033,0.02,1950.0,2.25,500000.0
2034,0.02,1951.0,2.25,500000.0
2035,0.02,1952.0,2.25,500000.0
2036,0.02,1953.0,2.25,500000.0
2037,0.02,1954.0,2.25,500000.0
2038,0.02,1955.0,2.25,500000.0
2039,0.02,1956.0,2.25,500000.0
2040,0.02,1957.0,2.25,500000.0
2041,0.02,1958.0,2.25,500000.0
2042,0.02,1959.0,2.25,500000.0
2043,0.02,1960.0,2.25,500000.0
2044,0.02,1961.0,2.25,500000.0
2045,0.02,1962.0,2.25,500000.0
2046,0.02,1963.0,2.25,500000.0
2047,0.02,1964.0,2.25,500000.0
2048,0.02,1965.0,2.25,500000.0
2049,0.02,1966.0,2.25,500000.0
2050,0.02,1967.0,2.25,500000.0
2051,0.02,1968.0,2.25,500000.0
2052,0.02,1969.0,2.25,500000.0
2053,0.02,1970.0,2.25,500000.0
2054,0.02,1971.0,2.25,500000.0
2055,0.02,1972.0,2.25,500000.0
2056,0.02,1973.0,2.25,500000.0
2057,0.02,1974.0,2.25,500000.0
2058,0.02,1975.0,2.25,500000.0
2059,0.02,1976.0,2.25,500000.0
2060,0.02,1977.0,2.25,500000.0
2061,0.02,1978.0,2.25,500000.0
2062,0.02,1979.0,2.25,500000.0
2063,0.02,1980.0,2.25,500000.0
2064,0.02,1981.0,2.25,500000.0
2065,0.02,1982.0,2.25,500000.0
2066,0.02,1983.0,2.25,500000.0
2067,0.02,1984.0,2.25,500000.0
2068,0.02,1985.0,2.25,500000.0
2069,0.02,1986.0,2.25,500000.0
2070,0.02,1987.0,2.25,500000.0
2071,0.02,1988.0,2.25,500000.0
2072,0.02,1989.0,2.25,500000.0
2073,0.02,1990.0,2.25,500000.0
2074,0.02,1991.0,2.25,500000.0
2075,0.02,1992.0,2.25,500000.0
2076,0.02,1993.0,2.25,500000.0
2077,0.02,1994.0,2.25,500000.0
2078,0.02,1995.0,2.25,500000.0
2079,0.02,1996.0,2.25,500000.0
2080,0.02,1997.0,2.25,500000.0
2081,0.02,1998.0,2.25,500000.0
2082,0.02,1999.0,2.25,500000.0
2083,0.02,2000.0,2.25,500000.0
2084,0.02,2001.0,2.25,500000.0
2085,0.02,2002.0,2.25,500000.0
2086,0.02,2003.0,2.25,500000.0
2087,0.02,2004.0,2.25,500000.0
2088,0.02,2005.0,2.25,500000.0
2089,0.02,2006.0,2.25,500000.0
2090,0.02,2007.0,2.25,500000.0
2091,0.02,2008.0,2.25,500000.0
2092,0.02,2009.0,2.25,500000.0
2093,0.02,2010.0,2.25,500000.0
2094,0.02,2011.0,2.25,500000.0
2095,0.02,2012.0,2.25,500000.0
2096,0.02,2013.0,2.25,500000.0
2097,0.02,2014.0,2.25,500000.0
2098,0.02,2015.0,2.25,500000.0
2099,0.02,2016.0,2.25,500000.0
2100,0.02,2017.0,2.25,500000.0
2101,0.02,2018.0,2.25,500000.0
2102,0.02,2019.0,2.25,500000.0
2103,0.02,2020.0,2.25,500000.0
2104,0.02,2021.0,2.25,500000.0
2105,0.02,2022.0,2.25,500000.0
2106,0.02,2023.0,2.25,500000.0
2107,0.02,2024.0,2.25,500000.0
2108,0.02,2025.0,2.25,500000.0
2109,0.02,2026.0,2.25,500000.0
2110,0.02,2027.0,2.25,500000.0
2111,0.02,2028.0,2.25,500000.0
2112,0.02,2029.0,2.25,500000.0
2113,0.02,2030.0,2.25,500000.0
2114,0.02,2031.0,2.25,500000.0
2115,0.02,2032.0,2.25,500000.0
2116,0.02,2033.0,2.25,500000.0
2117,0.02,2034.0,2.25,500000.0
2118,0.02,2038.0,2.25,500000.0
2119,0.02,2038.1,2.25,500000.0
2120,0.02,2038.1999999999998,2.25,500000.0
2121,0.02,2038.2999999999997,2.25,500000.0
2122,0.02,2038.3999999999996,2.25,500000.0
2123,0.02,2038.4999999999995,2.25,500000.0
2124,0.02,2038.5999999999995,2.25,500000.0
2125,0.02,2038.6999999999994,2.25,500000.0
2126,0.02,2038.7999999999993,2.25,500000.0
2127,0.02,2038.8999999999992,2.25,500000.0
2128,0.02,2038.999999999999,2.25,500000.0
2129,0.02,2039.099999999999,2.25,500000.0
2130,0.02,2039.199999999999,2.25,500000.0
2131,0.02,2039.2999999999988,2.25,500000.0
2132,0.02,2039.3999999999987,2.25,500000.0
2133,0.02,2039.4999999999986,2.25,500000.0
2134,0.02,2039.5999999999985,2.25,500000.0
2135,0.02,2039.6999999999985,2.25,500000.0
2136,0.02,2039.7999999999984,2.25,500000.0
2137,0.02,2039.8999999999983,2.25,500000.0
2138,0.02,2039.9999999999982,2.25,500000.0
2139,0.02,2040.099999999998,2.25,500000.0
2140,0.02,2040.199999999998,2.25,500000.0
2141,0.02,2040.299999999998,2.25,500000.0
2142,0.02,2040.3999999999978,2.25,500000.0
2143,0.02,2040.4999999999977,2.25,500000.0
2144,0.02,2040.5999999999976,2.25,500000.0
2145,0.02,2040.6999999999975,2.25,500000.0
2146,0.02,2040.7999999999975,2.25,500000.0
2147,0.02,2040.8999999999974,2.25,500000.0
2148,0.02,2040.9999999999973,2.25,500000.0
2149,0.02,2041.0999999999972,2.25,500000.0
2150,0.02,2041.199999999997,2.25,500000.0
2151,0.02,2041.299999999997,2.25,500000.0
2152,0.02,2041.399999999997,2.25,500000.0
2153,0.02,2041.4999999999968,2.25,500000.0
2154,0.02,2041.5999999999967,2.25,500000.0
2155,0.02,2041.6999999999966,2.25,500000.0
2156,0.02,2041.7999999999965,2.25,500000.0
2157,0.02,2041.8999999999965,2.25,500000.0
2158,0.02,2045.0,2.25,500000.0
2159,0.02,2046.0,2.25,500000.0
2160,0.02,2047.0,2.25,500000.0
2161,0.02,2048.0,2.25,500000.0
2162,0.02,2049.0,2.25,500000.0
2163,0.02,2050.0,2.25,500000.0
2164,0.02,2051.0,2.25,500000.0
2165,0.02,2052.0,2.25,500000.0
2166,0.02,2053.0,2.25,500000.0
2167,0.02,2054.0,2.25,500000.0
2168,0.02,2055.0,2.25,500000.0
2169,0.02,2056.0,2.25,500000.0
2170,0.02,2057.0,2.25,500000.0
2171,0.02,2058.0,2.25,500000.0
2172,0.02,2059.0,2.25,500000.0
2173,0.02,2060.0,2.25,500000.0
2174,0.02,2061.0,2.25,500000.0
2175,0.02,2062.0,2.25,500000.0
2176,0.02,2063.0,2.25,500000.0
2177,0.02,2064.0,2.25,500000.0
2178,0.02,2065.0,2.25,500000.0
2179,0.02,2066.0,2.25,500000.0
2180,0.02,2067.0,2.25,500000.0
2181,0.02,2068.0,2.25,500000.0
2182,0.02,2069.0,2.25,500000.0
2183,0.02,2070.0,2.25,500000.0
2184,0.02,2071.0,2.25,500000.0
2185,0.02,2072.0,2.25,500000.0
2186,0.02,2073.0,2.25,500000.0
2187,0.02,2074.0,2.25,500000.0
2188,0.02,2075.0,2.25,500000.0
2189,0.02,2076.0,2.25,500000.0
2190,0.02,2077.0,2.25,500000.0
2191,0.02,2078.0,2.25,500000.0
2192,0.02,2079.0,2.25,500000.0
2193,0.02,2080.0,2.25,500000.0
2194,0.02,2081.0,2.25,500000.0
2195,0.02,2082.0,2.25,500000.0
2196,0.02,2083.0,2.25,500000.0
2197,0.02,2084.0,2.25,500000.0
2198,0.02,2085.0,2.25,500000.0
2199,0.02,2086.0,2.25,500000.0
2200,0.02,2087.0,2.25,500000.0
2201,0.02,2088.0,2.25,500000.0
2202,0.02,2089.0,2.25,500000.0
2203,0.02,2090.0,2.25,500000.0
2204,0.02,2091.0,2.25,500000.0
2205,0.02,2092.0,2.25,500000.0
2206,0.02,2093.0,2.25,500000.0
2207,0.02,2094.0,2.25,500000.0
2208,0.02,2095.0,2.25,500000.0
2209,0.02,2096.0,2.25,500000.0
2210,0.02,2097.0,2.25,500000.0
2211,0.02,2098.0,2.25,500000.0
2212,0.02,2099.0,2.25,500000.0
2213,0.02,2100.0,2.25,500000.0
2214,0.02,2101.0,2.25,500000.0
2215,0.02,2102.0,2.25,500000.0
2216,0.02,2103.0,2.25,500000.0
2217,0.02,2104.0,2.25,500000.0
2218,0.02,2105.0,2.25,500000.0
2219,0.02,2106.0,2.25,500000.0
2220,0.02,2107.0,2.25,500000.0
2221,0.02,2108.0,2.25,500000.0
2222,0.02,2109.0,2.25,500000.0
2223,0.02,2110.0,2.25,500000.0
2224,0.02,2111.0,2.25,500000.0
2225,0.02,2112.0,2.25,500000.0
2226,0.02,2113.0,2.25,500000.0
2227,0.02,2114.0,2.25,500000.0
2228,0.02,2115.0,2.25,500000.0
2229,0.02,2116.0,2.25,500000.0
2230,0.02,2117.0,2.25,500000.0
2231,0.02,2118.0,2.25,500000.0
2232,0.02,2119.0,2.25,500000.0
2233,0.02,2120.0,2.25,500000.0
2234,0.02,2121.0,2.25,500000.0
2235,0.02,2122.0,2.25,500000.0
2236,0.02,2123.0,2.25,500000.0
2237,0.02,2124.0,2.25,500000.0
2238,0.02,2125.0,2.25,500000.0
2239,0.02,2126.0,2.25,500000.0
2240,0.02,2127.0,2.25,500000.0
2241,0.02,2128.0,2.25,500000.0
2242,0.02,2129.0,2.25,500000.0
2243,0.02,2130.0,2.25,500000.0
2244,0.02,2131.0,2.25,500000.0
2245,0.02,2132.0,2.25,500000.0
2246,0.02,2133.0,2.25,500000.0
2247,0.02,2134.0,2.25,500000.0
2248,0.02,2135.0,2.25,500000.0
2249,0.02,2136.0,2.25,500000.0
2250,0.02,2137.0,2.25,500000.0
2251,0.02,2138.0,2.25,500000.0
2252,0.02,2139.0,2.25,500000.0
2253,0.02,2140.0,2.25,500000.0
2254,0.02,2141.0,2.25,500000.0
2255,0.02,2142.0,2.25,500000.0
2256,0.02,2143.0,2.25,500000.0
2257,0.02,2144.0,2.25,500000.0
2258,0.02,2145.0,2.25,500000.0
2259,0.02,2146.0,2.25,500000.0
2260,0.02,2147.0,2.25,500000.0
2261,0.02,2148.0,2.25,500000.0
2262,0.02,2149.0,2.25,500000.0
2263,0.02,2150.0,2.25,500000.0
2264,0.02,2151.0,2.25,500000.0
2265,0.02,2152.0,2.25,500000.0
2266,0.02,2153.0,2.25,500000.0
2267,0.02,2154.0,2.25,500000.0
2268,0.02,2155.0,2.25,500000.0
2269,0.02,2156.0,2.25,500000.0
2270,0.02,2157.0,2.25,500000.0
2271,0.02,2158.0,2.25,500000.0
2272,0.02,2159.0,2.25,500000.0
2273,0.02,2160.0,2.25,500000.0
2274,0.02,2161.0,2.25,500000.0
2275,0.02,2162.0,2.25,500000.0
2276,0.02,2163.0,2.25,500000.0
2277,0.02,2164.0,2.25,500000.0
2278,0.02,2165.0,2.25,500000.0
2279,0.02,2166.0,2.25,500000.0
2280,0.02,2167.0,2.25,500000.0
2281,0.02,2168.0,2.25,500000.0
2282,0.02,2169.0,2.25,500000.0
2283,0.02,2170.0,2.25,500000.0
2284,0.02,2171.0,2.25,500000.0
2285,0.02,2172.0,2.25,500000.0
2286,0.02,2173.0,2.25,500000.0
2287,0.02,2174.0,2.25,500000.0
2288,0.02,2175.0,2.25,500000.0
2289,0.02,2176.0,2.25,500000.0
2290,0.02,2177.0,2.25,500000.0
2291,0.02,2178.0,2.25,500000.0
2292,0.02,2179.0,2.25,500000.0
2293,0.02,2180.0,2.25,500000.0
2294,0.02,2181.0,2.25,500000.0
2295,0.02,2182.0,2.25,500000.0
2296,0.02,2183.0,2.25,500000.0
2297,0.02,2184.0,2.25,500000.0
2298,0.02,2185.0,2.25,500000.0
2299,0.02,2186.0,2.25,500000.0
2300,0.02,2187.0,2.25,500000.0
2301,0.02,2188.0,2.25,500000.0
2302,0.02,2189.0,2.25,500000.0
2303,0.02,2190.0,2.25,500000.0
2304,0.02,2191.0,2.25,500000.0
2305,0.02,2192.0,2.25,500000.0
2306,0.02,2193.0,2.25,500000.0
2307,0.02,2194.0,2.25,500000.0
2308,0.02,2195.0,2.25,500000.0
2309,0.02,2196.0,2.25,500000.0
2310,0.02,2197.0,2.25,500000.0
2311,0.02,2198.0,2.25,500000.0
2312,0.02,2199.0,2.25,500000.0
2313,0.02,2200.0,2.25,500000.0
2314,0.02,2201.0,2.25,500000.0
2315,0.02,2202.0,2.25,500000.0
2316,0.02,2203.0,2.25,500000.0
2317,0.02,2204.0,2.25,500000.0
2318,0.02,2205.0,2.25,500000.0
2319,0.02,2206.0,2.25,500000.0
2320,0.02,2207.0,2.25,500000.0
2321,0.02,2208.0,2.25,500000.0
2322,0.02,2209.0,2.25,500000.0
2323,0.02,2210.0,2.25,500000.0
2324,0.02,2211.0,2.25,500000.0
2325,0.02,2212.0,2.25,500000.0
2326,0.02,2213.0,2.25,500000.0
2327,0.02,2214.0,2.25,500000.0
2328,0.02,2215.0,2.25,500000.0
2329,0.02,2216.0,2.25,500000.0
2330,0.02,2217.0,2.25,500000.0
2331,0.02,2218.0,2.25,500000.0
2332,0.02,2219.0,2.25,500000.0
2333,0.02,2220.0,2.25,500000.0
2334,0.02,2221.0,2.25,500000.0
2335,0.02,2222.0,2.25,500000.0
2336,0.02,2223.0,2.25,500000.0
2337,0.02,2224.0,2.25,500000.0
2338,0.02,2225.0,2.25,500000.0
2339,0.02,2226.0,2.25,500000.0
2340,0.02,2227.0,2.25,500000.0
2341,0.02,2228.0,2.25,500000.0
2342,0.02,2229.0,2.25,500000.0
2343,0.02,2230.0,2.25,500000.0
2344,0.02,2231.0,2.25,500000.0
2345,0.02,2232.0,2.25,500000.0
2346,0.02,2233.0,2.25,500000.0
2347,0.02,2234.0,2.25,500000.0
2348,0.02,2235.0,2.25,500000.0
2349,0.02,2236.0,2.25,500000.0
2350,0.02,2237.0,2.25,500000.0
2351,0.02,2238.0,2.25,500000.0
2352,0.02,2239.0,2.25,500000.0
2353,0.02,2240.0,2.25,500000.0
2354,0.02,2241.0,2.25,500000.0
2355,0.02,2242.0,2.25,500000.0
2356,0.02,2243.0,2.25,500000.0
2357,0.02,2244.0,2.25,500000.0
2358,0.02,2245.0,2.25,500000.0
2359,0.02,2246.0,2.25,500000.0
2360,0.02,2247.0,2.25,500000.0
2361,0.02,2248.0,2.25,500000.0
2362,0.02,2249.0,2.25,500000.0
2363,0.02,2250.0,2.25,500000.0
2364,0.02,2251.0,2.25,500000.0
2365,0.02,2252.0,2.25,500000.0
2366,0.02,2253.0,2.25,500000.0
2367,0.02,2254.0,2.25,500000.0
2368,0.02,2255.0,2.25,500000.0
2369,0.02,2256.0,2.25,500000.0
2370,0.02,2257.0,2.25,500000.0
2371,0.02,2258.0,2.25,500000.0
2372,0.02,2259.0,2.25,500000.0
2373,0.02,2260.0,2.25,500000.0
2374,0.02,2261.0,2.25,500000.0
2375,0.02,2262.0,2.25,500000.0
2376,0.02,2263.0,2.25,500000.0
2377,0.02,2264.0,2.25,500000.0
2378,0.02,2265.0,2.25,500000.0
2379,0.02,2266.0,2.25,500000.0
2380,0.02,2267.0,2.25,500000.0
2381,0.02,2268.0,2.25,500000.0
2382,0.02,2269.0,2.25,500000.0
2383,0.02,2270.0,2.25,500000.0
2384,0.02,2271.0,2.25,500000.0
2385,0.02,2272.0,2.25,500000.0
2386,0.02,2273.0,2.25,500000.0
2387,0.02,2274.0,2.25,500000.0
2388,0.02,2275.0,2.25,500000.0
2389,0.02,2276.0,2.25,500000.0
2390,0.02,2277.0,2.25,500000.0
2391,0.02,2278.0,2.25,500000.0
2392,0.02,2279.0,2.25,500000.0
2393,0.02,2280.0,2.25,500000.0
2394,0.02,2281.0,2.25,500000.0
2395,0.02,2282.0,2.25,500000.0
2396,0.02,2283.0,2.25,500000.0
2397,0.02,2284.0,2.25,500000.0
2398,0.02,2285.0,2.25,500000.0
2399,0.02,2286.0,2.25,500000.0
2400,0.02,2287.0,2.25,500000.0
2401,0.02,2288.0,2.25,500000.0
2402,0.02,2289.0,2.25,500000.0
2403,0.02,2290.0,2.25,500000.0
2404,0.02,2291.0,2.25,500000.0
2405,0.02,2292.0,2.25,500000.0
2406,0.02,2293.0,2.25,500000.0
2407,0.02,2294.0,2.25,500000.0
2408,0.02,2295.0,2.25,500000.0
2409,0.02,2296.0,2.25,500000.0
2410,0.02,2297.0,2.25,500000.0
2411,0.02,2298.0,2.25,500000.0
2412,0.02,2299.0,2.25,500000.0
2413,0.02,2300.0,2.25,500000.0
2414,0.02,2301.0,2.25,500000.0
2415,0.02,2302.0,2.25,500000.0
2416,0.02,2303.0,2.25,500000.0
2417,0.02,2304.0,2.25,500000.0
2418,0.02,2305.0,2.25,500000.0
2419,0.02,2306.0,2.25,500000.0
2420,0.02,2307.0,2.25,500000.0
2421,0.02,2308.0,2.25,500000.0
2422,0.02,2309.0,2.25,500000.0
2423,0.02,2310.0,2.25,500000.0
2424,0.02,2311.0,2.25,500000.0
2425,0.02,2312.0,2.25,500000.0
2426,0.02,2313.0,2.25,500000.0
2427,0.02,2314.0,2.25,500000.0
2428,0.02,2315.0,2.25,500000.0
2429,0.02,2316.0,2.25,500000.0
2430,0.02,2317.0,2.25,500000.0
2431,0.02,2318.0,2.25,500000.0
2432,0.02,2319.0,2.25,500000.0
2433,0.02,2320.0,2.25,500000.0
2434,0.02,2321.0,2.25,500000.0
2435,0.02,2322.0,2.25,500000.0
2436,0.02,2323.0,2.25,500000.0
2437,0.02,2324.0,2.25,500000.0
2438,0.02,2325.0,2.25,500000.0
2439,0.02,2326.0,2.25,500000.0
2440,0.02,2327.0,2.25,500000.0
2441,0.02,2328.0,2.25,500000.0
2442,0.02,2329.0,2.25,500000.0
2443,0.02,2330.0,2.25,500000.0
2444,0.02,2331.0,2.25,500000.0
2445,0.02,2332.0,2.25,500000.0
2446,0.02,2333.0,2.25,500000.0
2447,0.02,2334.0,2.25,500000.0
2448,0.02,2335.0,2.25,500000.0
2449,0.02,2336.0,2.25,500000.0
2450,0.02,2337.0,2.25,500000.0
2451,0.02,2338.0,2.25,500000.0
2452,0.02,2339.0,2.25,500000.0
2453,0.02,2340.0,2.25,500000.0
2454,0.02,2341.0,2.25,500000.0
2455,0.02,2342.0,2.25,500000.0
2456,0.02,2343.0,2.25,500000.0
2457,0.02,2344.0,2.25,500000.0
2458,0.02,2345.0,2.25,500000.0
2459,0.02,2346.0,2.25,500000.0
2460,0.02,2347.0,2.25,500000.0
2461,0.02,2348.0,2.25,500000.0
2462,0.02,2349.0,2.25,500000.0
2463,0.02,2350.0,2.25,500000.0
2464,0.02,2351.0,2.25,500000.0
2465,0.02,2352.0,2.25,500000.0
2466,0.02,2353.0,2.25,500000.0
2467,0.02,2354.0,2.25,500000.0
2468,0.02,2355.0,2.25,500000.0
2469,0.02,2356.0,2.25,500000.0
2470,0.02,2357.0,2.25,500000.0
2471,0.02,2358.0,2.25,500000.0
2472,0.02,2359.0,2.25,500000.0
2473,0.02,2360.0,2.25,500000.0
2474,0.02,2361.0,2.25,500000.0
2475,0.02,2362.0,2.25,500000.0
2476,0.02,2363.0,2.25,500000.0
2477,0.02,2364.0,2.25,500000.0
2478,0.02,2365.0,2.25,500000.0
2479,0.02,2366.0,2.25,500000.0
2480,0.02,2367.0,2.25,500000.0
2481,0.02,2368.0,2.25,500000.0
2482,0.02,2369.0,2.25,500000.0
2483,0.02,2370.0,2.25,500000.0
2484,0.02,2371.0,2.25,500000.0
2485,0.02,2372.0,2.25,500000.0
2486,0.02,2373.0,2.25,500000.0
2487,0.02,2374.0,2.25,500000.0
2488,0.02,2375.0,2.25,500000.0
2489,0.02,2376.0,2.25,500000.0
2490,0.02,2377.0,2.25,500000.0
2491,0.02,2378.0,2.25,500000.0
2492,0.02,2379.0,2.25,500000.0
2493,0.02,2380.0,2.25,500000.0
2494,0.02,2381.0,2.25,500000.0
2495,0.02,2382.0,2.25,500000.0
2496,0.02,2383.0,2.25,500000.0
2497,0.02,2384.0,2.25,500000.0
2498,0.02,2385.0,2.25,500000.0
2499,0.02,2386.0,2.25,500000.0
2500,0.02,2387.0,2.25,500000.0
2501,0.02,2388.0,2.25,500000.0
2502,0.02,2389.0,2.25,500000.0
2503,0.02,2390.0,2.25,500000.0
2504,0.02,2391.0,2.25,500000.0
2505,0.02,2392.0,2.25,500000.0
2506,0.02,2393.0,2.25,500000.0
2507,0.02,2394.0,2.25,500000.0
2508,0.02,2395.0,2.25,500000.0
2509,0.02,2396.0,2.25,500000.0
2510,0.02,2397.0,2.25,500000.0
2511,0.02,2398.0,2.25,500000.0
2512,0.02,2399.0,2.25,500000.0
2513,0.02,2400.0,2.25,500000.0
2514,0.02,2401.0,2.25,500000.0
2515,0.02,2402.0,2.25,500000.0
2516,0.02,2403.0,2.25,500000.0
2517,0.02,2404.0,2.25,500000.0
2518,0.02,2405.0,2.25,500000.0
2519,0.02,2406.0,2.25,500000.0
2520,0.02,2407.0,2.25,500000.0
2521,0.02,2408.0,2.25,500000.0
2522,0.02,2409.0,2.25,500000.0
2523,0.02,2410.0,2.25,500000.0
2524,0.02,2411.0,2.25,500000.0
2525,0.02,2412.0,2.25,500000.0
2526,0.02,2413.0,2.25,500000.0
2527,0.02,2414.0,2.25,500000.0
2528,0.02,2415.0,2.25,500000.0
2529,0.02,2416.0,2.25,500000.0
2530,0.02,2417.0,2.25,500000.0
2531,0.02,2418.0,2.25,500000.0
2532,0.02,2419.0,2.25,500000.0
2533,0.02,2420.0,2.25,500000.0
2534,0.02,2421.0,2.25,500000.0
2535,0.02,2422.0,2.25,500000.0
2536,0.02,2423.0,2.25,500000.0
2537,0.02,2424.0,2.25,500000.0
2538,0.02,2425.0,2.25,500000.0
2539,0.02,2426.0,2.25,500000.0
2540,0.02,2427.0,2.25,500000.0
2541,0.02,2428.0,2.25,500000.0
2542,0.02,2429.0,2.25,500000.0
2543,0.02,2430.0,2.25,500000.0
2544,0.02,2431.0,2.25,500000.0
2545,0.02,2432.0,2.25,500000.0
2546,0.02,2433.0,2.25,500000.0
2547,0.02,2434.0,2.25,500000.0
2548,0.02,2435.0,2.25,500000.0
2549,0.02,2436.0,2.25,500000.0
2550,0.02,2437.0,2.25,500000.0
2551,0.02,2438.0,2.25,500000.0
2552,0.02,2439.0,2.25,500000.0
2553,0.02,2440.0,2.25,500000.0
2554,0.02,2441.0,2.25,500000.0
2555,0.02,2442.0,2.25,500000.0
2556,0.02,2443.0,2.25,500000.0
2557,0.02,2444.0,2.25,500000.0
2558,0.02,2445.0,2.25,500000.0
2559,0.02,2446.0,2.25,500000.0
2560,0.02,2447.0,2.25,500000.0
2561,0.02,2448.0,2.25,500000.0
2562,0.02,2449.0,2.25,500000.0
2563,0.02,2450.0,2.25,500000.0
2564,0.02,2451.0,2.25,500000.0
2565,0.02,2452.0,2.25,500000.0
2566,0.02,2453.0,2.25,500000.0
2567,0.02,2454.0,2.25,500000.0
2568,0.02,2455.0,2.25,500000.0
2569,0.02,2456.0,2.25,500000.0
2570,0.02,2457.0,2.25,500000.0
2571,0.02,2458.0,2.25,500000.0
2572,0.02,2459.0,2.25,500000.0
2573,0.02,2460.0,2.25,500000.0
2574,0.02,2461.0,2.25,500000.0
2575,0.02,2462.0,2.25,500000.0
2576,0.02,2463.0,2.25,500000.0
2577,0.02,2464.0,2.25,500000.0
2578,0.02,2465.0,2.25,500000.0
2579,0.02,2466.0,2.25,500000.0
2580,0.02,2467.0,2.25,500000.0
2581,0.02,2468.0,2.25,500000.0
2582,0.02,2469.0,2.25,500000.0
2583,0.02,2470.0,2.25,500000.0
2584,0.02,2471.0,2.25,500000.0
2585,0.02,2472.0,2.25,500000.0
2586,0.02,2473.0,2.25,500000.0
2587,0.02,2474.0,2.25,500000.0
2588,0.02,2475.0,2.25,500000.0
2589,0.02,2476.0,2.25,500000.0
2590,0.02,2477.0,2.25,500000.0
2591,0.02,2478.0,2.25,500000.0
2592,0.02,2479.0,2.25,500000.0
2593,0.02,2480.0,2.25,500000.0
2594,0.02,2481.0,2.25,500000.0
2595,0.02,2482.0,2.25,500000.0
2596,0.02,2483.0,2.25,500000.0
2597,0.02,2484.0,2.25,500000.0
2598,0.02,2485.0,2.25,500000.0
2599,0.02,2486.0,2.25,500000.0
2600,0.02,2487.0,2.25,500000.0
2601,0.02,2488.0,2.25,500000.0
2602,0.02,2489.0,2.25,500000.0
2603,0.02,2490.0,2.25,500000.0
2604,0.02,2491.0,2.25,500000.0
2605,0.02,2492.0,2.25,500000.0
2606,0.02,2493.0,2.25,500000.0
2607,0.02,2494.0,2.25,500000.0
2608,0.02,2495.0,2.25,500000.0
2609,0.02,2496.0,2.25,500000.0
2610,0.02,2497.0,2.25,500000.0
2611,0.02,2498.0,2.25,500000.0
2612,0.02,2499.0,2.25,500000.0
2613,0.02,2500.0,2.25,500000.0
