,Simulation Number,ExitSlit.openingHeight,SU.photonEnergy,PG.orderDiffraction,SU.numberRays,PG.cFactor,SourcePhotonFlux,NumberRaysSurvived,PercentageRaysSurvived,PhotonEnergy,Bandwidth,HorizontalFocusFWHM,VerticalFocusFWHM,PhotonFlux1,PhotonFlux3,PhotonFlux5,EnergyPerMilPerBw,FluxPerMilPerBwPerc,FluxPerMilPerBwAbs1,FluxPerMilPerBwAbs3,FluxPerMilPerBwAbs5,AXUVCurrentAmp1,AXUVCurrentAmp3,AXUVCurrentAmp5,GaAsPCurrentAmp1,GaAsPCurrentAmp3,GaAsPCurrentAmp5
0,0,0.02,500,2,100000.0,1.17577026432641,,1252.4,0.0002032782699839,500.0,0.0307442302140031,0.0221672262429007,0.0067395586306166,4370482804.656275,3093652166.289866,2561306201.7985606,16.441176841609302,0.0033468029001633,71956262353.5136,50934337659.65283,42169716542.05913,9.483560448826609e-08,6.712951094418216e-08,5.5578075188472226e-08,5.303057238366444e-08,3.75377624091162e-08,3.1078381955077765e-08
1,1,0.02,520,2,100000.0,1.18413280440169,,1225.9,1.882118160548569e-05,520.0,0.0322905860224067,0.0209787520531823,0.0068281334500164,400264818.668387,286081960.40338254,237146888.2291197,16.22425917807342,0.0003053051468209,6492839386.620829,4640638231.679508,3846844849.944856,9.040144021640811e-09,6.461277642746226e-09,5.356059098592267e-09,5.082043796877969e-09,3.6322978799473653e-09,3.010983768903737e-09
2,2,0.02,540,2,100000.0,1.19462031821519,,1160.6,8.896688125435631e-06,540.0,0.0316657874790962,0.0208099471058798,0.0069303127702739,186944588.63479203,134187647.16696218,112098270.38048896,17.25397569636348,0.0001534421844804,3224254425.073827,2314349499.645278,1933371524.4547489,4.38800931486895e-09,3.1496854228782647e-09,2.6311981438051584e-09,2.4827726664620362e-09,1.78211856783846e-09,1.4887540938778052e-09
3,3,0.02,560,2,100000.0,1.20514112000624,,1185.2,0.0044809913616912,560.0,0.0335936449380369,0.02124552167502,0.006940239021534,93020619618.01688,67214870425.370094,56460491157.31087,16.731024499079705,0.0749554279077007,1555995043265.6506,1124331418615.512,944438391637.0304,2.256090530380851e-06,1.630206649774693e-06,1.3693735858107422e-06,1.2896013189560823e-06,9.318405522341906e-07,7.827460638767201e-07
4,4,0.02,580,2,100000.0,1.21534946177801,,1198.6,0.0107990563768467,580.0,0.0353532392718306,0.0205255908402197,0.0071153782738241,221380655725.35876,161412941288.38727,136068110348.26926,16.604700137112264,0.1792483137029153,3674590430909.7646,2679215343092.716,2258528752656.734,5.565166095316258e-06,4.057670826116851e-06,3.420541112243164e-06,3.186754606016478e-06,2.323524756198984e-06,1.958688196868665e-06
5,5,0.02,600,2,100000.0,1.21985929056978,,1213.4,0.0040868412934873,600.0,0.0351194992009368,0.0211376694178261,0.0070333566503426,82354570326.34746,60893935272.96275,51267589537.80471,17.17319499725877,0.0701793928992045,1414195789101.955,1045672954198.1488,880368982006.2773,2.143871272618464e-06,1.5852035654009958e-06,1.3346085346684265e-06,1.2235752910394604e-06,9.047259220574944e-07,7.617033947360911e-07
6,6,0.02,620,2,100000.0,1.22668718395639,,1215.0,0.0042893940993995,620.0,0.0329820418589633,0.0200977920017264,0.0069361404582507,85347203891.84746,63530305871.91628,53617426242.49498,18.98767583471271,0.0814925850948201,1621479424503.0747,1206988385164.182,1018657313685.2522,2.297191811094693e-06,1.7099716423076377e-06,1.44315814554762e-06,1.3067074317396765e-06,9.72680053217978e-07,8.209090180693624e-07
7,7,0.02,640,2,100000.0,1.23422873606346,,1233.0,0.0048511562395052,640.0,0.0370393758924478,0.0208129987071649,0.0067164016975385,94807948756.71736,71311996720.72778,60639452993.81614,17.55528291147217,0.0851048174838203,1663235067394.7046,1251040817012.1594,1063810218547.7544,2.6364861751055738e-06,1.9830942018988846e-06,1.686304593451433e-06,1.4949125006577909e-06,1.1244330959869027e-06,9.561505918255978e-07
8,8,0.02,660,2,100000.0,1.24231942993718,,1251.0,0.0055827969313677,660.0,0.0363550983582399,0.0210625874112866,0.0070776090504922,107689249123.68704,81928065508.42447,69406538391.53976,18.396658603527897,0.102828011569094,1983498861034.9773,1509010657471.61,1278380070139.4114,3.0896492661044686e-06,2.3505502130554367e-06,1.991302401579328e-06,1.7560444309519795e-06,1.335967372281479e-06,1.1317839636353224e-06
9,9,0.02,680,2,100000.0,1.25043238280315,,1244.0,0.0062986640137735,680.0,0.0406651456414351,0.0184795274847551,0.0068803096071374,119268911144.18774,91690466978.8341,78103433770.79274,16.940116125425583,0.1067232598610124,2020867753788.188,1553584301807.692,1323368422276.5552,3.5272569830234544e-06,2.711652490369322e-06,2.309829774777514e-06,2.0072486985529527e-06,1.5431143685924916e-06,1.3144499625674696e-06
10,10,0.02,700,2,100000.0,1.25848494585637,,1250.2,0.007351408003335,700.0,0.0409110376695593,0.019213188201764,0.0071801707816838,136601638365.47684,106595416048.35962,91088794108.2403,17.253386217892828,0.1267873697103239,2355924527467.7085,1838416860799.6968,1570979138939.0432,4.160972088906329e-06,3.2469636256916046e-06,2.7746221380044e-06,2.368303915377959e-06,1.848076964591327e-06,1.5792339705064798e-06
11,11,0.02,720,2,100000.0,1.266694990595,,1234.0,0.0084766100738604,720.0,0.0394788083051366,0.0175780775509882,0.0071082597614173,154510000203.75787,122242903339.21793,104430830199.46274,18.493147977170278,0.157034962263199,2862402757690.3555,2264632859781.349,1934652099907.0276,4.842725099809132e-06,3.831394573125982e-06,3.2731201989121705e-06,2.751251341326425e-06,2.1766937501530087e-06,1.859526640885449e-06
12,12,0.02,740,2,100000.0,1.27448555561608,,1258.2,0.0104512634249498,740.0,0.0425724268123189,0.0201247269468551,0.0072360016669888,186804984466.3885,149486906212.20575,128018602880.59584,17.474197737495675,0.1826424962768775,3264536285484.3486,2612379058987.8374,2237206761449.729,6.019559927275648e-06,4.817030941962444e-06,4.125241379651222e-06,3.409640271858414e-06,2.7284955858785847e-06,2.3366474142838908e-06
13,13,0.02,760,2,100000.0,1.28257035434233,,1252.5,0.0121990747695583,760.0,0.0423567910138103,0.0186625948297438,0.0069238150451974,213728069323.422,173226861727.72906,148564294287.17657,18.105786234170445,0.2210049112550446,3872011106236.12,3138269739821.634,2691469582311.15,7.076384517305947e-06,5.735418310716315e-06,4.918858225998355e-06,3.993379545883678e-06,3.236639008675708e-06,2.7758338712042945e-06
14,14,0.02,780,2,100000.0,1.29084637328192,,1250.7,0.0140276443465656,780.0,0.0424705778459837,0.0183615330453879,0.0067391406472921,240325277934.6194,198733987465.56763,169840353990.0479,18.43786132007605,0.2585672585264442,4429842013022.92,3663202533900.926,3130615065038.9795,8.16849625340265e-06,6.754835970596043e-06,5.772760598332536e-06,4.592907789054613e-06,3.7980477410653674e-06,3.245855331742922e-06
15,15,0.02,800,2,100000.0,1.29941365924252,,1280.9,0.0165768202401579,800.0,0.043278973957183,0.0192138348642606,0.007390140876201,277035789123.14264,232893487183.82983,200579524905.9119,18.700133683727834,0.3101949428493756,5184052160142.494,4358036155327.9,3753358808477.445,9.661255602461229e-06,8.1218513858921e-06,6.9949448223632805e-06,5.417574318209941e-06,4.554349382218766e-06,3.922433582781612e-06
16,16,0.02,820,2,100000.0,1.30778091275259,,1270.9,0.0187484821592396,820.0,0.0431232237083235,0.0189356830034578,0.007110338540603,306694204053.4246,261192278822.8598,226218994498.93024,19.225933706785685,0.3603745231025895,5895132021106.665,5020515373959.404,4348275319936.895,1.0965762828122603e-05,9.338854612359829e-06,8.088394916193203e-06,6.128246094661402e-06,5.219044055925744e-06,4.52022128639512e-06
17,17,0.02,840,2,100000.0,1.31630553599908,,1313.5,0.0221516040116969,840.0,0.0436123956278492,0.0190665571297604,0.0070729988708692,352309212653.7216,305989385311.28705,265713176049.91116,19.759334844818063,0.4381893144001049,6969162696663.252,6052892553174.096,5256173520387.205,1.2908218577921116e-05,1.1211111507333714e-05,9.735435896355792e-06,7.183650590779591e-06,6.239180667478612e-06,5.417941244655959e-06
18,18,0.02,860,2,100000.0,1.32489377407417,,1317.8,0.0254333561503718,860.0,0.0454746557072894,0.0195704235541325,0.0069540011453248,392959718443.53296,350864721175.3491,303278358394.55835,19.134314395766623,0.4866013418143866,7518265585677.755,6712886931234.161,5802445232376.404,1.4743115433875757e-05,1.3163789679135072e-05,1.1378438136401054e-05,8.165905790356446e-06,7.291150018190205e-06,6.302280836094891e-06
19,19,0.02,880,2,100000.0,1.33329262758449,,1325.1,0.0287667879781541,880.0,0.0481519435826498,0.0186946516973498,0.007119570133173,431406130389.2072,393457488886.0247,340991577633.27405,18.570859634524208,0.5342028103920382,8011265194059.242,7306554228171.948,6332255767659.674,1.6566827263153078e-05,1.510952625519718e-05,1.3094734096022093e-05,9.125363674402326e-06,8.322651032480348e-06,7.212860311012554e-06
20,20,0.02,900,2,100000.0,1.3422067252821,,1312.8,0.0316533246104409,900.0,0.0472452943560483,0.0181493840782713,0.0072788017558581,461681582559.4352,429204119973.0778,372967216925.613,19.214588305401914,0.6086037792359346,8876829192741.93,8252379574469.261,7171103210977.185,1.8135068253825065e-05,1.6859338350436904e-05,1.4650326525672972e-05,9.929191364666312e-06,9.230712254299764e-06,8.021248863928156e-06
21,21,0.02,920,2,100000.0,1.35104631264484,,1335.3,0.035622509466354,920.0,0.0483961080838184,0.018405043136862,0.0072911018505173,505048116808.4256,478822221844.8029,417214338257.0256,19.220702286558424,0.6841818094341535,9700179453546.7,9196473214456.8,8013204716533.982,2.0284593215870185e-05,1.9231264645077763e-05,1.6756865046548458e-05,1.103170749775402e-05,1.0458858312742114e-05,9.113164449767388e-06
22,22,0.02,940,2,100000.0,1.36010248136541,,1328.2,0.0388887599184146,940.0,0.0553054262615432,0.0178979931799819,0.0072620070277869,531609246998.4115,518138255899.44025,452716502347.6812,17.068990764327197,0.6637020077541251,9072804720791.08,8842899631053.533,7726367520639.35,2.181874915235331e-05,2.1265861524303995e-05,1.858076746713238e-05,1.178131039308938e-05,1.1482771704502578e-05,1.0032921105768026e-05
23,23,0.02,960,2,100000.0,1.36926953155921,,1347.0,0.0433916915636829,960.0,0.0542011221142387,0.0184397531307124,0.0068575906049875,571950557276.9493,573014857882.8508,503343622138.72327,17.79816473117304,0.772123873666661,10177447891893.146,10196386354003.305,8956636934533.268,2.3980085596591725e-05,2.4024708369146637e-05,2.1103612873202384e-05,1.2847884459611008e-05,1.287179214016301e-05,1.1306747792168024e-05
24,24,0.02,980,2,100000.0,1.37836355581004,,1336.7,0.0470849568128295,980.0,0.0514027623759261,0.0174372430119467,0.0071854325596871,599260373180.777,616812934248.0684,546174352344.2952,19.245583747899232,0.9058897507249924,11529453711470.354,11867155734497.402,10508106652074.965,2.5651362516412517e-05,2.640270054438644e-05,2.3379013424143014e-05,1.3631977624625554e-05,1.403126336156516e-05,1.2424376587396583e-05
25,25,0.02,1000,2,100000.0,1.38719560853008,,1350.9,0.052089731282857,1000.0,0.0537711281113956,0.0178294650378645,0.0072527189974692,634105197121.9075,680797579687.4956,600541730934.7979,18.749961636030584,0.975789188384198,11878598341961.912,12753279799617.932,11249858922051.36,2.7696833161763573e-05,2.97362914972481e-05,2.6230827635339617e-05,1.459400633656636e-05,1.5668637060497437e-05,1.3821539180588076e-05
26,26,0.02,1020,2,100000.0,1.39664356222928,,1359.3,0.0568967436253989,1020.0,0.0553631056168228,0.0188629937549689,0.0075060469740749,666797602630.9702,736912058602.1892,651934651320.9243,18.61455769848627,1.0588282021682205,12408866691074.684,13713671828092.545,12132272443113.111,2.97160053752022e-05,3.284067400373239e-05,2.905363415599264e-05,1.5518650203781234e-05,1.7150452286081095e-05,1.5172738728595432e-05
27,27,0.02,1040,2,100000.0,1.40604835471862,,1369.3,0.0616920374782743,1040.0,0.0551187276392056,0.0166651024564742,0.0065774675259335,688824950138.8242,791742063460.2853,702513662287.7289,19.098442381870797,1.177070296186964,13142626199797.797,15106261735464.137,13403803770229.049,3.129957463668755e-05,3.597603397392308e-05,3.192157717521121e-05,1.620516744824496e-05,1.862637628269289e-05,1.652720554004044e-05
28,28,0.02,1060,2,100000.0,1.4155721082738,,1385.6,0.0675449917850966,1060.0,0.0550697309829956,0.0175816832142151,0.0067484709888545,717550834130.0916,858889743037.4539,764383032766.8396,19.51724211438013,1.3197966285315073,14020597925275.328,16782292175675.951,14935676545229.145,3.323552475189424e-05,3.978206136221155e-05,3.5404698868825266e-05,1.705315773897307e-05,2.041218764125678e-05,1.8166161630305167e-05
29,29,0.02,1080,2,100000.0,1.42522230999383,,1370.0,0.0719628807942412,1080.0,0.0590493140123043,0.0182199667477499,0.006891842344716,723481312841.3536,906577793566.4662,809285335360.8152,18.52649115069557,1.3344924956455837,13416366494375.549,16811740287225.871,15007531590667.656,3.4147488386044785e-05,4.2789432328634873e-05,3.8197339861754896e-05,1.7356747663108546e-05,2.17493413038041e-05,1.9415237275647518e-05
30,30,0.02,1100,2,100000.0,1.43421228863291,,1395.4,0.0784560054390648,1100.0,0.0547319208704947,0.017857543298272,0.0070966550657773,746601971466.5535,979122248207.1608,876753207390.2157,20.31272840825409,1.594823586569858,15176638514934.41,19903221516788.69,17822302918961.312,3.589527396269999e-05,4.707442879280591e-05,4.215271025219572e-05,1.80688232901472e-05,2.369614273527189e-05,2.1218667213381837e-05
31,31,0.02,1120,2,100000.0,1.44409865044327,,1379.9,0.0826258739770215,1120.0,0.0596850875629115,0.0171768704183009,0.0072418785319297,739498285474.9792,1021414879071.9204,917503749867.7174,19.05822191789517,1.5767644543449777,14111979147237.494,19491844345362.914,17508889526808.13,3.620282721050493e-05,5.000431658002899e-05,4.491725048438287e-05,2.265425409201965e-05,3.1290663762664977e-05,2.8107385085461952e-05
32,32,0.02,1140,2,100000.0,1.45381420065885,,1401.0,0.0886095286031659,1140.0,0.056952968713358,0.0177166807749776,0.0072459439398323,741957951030.886,1084931612941.8997,977676494469.9816,20.25869091181492,1.7943596181379848,15024788041121.06,21970069194507.586,19798132875034.387,3.697593728100798e-05,5.4068243649905385e-05,4.872311792118383e-05,2.310323093115301e-05,3.3782811496903294e-05,3.044308076531397e-05
33,33,0.02,1160,2,100000.0,1.46375114566509,,1403.8,0.0947721103398527,1160.0,0.0597463907978862,0.0168554232225154,0.0071945263291338,737490756566.6685,1149206358663.4617,1038963762736.3405,19.569808718411384,1.854886115088774,14434218668934.553,22492344112761.65,20334668613680.03,3.739810680338667e-05,5.827617737272893e-05,5.268578272702685e-05,2.384286326687428e-05,3.715350983190043e-05,3.3589398529526416e-05
34,34,0.02,1180,2,100000.0,1.47374179461199,,1395.2,0.099891704313041,1180.0,0.0605149721366842,0.0173638943089144,0.0070696212718232,717233662800.2507,1199502950789.3467,1088018490461.616,19.64158278083658,1.9616793768991976,14085078379721.27,23555912047703.445,21366573421702.098,3.700337884472538e-05,6.188452162177112e-05,5.613283715021323e-05,2.357901864339068e-05,3.943359592052635e-05,3.5768550197138426e-05
35,35,0.02,1200,2,100000.0,1.48319437300648,,1410.6,0.1068431021050482,1200.0,0.0604121308109824,0.0172664386763849,0.0073383433705783,702166050773.5359,1270371947897.8704,1156170825354.5105,20.253281271648994,2.167122320234972,14242189632854.863,25767235778899.883,23450869099315.15,3.684001378187263e-05,6.665164175497301e-05,6.065993804932122e-05,2.3460824368546403e-05,4.244576210929992e-05,3.863006569998332e-05
36,36,0.02,1220,2,100000.0,1.49333246877473,,1394.4,0.1115369075930357,1220.0,0.0593095881038379,0.0156755274678354,0.0068188616803338,664194922104.7408,1313024296721.8682,1199069024583.0564,20.747777014976,2.313430271446115,13776324555674.182,27233946329800.14,24870355821098.727,3.543250304396839e-05,7.004530724651557e-05,6.396618740901408e-05,2.254266821787817e-05,4.456383223951574e-05,4.069620873621811e-05
37,37,0.02,1240,2,100000.0,1.50355521895399,,1420.5,0.1197777873909961,1240.0,0.059768149559386,0.0173000766406238,0.0070736644532138,652788941280.9294,1395907357703.9824,1279184277690.241,20.865681909673327,2.4995322903199613,13622450982243.787,29129904558068.324,26694118141613.973,3.539362229241728e-05,7.568482651809949e-05,6.935620734954028e-05,2.2493829986800137e-05,4.8100236992225646e-05,4.407818797863053e-05
38,38,0.02,1260,2,100000.0,1.5138667440428,,1406.7,0.1248917954531785,1260.0,0.0646493092241143,0.0170614193331362,0.0070820062080575,680660285219.8234,1440774016425.3809,1324960466159.7463,19.665773445621927,2.455557641930098,13382789148519.031,28327750702038.79,26050684803819.32,3.750276776158928e-05,7.938323200020844e-05,7.300217999295857e-05,2.379980996873442e-05,5.037777073733648e-05,4.6328260948122906e-05
39,39,0.02,1280,2,100000.0,1.52426622902487,,1402.2,0.1308699921203214,1280.0,0.0652978588864243,0.0161591551648993,0.0068632625123926,713241457055.752,1494301627548.8467,1379119628739.8755,19.82316148011505,2.5936791802747594,14135551532497.438,29615184945230.145,27332422125327.21,3.991876405660509e-05,8.36332121603816e-05,7.718669536226441e-05,2.529413385591664e-05,5.29933657310951e-05,4.890859350305788e-05
40,40,0.02,1300,2,100000.0,1.53429754702107,,1416.2,0.1387226387285668,1300.0,0.0688546952875639,0.0167040397338087,0.0069184924829948,756038381070.6895,1567600575306.7546,1452052951688.3848,18.98160211780032,2.631440460978084,14341350512330.553,29735936530057.176,27544104722747.18,4.29767576335335e-05,8.910974849681206e-05,8.25414811446376e-05,2.7180079777058783e-05,5.635627735599981e-05,5.22022638738414e-05
41,41,0.02,1320,2,100000.0,1.5451051452317,,1432.8,0.1470130936216123,1320.0,0.0633621796133865,0.017776285608585,0.0070086279441572,801221360237.7878,1629241254862.9575,1528426323857.7554,21.246366239708603,3.1287101737294174,17051470446825.328,34673263203816.05,32527735261171.387,4.624078095640052e-05,9.40281821354468e-05,8.820986353699774e-05,2.955881945834088e-05,6.010629583350393e-05,5.6387011136196986e-05
42,42,0.02,1340,2,100000.0,1.55521345874571,,1417.7,0.1521153820746329,1340.0,0.0654750787040483,0.0176752606543237,0.0069879088244499,829028832306.7498,1667842158513.428,1570705987898.779,20.679103649699627,3.1466193769292827,17149075604264.594,34500550713951.04,32491217058878.6,4.856878379134759e-05,9.771079368800196e-05,9.202005594155704e-05,3.16070956150683e-05,6.35872294432704e-05,5.9883869424106686e-05
43,43,0.02,1360,2,100000.0,1.56621058572968,,1437.9,0.1611029352740524,1360.0,0.0654057135913262,0.0161847687396535,0.0069701227912073,878010997243.586,1747380269579.0293,1652106689302.5032,20.930375023868702,3.374566618014323,18391388068178.062,36601760959025.72,34606098725851.887,5.219658330026093e-05,0.000103879427575,9.82155402378786e-05,3.415946579791645e-05,6.79827208793824e-05,6.427605363134316e-05
44,44,0.02,1380,2,100000.0,1.57645288509541,,1426.8,0.1667228389334891,1380.0,0.0677637141054673,0.0159654526733354,0.0071330946029033,908639472187.5162,1788668409049.1497,1697938327737.309,20.47858340600895,3.414195035386676,18607362942857.383,36628831665737.2,34770836713415.805,5.479570684394702e-05,0.0001078660489481,0.0001023945510773,3.584122122245822e-05,7.055390185506158e-05,6.6975060064268e-05
45,45,0.02,1400,2,100000.0,1.58764002600254,,1428.0,0.1737579203818822,1400.0,0.0703091435874739,0.0168874599983439,0.0069222852285675,946980666081.2588,1843646455945.274,1757286675731.728,20.09081714181445,3.490197327515996,19021575434962.18,37032498543274.91,35297828414605.41,5.792703507540626e-05,0.0001127762970727,0.0001074936485491,3.7853334962136246e-05,7.3695450549635e-05,7.024342052962688e-05
46,46,0.02,1420,2,100000.0,1.59801278952994,,1414.7,0.1789831893137557,1420.0,0.068328999539176,0.0163368182707529,0.0071858040460649,975458381759.9692,1877975165440.182,1791304053495.759,20.97832777767183,3.751348763632373,20444850761796.438,39360902227843.4,37544342975089.234,6.049480729788942e-05,0.0001164660101013,0.0001110909450924,3.949607985229209e-05,7.603877159886718e-05,7.252947871435925e-05
47,47,0.02,1440,2,100000.0,1.6093916073593,,1438.7,0.1889928875989273,1440.0,0.0685128072267388,0.0162868619441175,0.0071575223686056,1030011237414.154,1960707388693.795,1872739719132.2808,21.290133394579733,4.028221926781535,21953809500959.367,41790802794124.5,39915847075539.17,6.475867996005945e-05,0.0001232732398128,0.0001177425524251,4.22248237200137e-05,8.037827243707525e-05,7.677207941182204e-05
48,48,0.02,1460,2,100000.0,1.61989146064109,,1426.6,0.1943138726267304,1460.0,0.0744038604169872,0.0162765005961161,0.0072563001220908,1059010605815.6808,1992987950430.4563,1910337136271.2383,19.734519146664063,3.838196876759197,20918172978337.625,39366618673980.4,37734053317327.21,6.746703643780195e-05,0.0001269685024241,0.0001217030164508,4.393523893708822e-05,8.26832151822094e-05,7.92542757093764e-05
49,49,0.02,1480,2,100000.0,1.63146370843972,,1436.2,0.2026893367178326,1480.0,0.0725834609849698,0.0158264207495458,0.0071720425929183,1104656885112.1882,2042531192244.3445,1976897304910.6567,20.481441321058348,4.148087807936969,22607078553256.48,41800910067975.484,40457696200659.95,7.12998028263705e-05,0.0001318346658011,0.0001275983429313,4.635941955557466e-05,8.57194317735927e-05,8.29649575463699e-05
50,50,0.02,1500,2,100000.0,1.642094071436,,1432.5,0.2093808700635957,1500.0,0.0729629038341726,0.016193638544467,0.0069700930191359,1141125741846.597,2082173070139.4265,2025860469172.8052,20.7666188684818,4.344992409866808,23680208633774.1,43208465907305.67,42039888168061.83,7.459414738755677e-05,0.0001361093867087,0.0001324282932917,4.846058994995634e-05,8.842437923938534e-05,8.603293212327447e-05
51,51,0.02,1520,2,100000.0,1.65386866368164,,1436.5,0.2176729400528738,1520.0,0.0725695873858284,0.0167764033068435,0.0070601615880534,1186317523288.1624,2138182336000.507,2088898136733.5967,21.012960115964717,4.57289826684509,24922295554305.742,44919181484480.58,43883813333732.24,7.851870288953973e-05,0.0001415197030038,0.0001382577336546,5.098406092761698e-05,9.189210843893464e-05,8.977403417225064e-05
52,52,0.02,1540,2,100000.0,1.66576883018961,,1438.5,0.2256753489417576,1540.0,0.0777345166953636,0.0167291732715904,0.0070489368135637,1229930651732.579,2185248718576.2424,2146525792639.012,19.96840099029628,4.511600964109407,24588225254396.27,43686518141118.84,42912386669468.24,8.239450790843616e-05,0.0001463923942141,0.0001437982996424,5.380132856235528e-05,9.55901734239702e-05,9.389630161233789e-05
53,53,0.02,1560,2,100000.0,1.67662025268967,,1422.5,0.2309308127601258,1560.0,0.0737711203617663,0.0168777976694585,0.0070195813123521,1258572929542.686,2206172630741.337,2178119087815.4087,21.320717692350197,4.922902166626549,26829816808114.688,47030415274682.73,46432379674318.49,8.531389541595493e-05,0.0001495480926615,0.0001476464491643,5.565779095564377e-05,9.756343252867942e-05,9.632282247654674e-05
54,54,0.02,1580,2,100000.0,1.68872777614473,,1435.5,0.2408052501399159,1580.0,0.0746744869990379,0.016232364278121,0.007262462790991,1312388613262.542,2268026048040.735,2251937762004.908,21.36454452115086,5.151260156188949,28074367851229.77,48517182277722.73,48173024719739.37,8.997947078544371e-05,0.0001554995078956,0.0001543964691701,5.865319115021595e-05,0.0001013624805831,0.0001006434638935
55,55,0.02,1600,2,100000.0,1.69972180784833,,1427.9,0.247427430868373,1600.0,0.0793003529287033,0.0158045460557926,0.0071082138215111,1348479498232.6333,2297084591567.9443,2292851362925.577,20.332389513819805,5.031903912066439,27423876320762.09,46715551715877.85,46629461019743.48,9.349286384420684e-05,0.0001592616107545,0.0001589681122849,6.088355862621096e-05,0.0001037128740802,0.0001035217447197
56,56,0.02,1620,2,100000.0,1.7120423565671,,1430.7,0.2559428286375507,1620.0,0.070903005106129,0.0157126210746226,0.0069819800543969,1394888416074.6511,2342929254225.3857,2351690616378.251,23.09558292636328,5.906942622970261,32192837295187.92,54072812854571.15,54275017635269.79,9.774920859235368e-05,0.0001641848034216,0.0001647987709668,6.360350262526338e-05,0.0001068318478055,0.0001072313445067
57,57,0.02,1640,2,100000.0,1.72316997258232,,1426.3,0.2634009285091725,1640.0,0.0733341437252647,0.0152924782194362,0.0066018197899392,1435535060374.9907,2374388547954.37,2398764683074.833,22.642889367758794,5.953747133047507,32447921875108.914,53669169239970.53,54220151901306.08,0.0001016584830195,0.0001681440910408,0.0001698703051798,6.608303842780948e-05,0.0001093019696892,0.0001104240941976
58,58,0.02,1660,2,100000.0,1.73570025312257,,1427.7,0.2721535652788561,1660.0,0.0725092912285617,0.0153674764929464,0.0072665503467314,1483236930769.766,2417344545136.169,2455358927037.081,23.133578783489178,6.2920467748410855,34291654922883.92,55887729904692.17,56766602348608.64,0.0001060926036579,0.0001729072216391,0.0001756263049282,6.891020018257431e-05,0.0001123082179655,0.0001140743408366
59,59,0.02,1680,2,100000.0,1.74696458987926,,1444.1,0.2827758539605826,1680.0,0.0760444034979627,0.015401014565517,0.0070051666629699,1541128404085.1755,2472827061829.4463,2527175592025.0493,22.4125192249712,6.335699072348054,34529559944296.89,55404617835205.58,56622317039437.336,0.0001113126727611,0.0001786074338769,0.0001825329212929,7.223745929470874e-05,0.0001159090597176,0.000118456543579
60,60,0.02,1700,2,100000.0,1.75971452816092,,1410.2,0.2836689713522358,1700.0,0.077476455376859,0.0166536786748488,0.0072853250438573,1545995893869.6853,2443828136279.2,2512433124498.767,22.400439081852856,6.36052045771107,34664836494525.324,54796331025688.87,56334614994469.336,0.0001127072413259,0.0001781616164744,0.0001831631038613,7.308809331614159e-05,0.0001155337731368,0.0001187771244296
61,61,0.02,1720,2,100000.0,1.77259284131932,,1415.5,0.292192284075663,1720.0,0.075467860942831,0.0156800789306155,0.0067817638686244,1592447948212.3638,2477092604403.052,2564618293850.1143,23.083452581171056,6.749296325890275,36783664976102.01,57217910687395.89,59239650638794.11,0.0001171479535995,0.0001822265712409,0.0001886653722188,7.590748509029893e-05,0.0001180759912102,0.00012224809302
62,62,0.02,1740,2,100000.0,1.7840729127297,,1406.0,0.297778376505582,1740.0,0.0818515567761096,0.015747056317453,0.0070011994551192,1622892151955.4224,2485124418873.756,2588356894688.2314,21.42319824605361,6.3843128739635535,34794505163101.363,53280604209753.61,55493889244374.42,0.0001204048084552,0.0001843751165359,0.0001920340891065,7.797605077454737e-05,0.0001194042300553,0.000124364301349
63,63,0.02,1760,2,100000.0,1.79717806739436,,1410.6,0.3061700117256088,1760.0,0.0800590855337076,0.0170166545965929,0.0070733984617855,1668626563904.5686,2512366620407.721,2635294624278.5103,22.17007528742544,6.7811838957993045,36957452232106.21,55644966568185.81,58367628384387.54,0.0001248162260581,0.0001879294785407,0.000197124711226,8.086194005013536e-05,0.0001217497332464,0.0001277068461766
64,64,0.02,1780,2,100000.0,1.80879698312742,,1411.6,0.314115580418784,1780.0,0.0827411265452155,0.0159301092563084,0.007069654628978,1711929913282.3733,2536806792930.308,2677005326574.061,21.64735729390029,6.80060659362289,37063305935244.75,54921901612612.67,57957201775192.42,0.0001290418754843,0.0001912194557507,0.0002017873426608,8.365282233711578e-05,0.0001239601261161,0.0001308108756333
65,65,0.02,1800,2,100000.0,1.82212538377739,,1387.7,0.3162008607319569,1800.0,0.0823879095906931,0.0156177681385038,0.0070239598400812,1723294690989.1653,2511072769403.044,2667920597510.079,22.143699468998125,6.989236791993252,38091340516363.23,55504220155054.11,58971151296266.95,0.0001308411996539,0.0001906532732242,0.0002025619491459,8.488885505793748e-05,0.000123694509985,0.0001314207756179
66,66,0.02,1820,2,100000.0,1.83387836960085,,1385.2,0.3228246085276399,1820.0,0.0797695015146245,0.014956182080916,0.0069988482576666,1759394116475.638,2520133151283.828,2696389260479.892,22.98330815873752,7.420682361263831,40442718868887.89,57929622246152.19,61981173974323.0,0.0001345224792126,0.0001926882420953,0.0002061647045681,8.734778956209972e-05,0.0001251158328343,0.0001338663347207
67,67,0.02,1840,2,100000.0,1.84743958356864,,1378.6,0.3287662831911503,1840.0,0.0843790544327248,0.0149839231817337,0.0072392566640503,1791776243391.77,2521069146395.096,2718093619047.06,21.930685065536924,7.205793356066861,39271573790564.39,55255980415475.67,59574299259603.17,0.000139856115441,0.0001967806744137,0.0002121593119492,8.96327322083706e-05,0.000126115253794,0.0001359713068926
68,68,0.02,1860,2,100000.0,1.86114008778218,,1377.7,0.3355226193354663,1860.0,0.0858960166333872,0.0153823954336997,0.0069595472362643,1828598275378.291,2528830240080.245,2745454700234.757,21.958175216802378,7.369983395630724,40166409506187.45,55547482660553.39,60305786817776.14,0.0001443524958298,0.0001996299360012,0.0002167306201165,9.214867342160308e-05,0.0001274355089739,0.0001383518796731
69,69,0.02,1880,2,100000.0,1.87311874637202,,1348.8,0.3347186658036274,1880.0,0.0863913535538586,0.0159706429739914,0.0070734035180681,1824216728629.7693,2479337666113.045,2710447222132.98,21.89925664215928,7.32943100187025,39945398960192.86,54290770759628.92,59351443252016.17,0.0001456319936777,0.0001979320119421,0.000216382092392,9.25852646857484e-05,0.0001258349024322,0.0001375645062011
70,70,0.02,1900,2,100000.0,1.88705621453883,,1338.0,0.3386849821270828,1900.0,0.0852202261566389,0.0155437595340318,0.0074373488927054,1845833152592.6016,2463459714054.052,2713799307096.8887,22.50774759116609,7.61807210339843,41518492963521.44,55410823378165.84,61041734610657.86,0.0001490377038535,0.0001989065906648,0.0002191197058526,9.433157800396585e-05,0.0001258954753572,0.0001386891175211
71,71,0.02,1936,2,100000.0,1.91089411501287,,1322.7,0.3478989950952483,1936.0,0.0885797915015927,0.01586468741085,0.0068965685635849,1896049523269.103,2447086577502.8784,2734441949008.28,22.11043288018392,7.689553852591395,41908068496623.11,54087549216720.8,60438917387293.484,0.000156169445856,0.0002015559984485,0.0002252242247163,9.805607478073375e-05,0.0001265535005777,0.000141414367581
72,72,0.02,1976,2,100000.0,1.93752271021902,,1254.3,0.3427816580183959,1976.0,0.0845459172056052,0.0152035414453289,0.0070906886536093,1868160036200.257,2322133017326.6826,2635992682435.744,23.590646745026,8.088614145982982,44082947095607.25,54795341388408.64,62201483659061.85,0.0001572289212462,0.0001954363985042,0.0002218515961381,9.78198737561465e-05,0.0001215906315295,0.0001380248300045
73,73,0.02,2016,2,100000.0,1.96452174308398,,1169.8,0.3312294651592236,2016.0,0.0852686749464055,0.0155382867667972,0.0073781022960477,1805200585117.7688,2157913447686.5237,2493095323662.438,23.76568894235776,7.876016530680152,42924290092206.83,51311141590577.14,59281139050500.2,0.00015516438738,0.0001854815032134,0.0002142917589132,9.562466880024898e-05,0.0001143084931589,0.0001320636701416
74,74,0.02,2056,2,100000.0,1.99424960220818,,1032.8,0.3025714901707294,2056.0,0.0806518459415201,0.0158029730557592,0.0071591645219773,1649014621430.476,1892686795878.292,2227007473521.3564,26.182930990533624,7.932917102522792,43234398208749.22,49623074018870.2,58388401578004.0,0.0001447007335879,0.0001660829226476,0.0001954195014019,8.828854633209456e-05,0.0001013347993997,0.0001192343900124
75,75,0.02,2096,2,100000.0,2.02210370595017,,575.5,0.174300948740281,2096.0,0.0854069595896361,0.0153874946056909,0.0069100914631574,949940170634.532,1045076764760.6656,1253293755691.0364,24.78333222428945,4.319592586369721,23541779595714.977,25899490954429.688,31059603833213.97,8.505986046198519e-05,9.357861319121114e-05,0.0001122228486302,5.135883328275695e-05,5.650242508764885e-05,6.775974639524986e-05
76,76,0.02,2136,2,100000.0,2.0503324759798,,88.7,0.0277248781475334,2136.0,0.1056207358059304,0.017759333593781,0.0065327765729275,151100585904.05743,159315428227.19943,194643443485.37445,20.77493848291376,0.5856006968219806,3191523797679.7944,3365036458875.8413,4111229471607.453,1.3798968516517371e-05,1.4549173089894523e-05,1.777543569755997e-05,8.243546812037902e-06,8.691721363044148e-06,1.061910070320152e-05
77,77,0.02,2176,2,100000.0,2.08169409330203,,167.0,0.0537880832033224,2176.0,0.069115181324696,0.011963911430325,0.0057310110484681,293145053458.1075,295661100117.3542,368484153641.2316,37.281666821606514,1.9747132503337148,10762187214318.744,10854558430777.438,13528099485954.49,2.729676560005248e-05,2.7531052125054582e-05,3.431211084964067e-05,1.648948139849966e-05,1.663100964226836e-05,2.0727324324363183e-05
78,78,0.02,2216,2,100000.0,2.11081331072047,,78.0,0.0258531762546104,2216.0,0.1120156735282914,0.0168957208270972,0.0068057152674513,140899810587.6275,135664696179.27869,172719823009.34665,19.90659140688387,0.5159695106168183,2812033832861.66,2707553076118.392,3447087571534.39,1.3372044680664606e-05,1.2875208073966009e-05,1.639191125158457e-05,7.990597882836211e-06,7.693708242365463e-06,9.79514909428502e-06
79,79,0.02,2256,2,100000.0,2.14029939748533,,236.7,0.080632651619348,2256.0,0.0921234267510044,0.0121513268429201,0.0067763479084017,439447951325.4472,404096842130.44586,525799821829.65314,25.94613614251286,2.0882536955252355,11380982640612.535,10465446775986.902,13617354743903.943,4.249181902884826e-05,3.9073591842096426e-05,5.084149512404956e-05,2.475074268487796e-05,2.275968503021953e-05,2.961428322650784e-05
80,80,0.02,2296,2,100000.0,2.17335195265406,,286.0,0.100074550269116,2296.0,0.0963599089199305,0.0137322812547543,0.0064022896871822,545406298966.6824,477921078658.5495,635579658561.8275,24.62309668645623,2.465429408916649,13436590278595.732,11774029254164.762,15658094667562.207,5.371251071638241e-05,4.706645505867271e-05,6.259293170301701e-05,3.074239137231472e-05,2.693851697905941e-05,3.582510625346383e-05
81,81,0.02,2336,2,100000.0,2.20371744188243,,319.9,0.1148556719924061,2336.0,0.0927430455500143,0.014344674553163,0.0071641513450492,625963412358.6135,521412913822.3138,711082359256.5347,26.04709055983061,3.0089942223555908,16399018511837.973,13659999701683.584,18628968630851.43,6.276440097274306e-05,5.228128122089226e-05,7.12991485442482e-05,3.525545434650892e-05,2.936697068232381e-05,4.00495159276407e-05
82,82,0.02,2376,2,100000.0,2.23797359782716,,371.5,0.1366107182212834,2376.0,0.0983880254349969,0.0146919968303643,0.0065704657670987,744528414305.9949,589310647243.6393,823131717594.0837,25.05880777807542,3.419410005127522,18635784527944.992,14750634134351.04,20603250369563.645,7.597751465212907e-05,6.0137877178731e-05,8.399881177460807e-05,4.191008192030323e-05,3.317275342071384e-05,4.633472282951685e-05
83,83,0.02,2416,2,100000.0,2.26922860560693,,392.0,0.1474586448709023,2416.0,0.0996762473000671,0.0132148143519258,0.0070833476644442,803649614546.4177,602791424734.0886,864322559859.2914,24.6962689406654,3.637314183209864,19823362298493.76,14868858998549.156,21319962004240.68,8.344611560196035e-05,6.259021593710455e-05,8.974602730085043e-05,4.540798639349828e-05,3.405905299648718e-05,4.883614242736309e-05
84,84,0.02,2456,2,100000.0,2.30082002163299,,409.9,0.1574252337597211,2456.0,0.1042339096380146,0.0140388691353967,0.0065019044263532,857967523990.4802,609825360345.0853,897946830849.0667,23.94641458434408,3.770904666863094,20551430434403.863,14607526648533.553,21509079670237.92,9.061647840477063e-05,6.440829641123464e-05,9.483899720097668e-05,4.873801947949916e-05,3.464196424749656e-05,5.100909872430316e-05
85,85,0.02,2496,2,100000.0,2.33683453482457,,435.4,0.1690695409574219,2496.0,0.0925393683137826,0.0132683836652997,0.0065927965315059,921428998217.9498,619033154543.1497,938039334076.9398,27.49840796696292,4.644918677776004,25314806793879.223,17006958470563.293,25771149543960.9,9.896309952948771e-05,6.648525258440296e-05,0.0001007470788963,5.2601265851124365e-05,3.533850963640103e-05,5.3549493760257885e-05
86,86,0.02,2536,2,100000.0,2.36926936284905,,437.0,0.1736337073825246,2536.0,0.0957360896029512,0.0138851323647939,0.0065990271683658,946303705234.7596,598875616228.9651,934589113913.4172,26.950122218235425,4.659594583076407,25394790477766.41,16071289494322.469,25080420375977.21,0.0001033211347593,6.53875789624322e-05,0.0001020420899221,5.427478691277637e-05,3.4348218524644944e-05,5.360290224803401e-05
87,87,0.02,2576,2,100000.0,2.40651032556174,,457.9,0.186669479926663,2576.0,0.0966942387648031,0.0136724955849803,0.0067453433698298,1017348665600.3136,606550006240.5216,975687770922.305,27.371229446955347,5.128923947981053,27952635516496.742,16665546257895.344,26807962265720.56,0.000112893116852,6.730762328248592e-05,0.0001082700919147,5.862356548839186e-05,3.4951757657089667e-05,5.622290358157149e-05
88,88,0.02,2616,2,100000.0,2.44447815484697,,433.8,0.1803357870145516,2616.0,0.100759259511642,0.0149231067955852,0.0067680829654927,982830039229.3066,550129219936.31,916123531452.1676,26.87820669824355,4.862478759996472,26500509241980.78,14833393257533.99,24701870255290.33,0.0001108138573919,6.202694107008909e-05,0.0001032927142187,5.685798314383025e-05,3.182568365390525e-05,5.299892578560125e-05
89,89,0.02,2656,2,100000.0,2.47825379676539,,331.4,0.1403286925390887,2656.0,0.1023727124816104,0.0162298728270916,0.006328536985843,764791374338.0338,401598395040.4147,691174424128.689,26.58198651632454,3.718955145371116,20268305542272.586,10643058027440.17,18317327942368.625,8.75921736782833e-05,4.599538847799796e-05,7.9160764924512e-05,4.441395189545609e-05,2.3322140386397306e-05,4.013877333696614e-05
90,90,0.02,2696,2,100000.0,2.51744817183723,,387.3,0.1668622527665708,2696.0,0.1026184247240962,0.0140974399354286,0.0056733851794391,909399277577.8108,446039338975.0053,797098625863.9729,27.33919852491264,4.55080835248092,24801905521021.008,12164761746217.898,21739147255834.93,0.0001057738977705,5.187965353134869e-05,9.271200301562272e-05,5.2930582398548336e-05,2.5961227996016832e-05,4.639424676962391e-05
91,91,0.02,2736,2,100000.0,2.55199416924148,,424.1,0.185443289063519,2736.0,0.102385916608091,0.0146864989990036,0.0068140675153922,1010665925396.1792,462561830178.8211,857754567292.3796,27.754003863016838,5.1323954516429975,27971555211454.336,12802028292866.768,23739525231832.48,0.0001193496836064,5.4623992649863215e-05,0.000101292359469,5.895213239251995e-05,2.698122650344503e-05,5.0032814544021626e-05
92,92,0.02,2776,2,100000.0,2.59237837643355,,448.0,0.1958098064578867,2776.0,0.1070099616947572,0.0137245008242258,0.0069413763493406,1067163445195.4828,455485629397.86816,876887005150.1113,26.3623462171007,5.169933770335265,28176139048327.2,12026111357364.066,23152301831567.016,0.0001279208713815,5.459905778885542e-05,0.0001051124364379,6.210519166413414e-05,2.6507675503101184e-05,5.103176628455483e-05
93,93,0.02,2816,2,100000.0,2.62760886167192,,461.1,0.1989125306879335,2816.0,0.1134600194626727,0.0157012918032677,0.0071252150173145,1084073292249.238,429852714815.71375,861751840916.2483,25.27043942701328,5.034512632928637,27438093849461.074,10879651048397.523,21811097141732.47,0.0001318741153047,5.229023432544462e-05,0.0001048294081641,6.324925711939173e-05,2.5079360479805e-05,5.0278116939984255e-05
94,94,0.02,2856,2,100000.0,2.66918078172062,,479.6,0.2154796564817763,2856.0,0.1096540580746022,0.0129281726260972,0.0067850971650785,1174364127825.6814,430068092904.00085,903023369857.5924,26.71022114277717,5.738941162986006,31277229338273.727,11454146166519.418,24050520930974.1,0.0001449460638899,5.308121714048765e-05,0.0001114557912321,6.866020391871382e-05,2.514429916417218e-05,5.2796034252665605e-05
95,95,0.02,2896,2,100000.0,2.71144037566172,,482.2,0.2224865271081752,2896.0,0.1042903982585812,0.015409822620059,0.0067690641353284,1212551572739.5554,411758987911.56055,900893126285.4436,28.99950459864237,6.448928272913195,35146659087376.914,11935123502907.21,26113020093799.08,0.0001518139533869,5.155307304268756e-05,0.0001127936742281,7.101027498340074e-05,2.4113711627478107e-05,5.275871976616177e-05
96,96,0.02,2936,2,100000.0,2.75439550712333,,491.2,0.2303970892167483,2936.0,0.1074127298537405,0.0158477913651484,0.0070651584013616,1255664136231.2788,391786725276.5909,902614032213.622,27.98280732565214,6.468463075038549,35253123758960.1,10999522495519.775,25341142799303.41,0.0001594316297556,4.974514627373268e-05,0.0001146048708757,7.362673085112509e-05,2.297268428766381e-05,5.292539501183984e-05
97,97,0.02,2976,2,100000.0,2.79802350403656,,491.3,0.2337481995652549,2976.0,0.1119237430937118,0.0147978106059665,0.0069406709262776,1273927687630.6394,364396701769.2294,884147887793.7737,27.162449384891545,6.362493896759011,34675591737336.605,9918672294879.398,24066005857511.76,0.0001640113525458,4.691411961662383e-05,0.0001138292952854,7.476110228008716e-05,2.1384808067217764e-05,5.1886674033289575e-05
98,98,0.02,3016,2,100000.0,2.84231908519533,,484.7,0.2336420691227928,3016.0,0.1041144930292375,0.0152006415927972,0.0066608713732337,1273349276719.2205,333494075480.1922,851643894528.5034,30.08183503343786,7.034873734315274,38340061852018.23,10041379623771.22,25642673372575.72,0.0001661957270565,4.352716992645645e-05,0.0001111553434961,7.473979002994762e-05,1.957457991560724e-05,4.998760907246559e-05
99,99,0.02,3056,2,100000.0,2.88726023004366,,444.2,0.2165206269142687,3056.0,0.1103526300547855,0.0127314581275158,0.0068588215185579,1180037416682.765,281804256764.50726,761650019935.5872,28.387115286266454,6.190191302766474,33736542600077.29,8056610052200.369,21775104738746.164,0.0001561091544385,3.728036384166598e-05,0.0001007599749883,6.92410260421773e-05,1.653542133967205e-05,4.469131920717943e-05
100,100,0.02,3096,2,100000.0,2.92478001758178,,479.0,0.2359294818479323,3096.0,0.1069730818532661,0.014817131988505,0.0064836997228002,1285815676071.2314,279233906086.6529,799866253833.6993,30.989191506566584,7.40109779500502,40335982982777.36,8759555738610.958,25091770308566.883,0.000172382807826,3.7435478247190585e-05,0.0001072340252861,7.542582256266528e-05,1.6379833786382507e-05,4.6920076693933706e-05
101,101,0.02,3136,2,100000.0,2.97056522202192,,507.6,0.2517014890436905,3136.0,0.1216784855620062,0.0132208348594479,0.0067128002662135,1371773115288.113,268209203750.7016,821270762441.5958,26.54124430962472,6.678748260396811,36399178019162.63,7116770583194.592,21791927798327.3,0.0001863310009046,3.643145417397876e-05,0.0001115550388573,8.050434544706158e-05,1.574021691356215e-05,4.8197376394334415e-05
102,102,0.02,3176,2,100000.0,3.01691424785678,,503.4,0.2415017573148788,3176.0,0.11698704354867,0.013435054480301,0.0067763376102131,1316184577366.0896,231963979888.8475,758954255607.2628,27.373653896477546,6.60439378571933,35993946132170.34,6343562400215.475,20755264164982.67,0.0001810994872951,3.1916919975537804e-05,0.0001044277747472,7.7245774812376e-05,1.3613772462623658e-05,4.454239210039504e-05
103,103,0.02,3216,2,100000.0,3.06375935418538,,518.5,0.2416672862342798,3216.0,0.1189599839355195,0.0137778249711063,0.0072246497298585,1317086709976.825,208007617700.57025,729690129683.0408,27.38799936850961,6.615824253771812,36056242183056.375,5694365437689.619,19975817715828.65,0.0001835508247984,2.898819759101746e-05,0.0001016905144787,7.726262576945606e-05,1.220209315139018e-05,4.280490797630071e-05
104,104,0.02,3256,2,100000.0,3.11104952756299,,511.9,0.2542206754443781,3256.0,0.1282921719122896,0.0144301267309435,0.0067855135519918,1385502681171.861,194916245236.35,738804310945.5049,25.525937726453183,6.476683091090548,35297922846443.484,4965806764121.096,18822235366818.08,0.0001955259646056,2.750711881331904e-05,0.000104262104661,8.120628649568508e-05,1.1424318890482798e-05,4.330237346646166e-05
105,105,0.02,3296,2,100000.0,3.15875532211423,,469.9,0.2410033138912259,3296.0,0.1196585914809929,0.0140931395289511,0.0064281091548951,1313468060707.1814,163613512596.89557,673100532759.6301,28.278699191793407,6.833687109802968,37243594748426.17,4639287045354.175,19085872140318.547,0.0001876720838603,2.337756796327876e-05,9.617453473706316e-05,7.688959595581806e-05,9.577832345397258e-06,3.940288275732328e-05
106,106,0.02,3336,2,100000.0,3.21715043294896,,516.1,0.2685270877882877,3336.0,0.1237180169285692,0.0146665138462316,0.0068987581856013,1463472628446.1687,160634205646.76337,719562252900.5043,27.67988360465163,7.428580829751463,40485765522145.484,4443813063696.241,19906097376380.24,0.0002116741503184,2.323385373354138e-05,0.000104076239981,8.552447784072036e-05,9.387368300755118e-06,4.2050793952017993e-05
107,107,0.02,3376,2,100000.0,3.26592464868579,,521.6,0.2745707429472521,3376.0,0.1289213374815971,0.0142858202905154,0.0069217362784711,1496410549062.5242,143665547247.02612,704663459788.4368,26.834157858004097,7.398702295886625,40322927512582.11,3871274130836.9546,18988167136094.703,0.0002190609537228,2.1031335161843892e-05,0.0001031563494734,8.727858546361753e-05,8.379335304360407e-06,4.109970357851557e-05
108,108,0.02,3416,2,100000.0,3.31484076721916,,518.7,0.2754326603262172,3416.0,0.1386180948734817,0.013848095462574,0.0066802997053242,1501107998777.8838,125186679605.8511,678438459143.0171,25.15585206558341,6.92754939841046,37755144221337.016,3148634972938.133,17063756832353.271,0.000222368716639,1.8544702517691177e-05,0.0001005014226831,8.733302607688731e-05,7.283241154798788e-06,3.94708999566576e-05
109,109,0.02,3456,2,100000.0,3.36394029242988,,532.8,0.2858091268978718,3456.0,0.1278325299917469,0.0137138327240099,0.0067911949386753,1557659741593.4016,111733366996.44768,673419689914.2014,27.53182681069905,7.860808419672777,42841405887216.64,3073080980923.022,18521532975196.26,0.0002334566684416,1.6746211586675534e-05,0.0001009298199551,9.037906818399358e-05,6.483031771668599e-06,3.9073388395427e-05
110,110,0.02,3496,2,100000.0,3.42527476229752,,542.9,0.2927565733640555,3496.0,0.1234743103591426,0.0142702402475888,0.0067466299534913,1595523324834.1023,97780273483.51364,660779977554.4114,31.37112843485689,9.155517021139683,49897567765211.29,3057929487023.8354,20664889816853.21,0.0002419028498374,1.4824807914364164e-05,0.0001001831544534,9.22798026631508e-05,5.6552882687228165e-06,3.821733282327598e-05
111,111,0.02,3536,2,100000.0,3.47476477788348,,539.1,0.2933600988946901,3536.0,0.1216127298712308,0.0142941422572608,0.0069971325437868,1598812538976.061,82614940771.41676,633073333170.9438,30.15474556185061,8.876554981810845,48377224650869.11,2499781213735.4746,19155673421788.08,0.0002451623358059,1.2668196776190638e-05,9.707563164097724e-05,9.215493406466826e-05,4.761893113761963e-06,3.64901011558439e-05
112,112,0.02,3576,2,100000.0,3.5240643801977,,554.5,0.3032808897337216,3576.0,0.1378969747811424,0.013873836611355,0.0067233325766838,1652880849048.7827,71475239374.59651,624430570197.9934,26.398952643923373,8.021694779711353,43718236549426.88,1890500107254.432,16516014080700.188,0.000256295697693,1.1082950325085643e-05,9.682420166091282e-05,9.49070813393769e-05,4.104050428668513e-06,3.58542982397569e-05
113,113,0.02,3616,2,100000.0,3.58686317822613,,559.5,0.3069969735811762,3616.0,0.1343013603525832,0.0144027914545551,0.0065837019067596,1673133506017.4106,59682023524.28255,602545867440.4086,27.738600820697823,8.494757805503,46296430039991.34,1651431052453.2117,16672741593850.13,0.0002622895887175,9.356081476892976e-06,9.445839628818206e-05,9.56781573855738e-05,3.4129171517451464e-06,3.4456591855734144e-05
114,114,0.02,3656,2,100000.0,3.65028608558341,,573.7,0.3157659846605799,3656.0,0.1303639567754544,0.0141645299885196,0.0067790898126687,1720924616400.1606,49769914333.69408,592937937008.3801,29.852864678057728,9.435209014737158,51421889130317.52,1487144173837.2583,17717213506878.21,0.0002726993816867,7.886588834900614e-06,9.39575198471556e-05,9.7974755245944e-05,2.833474010997683e-06,3.375682391943403e-05
115,115,0.02,3696,2,100000.0,3.69916552933537,,576.5,0.3043686691064565,3696.0,0.129469071133235,0.0142528519281644,0.0064940192193996,1658809246630.1885,38405782664.84523,542641252115.7004,29.02635231989576,8.850705903858024,48236347176026.24,1116797889782.6155,15779410370577.66,0.0002656538391179,6.150582793034269e-06,8.690253697416343e-05,9.399151466867942e-05,2.1761499654273867e-06,3.074715993516166e-05
116,116,0.02,3736,2,100000.0,3.74720977948172,,587.7,0.2951995712059886,3736.0,0.1251053904089985,0.0146405526930785,0.0058025978717722,1608837663072.6384,34833549402.30667,501221794128.256,30.212772137095254,8.87477730895128,48367536333784.47,1047223722456.2509,15068557813647.172,0.0002603373923008,5.636662805779594e-06,8.1106240761723e-05,9.07065031720958e-05,1.9639206191389552e-06,2.8258958192331624e-05
117,117,0.02,3776,2,100000.0,3.81045165225431,,573.7,0.3024808392186743,3776.0,0.1352842104498904,0.0128937104280818,0.0067990391801238,1648520573741.7754,35692739027.80357,490768746152.5293,28.40291000991653,8.592177686239797,46827368390006.89,1013876966976.296,13940626059778.906,0.0002694772500352,5.8345533035165805e-06,8.022405920981337e-05,9.244524425998604e-05,2.0015667564547438e-06,2.752118313589473e-05
118,118,0.02,3816,2,100000.0,3.89062691066957,,578.2,0.3217325239367574,3816.0,0.1256408348061086,0.0144756869100015,0.0068533300387638,1753442255455.3276,37964437824.53738,494837630097.8229,31.34105500974303,10.068457546475784,54873093628293.016,1188077990484.1426,15485694794157.56,0.0002895017784125,6.268111899574935e-06,8.170008079426685e-05,9.778624151933168e-05,2.117206697116306e-06,2.759618222902101e-05
119,119,0.02,3856,2,100000.0,3.93664721150638,,576.4,0.3240747884978685,3856.0,0.1334763159140038,0.0141086781095383,0.0068176995823983,1766207597313.384,38240825042.74849,473447891262.3594,29.59659127675287,9.632883049770706,52499212621250.34,1136680199872.9434,14072887890570.549,0.0002944697006448,6.375674252495237e-06,7.893526164368122e-05,9.79156071835396e-05,2.1200076417723684e-06,2.6247162458843105e-05
120,120,0.02,3896,2,100000.0,4.01765442203109,,592.1,0.3361323328487324,3896.0,0.1608850859259746,0.0128711957461038,0.0065100150889261,1831921214025.592,39663615276.15043,466609599587.46857,24.33034124116457,8.173046022313425,44543100821608.16,964419430632.984,11345596240507.572,0.000308369962652,6.676634053751516e-06,7.854507262443922e-05,0.0001009417528928,2.185527860799657e-06,2.571092606951992e-05
121,121,0.02,3936,2,100000.0,4.0610441522259,,587.6,0.335708687039468,3936.0,0.154213167771104,0.0148565256405393,0.0067791495348232,1829612344365.101,39613625070.65724,439565369009.15735,26.028370916095398,8.697745362991556,47402712228303.984,1026333952833.0035,11388527606321.928,0.0003108779720117,6.730935907778733e-06,7.468860324705086e-05,0.000100168534742,2.168786623772524e-06,2.4065545399601503e-05
122,122,0.02,3976,2,100000.0,4.14177134419615,,582.7,0.3335545375426871,3976.0,0.1490921910815359,0.0140710289752146,0.0070668447873503,1817872229607.645,39359435430.03709,416471695374.797,27.76027959164632,9.241570445188769,50366558926278.79,1090505312532.2748,11538900173830.855,0.0003117002761845,6.748739924730029e-06,7.141004761341025e-05,9.886822352136986e-05,2.140633096426521e-06,2.2650555962085724e-05
123,123,0.02,4016,2,100000.0,4.20194187461122,,593.4,0.3420321189694038,4016.0,0.1484244833296997,0.0145936655534198,0.0063612605811265,1864075048383.2507,40359790038.38965,402848436134.25934,27.58537909795343,9.444086594342432,51470271939166.26,1114402218132.4067,11123328202950.738,0.0003224949135014,6.982458677647908e-06,6.9694925468814e-05,0.0001006829881973,2.1799252490447734e-06,2.175877219955706e-05
124,124,0.02,4056,2,100000.0,4.26046906476449,,596.9,0.3432509721631334,4056.0,0.1564611016008256,0.0143623628483677,0.0068076078754083,1870717798289.077,40503614715.24975,382939134181.0927,26.303194677646253,9.020372072644744,49161027795913.86,1064403904572.08,10063346506264.863,0.0003264713971763,7.068555021434868e-06,6.682925360734669e-05,0.0001003243361178,2.172159937964881e-06,2.0536563262190773e-05
125,125,0.02,4096,2,100000.0,4.33916476461335,,590.3,0.3418981641065304,4096.0,0.1471361042988064,0.0139281527533205,0.0068832483053898,1863344994380.591,40343983364.5706,358651770892.85767,28.163185975664373,9.62595355094234,52461446852635.766,1135862519011.1963,10097642075966.682,0.0003279441308061,7.100441731217681e-06,6.312182855149446e-05,9.919936468688771e-05,2.1478027583588125e-06,1.909363425651292e-05
126,126,0.02,4136,2,100000.0,4.39375723050564,,604.0,0.3486967174243722,4136.0,0.1459153595537827,0.0130638454747663,0.0067742473700897,1900397109962.8289,41146212656.075935,345557826880.30286,29.271916543099223,10.193522907822455,55554699847632.39,1202835703123.0498,10101763074513.852,0.0003372403484245,7.30171763561461e-06,6.13219423072218e-05,0.0001004066735331,2.173942656315101e-06,1.8257400902430544e-05
127,127,0.02,4176,2,100000.0,4.4693171924677,,600.9,0.348472012766447,4176.0,0.1400851964630419,0.0132615097961465,0.006891437210646,1899172469577.1367,41119697506.44076,325388074823.0985,30.367441146898223,10.588171632585544,57705535397591.21,1249404252645.0942,9886776146159.66,0.000339733522478,7.355698284845794e-06,5.820705523212185e-05,9.956729485582649e-05,2.155768952842247e-06,1.7059014337809095e-05
128,128,0.02,4216,2,100000.0,4.51798023073832,,594.7,0.3441863463592993,4216.0,0.1515618399478626,0.0142039829698156,0.0067369625047493,1875815587658.182,40613988870.39732,302256502566.9945,28.381499620894704,9.791156309124016,53361801884725.89,1155356444476.634,8598367405873.791,0.0003381739417048,7.321931214893517e-06,5.449110965465651e-05,9.755382045305408e-05,2.112174461185641e-06,1.5719176648384508e-05
129,129,0.02,4256,2,100000.0,4.6141951946457,,597.1,0.3448723283305068,4256.0,0.1543144177258,0.0145927928050853,0.0069181875646607,1879554189401.2625,40694934742.99982,284630986920.1724,27.95231527785781,9.628650036603052,52476142699486.64,1136180704319.1604,7946744164410.977,0.0003414143179361,7.39208981953588e-06,5.170220407096198e-05,9.695370339578532e-05,2.099181101046617e-06,1.4682220091724093e-05
130,130,0.02,4296,2,100000.0,4.6822403967796,,592.0,0.3419254103093363,4296.0,0.1600618237269372,0.0141019847802964,0.0072192945654162,1863493486185.8828,40347198416.501686,265215239807.8812,27.29056617185197,9.326723173752772,50830641296952.63,1100553334502.8276,7234294523214.097,0.0003409780045306,7.3826430338762174e-06,4.852851051597828e-05,9.531818976062452e-05,2.0637699801384374e-06,1.3565830384071047e-05
131,131,0.02,4336,2,100000.0,4.77464856910558,,598.4,0.3419987557283612,4336.0,0.1532918312347646,0.0141486902423476,0.0067312721068608,1863893218719.5688,40355853175.94663,248590557917.4431,28.97817349746365,9.881932625453288,53856532808720.42,1166068049803.4878,7182935912828.82,0.0003434601309714,7.436384487088238e-06,4.580785246873971e-05,9.452529349247196e-05,2.046602684791136e-06,1.260699658682489e-05
132,132,0.02,4376,2,100000.0,4.83501779085518,,600.9,0.3433816769608362,4376.0,0.1620623491429796,0.0128527682971712,0.0060918405563436,1871430139436.5576,40519037881.37868,233882224139.445,27.522599719330696,9.464248051254792,51580151879338.61,1116781270048.0657,6446236163868.865,0.0003472088712308,7.5175498725219825e-06,4.339247366662347e-05,9.407679342933524e-05,2.0368920412223387e-06,1.1757259447464583e-05
133,133,0.02,4416,2,100000.0,4.85986029179908,,608.1,0.3400571017531906,4416.0,0.1620563595338353,0.0140598293546882,0.0064721544124676,1853311204554.889,40126738006.876495,216621662261.8344,28.321438509328164,9.613813479291798,52395283462140.3,1134429990556.432,6124148696858.906,0.0003461169819036,7.493908965988467e-06,4.045539452454608e-05,9.23357369752688e-05,1.999195773042517e-06,1.0792532188115771e-05
134,134,0.02,4456,2,100000.0,4.93811886690595,,605.8,0.3226008321019443,4456.0,0.167992307233635,0.0140892376248721,0.0071622096640795,1758174534955.5964,38066898188.02944,191811545568.96844,27.718572888201315,8.924739228558241,48639828795642.41,1053119228969.872,5306458802588.567,0.0003304326241308,7.154321036229113e-06,3.6049203921931824e-05,8.680105844101406e-05,1.879362366245809e-06,9.469734002838202e-06
135,135,0.02,4496,2,100000.0,5.04311620735308,,595.3,0.3140650141685708,4496.0,0.1680086276081965,0.012104059203479,0.0067941684371935,1711654327218.7114,37059671671.89137,174288130784.8966,27.63245392022039,8.649969369764454,47142333065216.266,1020696385632.2056,4800238564597.572,0.0003236500966117,7.007469981686528e-06,3.295546856033676e-05,8.372355118335792e-05,1.812730099015823e-06,8.52509820842847e-06
136,136,0.02,4536,2,100000.0,5.1439527597377,,589.8,0.3227245084111059,4536.0,0.1648402211686516,0.0133408158311459,0.0066890403383562,1758848570840.5276,38081491992.510506,166848269559.5249,27.95576115674487,9.034053580164205,49235592011894.92,1066018322459.3762,4670597266936.783,0.0003345229127836,7.242881414399751e-06,3.173358414778263e-05,8.522065137830603e-05,1.845144378466076e-06,8.084219670150963e-06
137,137,0.02,4576,2,100000.0,5.16882861700551,,596.0,0.3293682380618189,4576.0,0.1632308766957066,0.0131252863595682,0.0068002739163281,1795056897436.9128,38865452091.29463,158333205279.68445,28.776574132634835,9.4672828068805,51596691297498.7,1117139371211.8987,4551092239262.284,0.0003433094554652,7.433122155028836e-06,3.0281650996278108e-05,8.614665955616503e-05,1.865193729839903e-06,7.59857626303722e-06
138,138,0.02,4616,2,100000.0,5.25364767820562,,591.4,0.3241065102607035,4616.0,0.1668153619697477,0.0135211033604085,0.0068573803508266,1766380480920.8345,38244568210.763016,144792766753.4162,28.100907530528094,9.113090799639409,49666344858034.78,1075344714357.4504,4071222233374.7935,0.0003396336703722,7.353536349345263e-06,2.784026394482528e-05,8.394937512158796e-05,1.8176194980453903e-06,6.881451885574758e-06
139,139,0.02,4656,2,100000.0,5.3293036223888,,589.4,0.3224437358262053,4656.0,0.1602341470015744,0.0135584599666085,0.0066187346574793,1757318360252.8188,38048360827.49223,133477721547.91614,30.357686665977702,9.784981365610042,53328148442574.734,1154627801141.9849,4050557889499.244,0.0003396184457357,7.353206715012573e-06,2.579583606349555e-05,8.269710110243542e-05,1.7905060422178676e-06,6.281286808033302e-06
140,140,0.02,4696,2,100000.0,5.35604891573161,,578.8,0.3113994690895227,4696.0,0.1765635439478501,0.0129019873410263,0.0068870055792373,1697127106537.8992,36745137352.5637,119366382888.63956,26.85314510357664,8.33960296610871,45450836165292.48,984073150000.8278,3196756384018.06,0.0003295829626279,7.135924695431826e-06,2.318101334842296e-05,7.906875934883808e-05,1.7119474501216316e-06,5.561252169389199e-06
141,141,0.02,4736,2,100000.0,5.48516515738505,,579.9,0.3086199263366819,4736.0,0.1874712602397266,0.0128364103980046,0.006434060274917,1681978598534.9165,36417151307.72847,109411808211.84648,25.95609409787779,8.019621216480548,43706935629818.98,946315303544.7048,2843112785633.938,0.0003281522456944,7.104947704945725e-06,2.134612806696243e-05,7.757101844087264e-05,1.6795192983528389e-06,5.045953259954144e-06
142,142,0.02,4776,2,100000.0,5.52251087964269,,583.1,0.3048816413222962,4776.0,0.1842505728033756,0.0136032411461169,0.006622372147983,1661604945206.5142,35976033676.03096,99863349502.949,26.22008799205325,8.008705282779317,43647443791147.3,945027223367.9596,2623234810897.8022,0.0003255879516391,7.049427209802897e-06,1.9568010737024967e-05,7.584909768356536e-05,1.642237344341415e-06,4.558571502395112e-06
143,143,0.02,4816,2,100000.0,5.58384346440811,,574.3,0.293167184418488,4816.0,0.1824677246167084,0.0141384728865171,0.0066282656918252,1597761155080.7593,34593727761.38158,88362756162.40994,26.947153989923937,7.882034730724636,42957089282449.28,930080098225.5072,2375703523421.8584,0.0003143734509048,6.806617836106361e-06,1.7386143415685953e-05,7.218172070627404e-05,1.5628335859340072e-06,3.991945708449324e-06
144,144,0.02,4856,2,100000.0,5.66961940354871,,568.3,0.2882910390121176,4856.0,0.1917029103242384,0.0120719632935799,0.0068812814445852,1571186162616.041,34018342603.42988,79934063520.4058,26.078999725837384,7.525916168156888,41016243116455.04,888058107842.513,2086700520058.19,0.0003103480287666,6.719461907242266e-06,1.5788949543423557e-05,7.02410786345805e-05,1.5208160144734863e-06,3.5735134224768875e-06
145,145,0.02,4896,2,100000.0,5.69197928332433,,551.4,0.2849634585032372,4896.0,0.1817819947194948,0.0124672112902767,0.0064412881918303,1553050848842.643,33625688103.382,72557228617.74393,27.46457258314389,7.822289263982173,42631476488702.85,923030133149.8964,1991706703104.9905,0.0003078917700988,6.66628052691171e-06,1.438444437877538e-05,6.869790758432992e-05,1.4874042376056755e-06,3.209508426508648e-06
146,146,0.02,4936,2,100000.0,5.77981050647594,,553.3,0.280700134469111,4936.0,0.1751242852993527,0.0135421595218235,0.0066962529210154,1529815732856.6553,33122615867.355118,65395864822.10464,28.77317088553674,8.048131201013348,43862315045522.734,949679481719.575,1875006227152.1584,0.0003043283809396,6.5891282478678384e-06,1.3009290749217766e-05,6.695047750003306e-05,1.4495699715603492e-06,2.861968459555493e-06
147,147,0.02,4976,2,100000.0,5.84309365791407,,548.4,0.2755586591439541,4976.0,0.190811137934088,0.0131462378071228,0.0066990388107152,1501794692334.5503,32515921778.986595,58737048816.92306,26.304077817941675,7.2490781651304435,39507475999960.914,855391223485.3922,1545186274986.6328,0.0002997072550001,6.489074511931341e-06,1.1721921616574926e-05,6.501968141778522e-05,1.4077655793208542e-06,2.5430001990221936e-06
148,148,0.02,5016,2,100000.0,5.87732309837458,,547.1,0.2655176878676498,5016.0,0.183189805071106,0.0140901346853139,0.0064045795705358,1447071398878.6914,31331087168.38268,51555877446.87868,28.18997645835584,7.476471434590222,40746769318516.71,882223629281.6462,1451715130966.934,0.0002896471222208,6.271258793038909e-06,1.031947113848792e-05,6.197392850260436e-05,1.3418208373040945e-06,2.2079907496324864e-06
149,149,0.02,5056,2,100000.0,5.97462265476542,,535.4,0.2572859675058319,5056.0,0.1944506190726315,0.0126878400514916,0.0071299140626865,1402208522906.7837,30359744165.688164,45544084214.79499,26.39031313509738,6.785399630839021,36980427988072.65,800677156439.0043,1201133568277.3538,0.0002814334122692,6.093420669316331e-06,9.141027757182514e-06,5.939819861747248e-05,1.2860527407085784e-06,1.9292683761708423e-06
150,150,0.02,5096,2,100000.0,5.98670584712395,,526.6,0.2430706892403546,5096.0,0.1938044150095265,0.0141449536241903,0.007145936344652,1324735256359.933,28682341330.36185,39060180000.54006,26.652357857480336,6.503803593805813,35445729586241.67,767448824069.0858,1045126995180.4564,0.0002665532690074,5.771245090438083e-06,7.859395767705992e-06,5.550261297185319e-05,1.2017079505832435e-06,1.6365096669487765e-06
151,151,0.02,5136,2,100000.0,6.05619589798946,,517.9,0.2343451276735281,5136.0,0.1978723779573556,0.0129059088271937,0.0066690446623021,1277180945820.729,27652725065.47633,34262014475.04246,26.308524323902788,6.16541599117006,33601517151876.824,727519086958.067,901403728898.5573,0.0002575767885585,5.576891935765245e-06,6.909827215093858e-06,5.291978653685664e-05,1.1457862039172631e-06,1.419641044814366e-06
152,152,0.02,5176,2,100000.0,6.07823469786764,,505.6,0.2179994654199227,5176.0,0.1974790830572601,0.013063695476749,0.0064244789399835,1188097086538.579,25723936919.550888,28786307379.30003,26.44615902320843,5.748983466704722,31331959893540.74,678380049071.1571,759139500054.7183,0.000240107307164,5.198653623001497e-06,5.817540356215643e-06,4.86831659558158e-05,1.05405753812592e-06,1.179540456146117e-06
153,153,0.02,5216,2,100000.0,6.14920264259965,,497.4,0.2046437740605171,5216.0,0.2068428840048909,0.0123500802057367,0.0066636542234747,1115308568629.8186,24147965339.141026,24312250503.755512,25.649776737902187,5.256519898643343,28648033447606.22,620269348039.9143,624489208823.9153,0.0002258192513682,4.889297552561748e-06,4.922560771304648e-06,4.519246943685981e-05,9.784791547797171e-07,9.851360141364876e-07
154,154,0.02,5256,2,100000.0,6.21171128479502,,489.6,0.1979810942775516,5256.0,0.1958281022808478,0.0142050095599618,0.0067687128526791,1078996963812.6566,23361769124.751102,21260981984.929543,27.25489771288635,5.389334955889439,29371875509597.445,635941524794.9539,578755026211.149,0.0002188286358769,4.7379411070621774e-06,4.31188579875923e-06,4.3230984876431024e-05,9.36010314755754e-07,8.518403864648391e-07
155,155,0.02,5296,2,100000.0,6.20937265815489,,483.5,0.1849983027020358,5296.0,0.2048560809363152,0.0136734662130435,0.0067417060088237,1008240749726.0952,21829799718.84023,17771760826.714664,26.62014566561248,4.908908539814808,26753551541990.69,579251207698.1472,471571615607.292,0.0002047773100029,4.433710565201425e-06,3.609508321399471e-06,3.994380478981799e-05,8.648383422382614e-07,7.040696831847682e-07
156,156,0.02,5336,2,100000.0,6.29748096597792,,466.3,0.173377523333528,5336.0,0.194719574960527,0.0137166545759848,0.0062963944990171,944907502167.7278,20458547753.356308,14883543893.511082,28.42610392332989,4.92944482835497,26865474314534.586,581674489745.8865,423166781153.774,0.0001921502496203,4.160317331230722e-06,3.0266207727353994e-06,3.701252290174182e-05,8.013720554872541e-07,5.829962276242716e-07
157,157,0.02,5376,2,100000.0,6.33136271650017,,443.6,0.1544026831730928,5376.0,0.1991619261059895,0.0134057354515241,0.0065852263873003,841494623293.3561,18219516614.42496,11825641530.70963,27.80031370772978,4.304349372220998,23458704078604.44,507913225922.0776,329668446511.1096,0.0001712932376481,3.708734319723252e-06,2.407207805006394e-06,3.2589544297020096e-05,7.056084820272242e-07,4.579854200344538e-07
158,158,0.02,5416,2,100000.0,6.36614235030186,,444.5,0.149538966271063,5416.0,0.1980055776603876,0.0144937571031382,0.0069741140941625,814987366177.2936,17645598019.98544,10163881935.109312,28.82044409641069,4.32233866659871,23556745732962.977,510035962658.6478,293781219613.5813,0.0001660356662405,3.594900663557118e-06,2.0706663424757547e-06,3.12055071941217e-05,6.756421741112587e-07,3.891705614210217e-07
159,159,0.02,5456,2,100000.0,6.40184070985492,,442.3,0.1357548221978174,5456.0,0.2069484963488321,0.0132788641564852,0.006568955796587,739863780978.1051,16019069019.34246,8185759314.1110735,26.84418560078446,3.651523203402296,19900801458542.523,430879738001.471,220179950804.16083,0.0001508313087617,3.2657054007144897e-06,1.668778526939561e-06,2.80088471623368e-05,6.064300853496774e-07,3.0988634317726774e-07
160,160,0.02,5496,2,100000.0,6.43847955608377,,415.4,0.1226578312718464,5496.0,0.1904627206026816,0.012678177174404,0.0071782687395292,668485180431.5636,14473624090.07789,6523326023.004278,30.523037088524354,3.7302409606117566,20329813235334.07,440168433352.1873,198385848486.95587,0.0001363429913435,2.952013390558092e-06,1.3304854161637315e-06,2.501918793182218e-05,5.416998487990856e-07,2.441465038981499e-07
161,161,0.02,5536,2,100000.0,6.47608160855513,,399.1,0.1049619210149343,5536.0,0.2204816488174401,0.013538034661291,0.0063995998854086,572042469531.3925,12385506679.76226,4910965187.110312,25.43800584512228,2.6690635416472697,14546396301977.62,314949497914.3778,124880318580.96504,0.0001167070044999,2.5268672533936044e-06,1.0019256728626017e-06,2.1167284229301352e-05,4.583008328545983e-07,1.8172041673920419e-07
162,162,0.02,5576,2,100000.0,6.51467058819009,,393.7,0.0967880304061635,5576.0,0.2087743399605642,0.0136017400194836,0.0065499280845369,527494765713.5915,11420987587.927303,3964583490.474401,28.087415846784516,2.7343220124727736,14902054967976.615,322649997471.78723,112001947583.79916,0.000107626036733,2.330251804495336e-06,8.089035875072692e-07,1.929710170070764e-05,4.178088074648627e-07,1.4503455918303862e-07
163,163,0.02,5616,2,100000.0,6.61780373571361,,363.0,0.0787734442469354,5616.0,0.2234193159983988,0.0125035056479982,0.007190627403338,429315271145.7983,9295266421.138382,2818039880.304237,25.713297803311495,2.0225240922432435,11022756302725.678,238657842884.70276,72353743133.92825,8.758522280560724e-05,1.896340603864524e-06,5.749123485237314e-07,1.5527312020446216e-05,3.361876731032393e-07,1.0192179838085657e-07
164,164,0.02,5656,2,100000.0,6.65949546873268,,352.0,0.0730373487005001,5656.0,0.2188039980217581,0.0115649515232712,0.0064988376412498,398053550417.72577,8618407146.659018,2268355979.0626254,26.01187262936184,1.8959223874008413,10332777011334.582,223718841713.2993,58882571175.12173,8.118853298719607e-05,1.757843466511768e-06,4.626626091880434e-07,1.423341048917462e-05,3.0817292435277165e-07,8.111079966926526e-08
165,165,0.02,5696,2,100000.0,6.5091839297979,,339.1,0.0753047930873097,5696.0,0.2120116217878603,0.0125174225475852,0.0067004350258277,410411122325.8381,8885965584.302551,2017939531.5075843,27.463946586306797,2.068417504708214,11272875400659.768,244073265555.56927,55427301228.669945,8.367405179880523e-05,1.8116583692218384e-06,4.114147197798597e-07,1.4508978506712988e-05,3.141393511545197e-07,7.133881051899249e-08
166,166,0.02,5736,2,100000.0,6.54984666055737,,326.5,0.1154508740047357,5736.0,0.1967428617754194,0.0108656094548953,0.0061117555009658,629207263325.8098,13623203132.55882,2668887243.0147147,31.392176224552184,3.659331630392384,19943357385638.496,431801132386.3014,84593066882.4028,0.000128207834449,2.775876048621753e-06,5.438148504627903e-07,2.1993010110858945e-05,4.7617893451034054e-07,9.328700976862569e-08
167,167,0.02,5776,2,100000.0,6.59156613541509,,312.6,0.0893071401211184,5776.0,0.21266746749925,0.0131631589157431,0.006965761741185,486723913660.0956,10538242534.29198,1767992789.6321945,27.48721246912653,2.457201067694104,13391745818932.867,289949725987.90424,48644641004.82829,9.909847446828024e-05,2.145618346286242e-06,3.59968728485095e-07,1.681985611937246e-05,3.641730315754037e-07,6.109702750801885e-08
168,168,0.02,5816,2,100000.0,6.44331800086203,,291.9,0.0598323508408635,5816.0,0.2108303839405379,0.0113804760641553,0.0063435663595969,326086312082.7066,7060217399.221906,1006728532.1488044,28.479721071383928,1.7054305611545957,9294596558292.545,201240806216.24228,28695272396.689545,6.633235415519543e-05,1.436186750516158e-06,2.0478833688577898e-07,1.1142406412592732e-05,2.41248432419439e-07,3.4400028571299866e-08
169,169,0.02,5856,2,100000.0,6.48400425509237,,274.1,0.0707278456394887,5856.0,0.2294268423047469,0.0129522604179603,0.0068284475699647,385466758735.2139,8345885785.459679,1007746468.0447626,26.086260891990435,1.8341983235883963,9996380863556.762,216435402183.43076,26134075844.914856,7.832873040697713e-05,1.69592480514189e-06,2.0477901044713495e-07,1.30233263915286e-05,2.819729383853899e-07,3.4047582251502056e-08
170,170,0.02,5896,2,100000.0,6.40053728632138,,249.5,0.0560682026595555,5896.0,0.2188223146653399,0.0115855925639511,0.0059662987677756,305571704494.57825,6616047913.827566,669414429.6518754,28.03352194718884,1.5787070205286595,8603953261881.193,186287428422.38177,18848638080.152424,6.201842568953773e-05,1.342784262635863e-06,1.358634600331777e-07,1.0209177366622864e-05,2.210427393140364e-07,2.236519462885654e-08
171,171,0.02,5936,2,100000.0,6.91085639789351,,234.1,0.1038988260152786,5936.0,0.2262955610398421,0.0127033929257898,0.0067384350433324,566248601783.2687,12260061469.802883,1038532544.8272934,27.219646516931448,2.832492164846648,15437082298414.229,334234075451.9044,28312497926.867638,0.0001147676959012,2.4848785534592225e-06,2.1049056353159224e-07,1.8707607606863036e-05,4.050454491027226e-07,3.431082968576075e-08
172,172,0.02,5976,2,100000.0,7.43256615550895,,191.1,0.0188076228113753,5976.0,0.2302770457704355,0.0138722496014208,0.0069918846367536,102501544321.9958,2219299491.742294,155773097.15811676,27.112366614475015,0.5096357485110369,2777514829385.151,60137018324.302345,4221029938.990669,2.0743337222330156e-05,4.4912179674035925e-07,3.15239531842275e-08,3.3489663227138104e-06,7.250972955600545e-08,5.0894731373858195e-09
