,Simulation Number,ExitSlit.totalHeight,Dipole.photonEnergy,Dipole.numberRays,PG.cFactor,SourcePhotonFlux,NumberRaysSurvived,PercentageRaysSurvived,PhotonEnergy,Bandwidth,HorizontalFocusFWHM,VerticalFocusFWHM,PhotonFlux,EnergyPerMilPerBw,FluxPerMilPerBwPerc,FluxPerMilPerBwAbs,AXUVCurrentAmp,GaAsPCurrentAmp
0,0,0.1,500,100000.0,1.17577026432641,1481270000000.0,2857.0,0.0004637224667393,500.0,0.0929780953087574,0.0291218470032686,0.0088044626588768,6868981.783069528,,,,1.4905081857827355e-10,8.334686393481635e-11
1,1,0.1,520,100000.0,1.18413280440169,1492730000000.0,3483.0,5.347432541961552e-05,520.0,0.0928511783913202,0.0280484683746731,0.0087541708928638,798227.2978362268,,,,1.8028288767549865e-11,1.013485547134261e-11
2,2,0.1,540,100000.0,1.19462031821519,1503600000000.0,4106.0,3.147492800537541e-05,540.0,0.0503999999999678,0.0352670294143266,0.0092055240851967,473257.0174888247,,,,1.1108404989057688e-11,6.285229199803241e-12
3,3,0.1,560,100000.0,1.20514112000624,1513930000000.0,4465.0,0.0168812237849745,560.0,0.0522666666668101,0.0334101629132634,0.009398291190182,255569911.2478651,,,,6.198505868745098e-09,3.543120826158202e-09
4,4,0.1,580,100000.0,1.21534946177801,1523750000000.0,3258.0,0.0293536840278381,580.0,0.0541333333333113,0.0292959428105726,0.0097616889617628,447276760.3741833,,,,1.1243843568452176e-08,6.4385086927144954e-09
5,5,0.1,600,100000.0,1.21985929056978,1533090000000.0,4416.0,0.0148734886698866,600.0,0.0559999999998126,0.0364805951232307,0.0089275049077401,228023967.44916576,,,,5.9359672613865445e-09,3.387844672493232e-09
6,6,0.1,620,100000.0,1.22668718395639,1541970000000.0,5098.0,0.0179978033899087,620.0,0.0922614569546539,0.0383527743276112,0.0093252429812062,277520728.9313762,,,,7.469703948568193e-09,4.248978085046341e-09
7,7,0.1,640,100000.0,1.23422873606346,1550430000000.0,5739.0,0.0225797126184273,640.0,0.0933605120203845,0.030591963240853,0.0093223782631043,350082638.3498824,,,,9.735344433222468e-09,5.520032014145014e-09
8,8,0.1,660,100000.0,1.24231942993718,1558480000000.0,6448.0,0.0287752794671937,660.0,0.0907872612554269,0.0339945750039318,0.0092848692072056,448456975.4403215,,,,1.2866416808768076e-08,7.312804023167123e-09
9,9,0.1,680,100000.0,1.25043238280315,1566140000000.0,6742.0,0.0341363286019788,680.0,0.0933440488732671,0.030808220073488,0.0087505344225082,534622696.76703113,,,,1.5810923587409964e-08,8.997488968480355e-09
10,10,0.1,700,100000.0,1.25848494585637,1573430000000.0,7234.0,0.0425372624349115,700.0,0.0938362916976669,0.0350077582905431,0.0091432379872026,669294048.3296292,,,,2.0387118981103956e-08,1.1603753323641133e-08
11,11,0.1,720,100000.0,1.266694990595,1580380000000.0,7858.0,0.0539782835983755,720.0,0.0939886882166148,0.0362460050945067,0.0089503519535219,853061998.3320072,,,,2.6737070387469146e-08,1.5189877445152272e-08
12,12,0.1,740,100000.0,1.27448555561608,1587000000000.0,8548.0,0.0710041326947004,740.0,0.0976536082749568,0.0338955457068998,0.0097685572976705,1126835585.8648963,,,,3.631088515478543e-08,2.0567459719038843e-08
13,13,0.1,760,100000.0,1.28257035434233,1593300000000.0,8693.0,0.084667909757901,760.0,0.0983854853256221,0.0355730618550594,0.0092831848230936,1349013806.1726372,,,,4.466488862156149e-08,2.52055060326797e-08
14,14,0.1,780,100000.0,1.29084637328192,1599300000000.0,9352.0,0.104890485271514,780.0,0.1034095538216646,0.036576293971966,0.0091779964116563,1677513530.9473248,,,,5.701756848192772e-08,3.205931988822471e-08
15,15,0.1,800,100000.0,1.29941365924252,1605010000000.0,9933.0,0.1285483296475052,800.0,0.1040643483142213,0.0345725877546781,0.0093683852172252,2063213545.675424,,,,7.195183514130818e-08,4.0347179522951774e-08
16,16,0.1,820,100000.0,1.30778091275259,1610450000000.0,10259.0,0.1513421028181922,820.0,0.1070221001495773,0.0347619535441837,0.0092222285960994,2437288894.835576,,,,8.714456162245673e-08,4.87009730015501e-08
17,17,0.1,840,100000.0,1.31630553599908,1615630000000.0,10914.0,0.1840598448295861,840.0,0.1121028840883032,0.0346867196677571,0.0096435724269282,2973726071.020243,,,,1.0895402316180788e-07,6.06348295180625e-08
18,18,0.1,860,100000.0,1.32489377407417,1620550000000.0,11351.0,0.2190727163931335,860.0,0.113962860461796,0.0370250691266649,0.0094169968473799,3550182905.5089254,,,,1.33196238521867e-07,7.37746333383676e-08
19,19,0.1,880,100000.0,1.33329262758449,1625230000000.0,11825.0,0.2567106390775589,880.0,0.1174233630819866,0.0382847019654182,0.0092569761807034,4172138319.480211,,,,1.6021815636799685e-07,8.825159584732496e-08
20,20,0.1,900,100000.0,1.3422067252821,1629680000000.0,12210.0,0.2943990657323925,900.0,0.1211229333514425,0.0339714611314025,0.0096378697316419,4797762694.427654,,,,1.884583600817563e-07,1.0318346175114425e-07
21,21,0.1,920,100000.0,1.35104631264484,1633910000000.0,12498.0,0.3334158041717165,920.0,0.1243215722790721,0.0352062444690242,0.0093793273092974,5447714165.942093,,,,2.188002729537657e-07,1.1899378932411769e-07
22,22,0.1,940,100000.0,1.36010248136541,1637920000000.0,12837.0,0.3758583128088316,940.0,0.1264269172868307,0.0356630935512398,0.0095125037068589,6156258477.158415,,,,2.526702840264354e-07,1.3643252518462638e-07
23,23,0.1,960,100000.0,1.36926953155921,1641730000000.0,13355.0,0.4302123539962784,960.0,0.1305520868672366,0.0369524842880071,0.0092970601182496,7062925279.263102,,,,2.961262133661123e-07,1.5865645514337417e-07
24,24,0.1,980,100000.0,1.37836355581004,1645340000000.0,13794.0,0.4858905470757627,980.0,0.1338542484199013,0.0354352729401374,0.0096749970655793,7994551527.256354,,,,3.422070748534694e-07,1.8186009356837378e-07
25,25,0.1,1000,100000.0,1.38719560853008,1648760000000.0,14101.0,0.5437244065582708,1000.0,0.1357394525020637,0.0374828417058218,0.0096297992709536,8964710525.570147,,,,3.915660885562611e-07,2.06323876242417e-07
26,26,0.1,1020,100000.0,1.39664356222928,1652000000000.0,14119.0,0.5909844208394089,1020.0,0.1386721350031683,0.0355566074595191,0.0092030370404918,9763062632.267036,,,,4.35093378431724e-07,2.2721970401505882e-07
27,27,0.1,1040,100000.0,1.40604835471862,1655050000000.0,14356.0,0.6467909808209357,1040.0,0.1413115439474128,0.0343045030877996,0.0098512533930767,10704714128.076897,,,,4.864124023797639e-07,2.518371102790608e-07
28,28,0.1,1060,100000.0,1.4155721082738,1657940000000.0,14759.0,0.7194692073875877,1060.0,0.143191298386588,0.0348090794517444,0.0100280682915956,11928367776.961773,,,,5.524982254135813e-07,2.834870055103767e-07
29,29,0.1,1080,100000.0,1.42522230999383,1660660000000.0,14857.0,0.7804032992409076,1080.0,0.1464966789282529,0.0392233143442453,0.0094460039646381,12959845429.174055,,,,6.116898438463181e-07,3.109144118507318e-07
30,30,0.1,1100,100000.0,1.43421228863291,1663220000000.0,15192.0,0.8541662853878985,1100.0,0.1503702037938804,0.0355349581112589,0.0091517113750564,14206664491.828606,,,,6.830307627351276e-07,3.438213667464976e-07
31,31,0.1,1120,100000.0,1.44409865044327,1665630000000.0,15220.0,0.9113456061528148,1120.0,0.1507559722196163,0.0347103132504523,0.0094847964568561,15179645819.76313,,,,7.431336968909605e-07,4.650227866409478e-07
32,32,0.1,1140,100000.0,1.45381420065885,1667890000000.0,15198.0,0.961233130414644,1140.0,0.1556843850816103,0.0344292682093528,0.0095561512179879,16032311258.872808,,,,7.9898023163445e-07,4.992172249912908e-07
33,33,0.1,1160,100000.0,1.46375114566509,1670000000000.0,15557.0,1.050270494769262,1160.0,0.1573174005754248,0.0324618308018018,0.0093504823871493,17539517262.646675,,,,8.894277440465895e-07,5.670475299339722e-07
34,34,0.1,1180,100000.0,1.47374179461199,1671980000000.0,15683.0,1.1228509165291165,1180.0,0.159572818406626,0.0347505162406042,0.0099335719763116,18773842754.18352,,,,9.68576423326394e-07,6.171890853263832e-07
35,35,0.1,1200,100000.0,1.48319437300648,1673820000000.0,15792.0,1.1961337504912253,1200.0,0.1633242737149717,0.0389962521701694,0.0097337328233469,20021125942.472225,,,,1.05043323418547e-06,6.689473506721582e-07
36,36,0.1,1220,100000.0,1.49333246877473,1675530000000.0,15840.0,1.2670285544131437,1220.0,0.1638090712231976,0.0346648891675983,0.0099601386899415,21229443537.758545,,,,1.132517424839276e-06,7.205238796547146e-07
37,37,0.1,1240,100000.0,1.50355521895399,1677110000000.0,16092.0,1.3568913443829016,1240.0,0.1671963129441778,0.0352907283438726,0.0093973791846111,22756560425.780083,,,,1.233839995518565e-06,7.841465578405862e-07
38,38,0.1,1260,100000.0,1.5138667440428,1678570000000.0,16312.0,1.4482369854498107,1260.0,0.167682645722812,0.0351518512755093,0.0101876596082115,24309671566.664886,,,,1.339405261217365e-06,8.50006348617974e-07
39,39,0.1,1280,100000.0,1.52426622902487,1679910000000.0,16179.0,1.510016832488005,1280.0,0.169660252788997,0.0360078869413212,0.0096211779316662,25366923770.649246,,,,1.4197383436213823e-06,8.996032956585152e-07
40,40,0.1,1300,100000.0,1.53429754702107,1681140000000.0,16075.0,1.5746126377359926,1300.0,0.1720661633389493,0.040248848614855,0.0100178780213304,26471442898.034863,,,,1.5047606234324173e-06,9.516658780781806e-07
41,41,0.1,1320,100000.0,1.5451051452317,1682250000000.0,15975.0,1.6391221179545357,1320.0,0.1736776053624417,0.0353299307678518,0.0096968265827043,27574131829.290176,,,,1.591382173838585e-06,1.017270413535386e-06
42,42,0.1,1340,100000.0,1.55521345874571,1683250000000.0,16237.0,1.7421862585496333,1340.0,0.1757988252876207,0.0385759195731585,0.0096790173481681,29325350197.0367,,,,1.7180302274437938e-06,1.1180421132568548e-06
43,43,0.1,1360,100000.0,1.56621058572968,1684150000000.0,16503.0,1.849003227503781,1360.0,0.1760462162203077,0.0374263850793847,0.0096540888267437,31139987856.00494,,,,1.851230764987949e-06,1.211517114767557e-06
44,44,0.1,1380,100000.0,1.57645288509541,1684950000000.0,16416.0,1.9182240846174368,1380.0,0.1784810712130479,0.0350681648616874,0.0095019870277357,32321116713.7615,,,,1.9491321811636835e-06,1.2749042164170391e-06
45,45,0.1,1400,100000.0,1.58764002600254,1685640000000.0,16483.0,2.0056385165648227,1400.0,0.1800952983970421,0.035921470147514,0.0094742458462167,33807845090.62328,,,,2.068034014350606e-06,1.351389453238916e-06
46,46,0.1,1420,100000.0,1.59801278952994,1686240000000.0,16470.0,2.0837302099367774,1420.0,0.1829403998072326,0.0341050909208792,0.0093774418670384,35136692292.03792,,,,2.1790652159418453e-06,1.4226763852373477e-06
47,47,0.1,1440,100000.0,1.6093916073593,1686750000000.0,16324.0,2.144380271887739,1440.0,0.186727367538442,0.0347039120204828,0.0091157413971888,36170334236.06644,,,,2.274094702813404e-06,1.4827857517808611e-06
48,48,0.1,1460,100000.0,1.61989146064109,1687160000000.0,16688.0,2.273033721011409,1460.0,0.1895620926787548,0.0346535063652491,0.0099146221593987,38349715727.4161,,,,2.4431687975099007e-06,1.5910170440225898e-06
49,49,0.1,1480,100000.0,1.63146370843972,1687480000000.0,16521.0,2.3315906781195617,1480.0,0.191458526195717,0.0397320847642884,0.0091097880525016,39345126375.13198,,,,2.5395213577477813e-06,1.6512070360260355e-06
50,50,0.1,1500,100000.0,1.642094071436,1687720000000.0,16551.0,2.41917122542588,1500.0,0.1907074598338056,0.0368730368692034,0.0097486656908323,40828836605.75766,,,,2.6689365980859484e-06,1.7338926257886254e-06
51,51,0.1,1520,100000.0,1.65386866368164,1687870000000.0,16740.0,2.5366133076819413,1520.0,0.1933058278876473,0.0356408631567067,0.0093307592865014,42814735036.37119,,,,2.833775438381186e-06,1.8400377781184431e-06
52,52,0.1,1540,100000.0,1.66576883018961,1687940000000.0,16635.0,2.609738915291024,1540.0,0.1977321126350757,0.0378763563730137,0.0096308403559491,44050827046.76331,,,,2.9510169637327305e-06,1.926932234795382e-06
53,53,0.1,1560,100000.0,1.67662025268967,1687940000000.0,16538.0,2.684804064272029,1560.0,0.197574135532493,0.0343052474908362,0.0093080931687607,45317881722.47328,,,,3.0719276817343726e-06,2.004089813355914e-06
54,54,0.1,1580,100000.0,1.68872777614473,1687850000000.0,16628.0,2.789348449548257,1580.0,0.2004140834874577,0.0308907430257564,0.0097613408108314,47080017805.70025,,,,3.227881622803078e-06,2.1040972588512494e-06
55,55,0.1,1600,100000.0,1.69972180784833,1687690000000.0,16760.0,2.9041835852328126,1600.0,0.2031942537968236,0.0389563604082936,0.009311478917273,49013615949.61565,,,,3.3982150477597576e-06,2.212954193268874e-06
56,56,0.1,1620,100000.0,1.7120423565671,1687450000000.0,16876.0,3.0190055050585767,1620.0,0.2024941396077852,0.0344354495732472,0.0091635499092288,50944208395.11096,,,,3.570003159822751e-06,2.322931393694357e-06
57,57,0.1,1640,100000.0,1.72316997258232,1687140000000.0,16505.0,3.048049025481241,1640.0,0.2038996223839047,0.0376762494284217,0.0096413388919772,51424854328.50421,,,,3.641689307938326e-06,2.3672780404592424e-06
58,58,0.1,1660,100000.0,1.73570025312257,1686760000000.0,16579.0,3.1603515855979243,1660.0,0.2072206235490299,0.0372424641317654,0.0089632200711352,53307546405.23154,,,,3.8129689703832698e-06,2.476633110881313e-06
59,59,0.1,1680,100000.0,1.74696458987926,1686320000000.0,16818.0,3.2932098275113075,1680.0,0.2093301902550899,0.0397191801412481,0.0094080336976099,55534055963.28868,,,,4.011115609939648e-06,2.603053124245984e-06
60,60,0.1,1700,100000.0,1.75971452816092,1685800000000.0,16616.0,3.34239372286821,1700.0,0.2091195694479632,0.0339348434769842,0.0091418320226801,56346073380.11229,,,,4.107779661902458e-06,2.6638020744645924e-06
61,61,0.1,1720,100000.0,1.77259284131932,1685220000000.0,16493.0,3.404540686160304,1720.0,0.2124952535225372,0.0355410970928314,0.0090371964112519,57374000551.31067,,,,4.220701067154824e-06,2.7348561667640986e-06
62,62,0.1,1740,100000.0,1.7840729127297,1684580000000.0,16538.0,3.5026022693096133,1740.0,0.2144443300602586,0.0337168876731082,0.009514079587757,59004137308.33589,,,,4.377605648115233e-06,2.835006381119984e-06
63,63,0.1,1760,100000.0,1.79717806739436,1683880000000.0,16555.0,3.593254320230721,1760.0,0.213567190129025,0.035647375516473,0.0094384280308486,60506090847.50106,,,,4.525962894566856e-06,2.93213592340874e-06
64,64,0.1,1780,100000.0,1.80879698312742,1683120000000.0,16498.0,3.67120915680724,1780.0,0.2157955469924526,0.0357959351710181,0.0093135951600624,61790855560.054016,,,,4.657671921841314e-06,3.0193873137673173e-06
65,65,0.1,1800,100000.0,1.82212538377739,1682290000000.0,16141.0,3.6778828947715767,1800.0,0.2189777792656067,0.038317996736928,0.0096772974106268,61872656150.45276,,,,4.697683222048191e-06,3.0478240126130635e-06
66,66,0.1,1820,100000.0,1.83387836960085,1681410000000.0,16158.0,3.7656656256061263,1820.0,0.2207749834198506,0.0351797426490473,0.0093858157899106,63316278395.50397,,,,4.841134038429541e-06,3.143432679100006e-06
67,67,0.1,1840,100000.0,1.84743958356864,1680480000000.0,16246.0,3.874319626231996,1840.0,0.2203056882604391,0.0346879640389605,0.0094146171668391,65107166454.90344,,,,5.081904295440298e-06,3.256954230318028e-06
68,68,0.1,1860,100000.0,1.86114008778218,1679490000000.0,16046.0,3.907814437001445,1860.0,0.2220475365870531,0.0388579789976843,0.0092260533024413,65631352687.99557,,,,5.181044788662938e-06,3.307365082039688e-06
69,69,0.1,1880,100000.0,1.87311874637202,1678450000000.0,15975.0,3.964361422162624,1880.0,0.2241825682300119,0.0326807800510203,0.0090143025590166,66539824290.28856,,,,5.31204824420251e-06,3.377124629641455e-06
70,70,0.1,1900,100000.0,1.88705621453883,1677350000000.0,15915.0,4.028528767229092,1900.0,0.224605280237419,0.0351275829009862,0.0094298230819582,67572527277.117165,,,,5.45599383932449e-06,3.45330406424516e-06
71,71,0.1,1936,100000.0,1.91089411501287,1675250000000.0,15300.0,4.024234236756104,1936.0,0.2264811891216546,0.03795784479244,0.0091636695695468,67415984051.25664,,,,5.552764704676092e-06,3.4864842359974635e-06
72,72,0.1,1976,100000.0,1.93752271021902,1672740000000.0,14602.0,3.990510858952896,1976.0,0.23279198272975,0.0356553791298664,0.0092729541690248,66750871342.04867,,,,5.617916714837543e-06,3.495183325446732e-06
73,73,0.1,2016,100000.0,1.96452174308398,1670040000000.0,13041.0,3.6925657848704354,2016.0,0.2322806826814172,0.0341723460975327,0.0093400101482338,61667325633.65022,,,,5.30055932963648e-06,3.2666273422077057e-06
74,74,0.1,2056,100000.0,1.99424960220818,1667160000000.0,8999.0,2.636367970610374,2056.0,0.230671517600695,0.0378028749360772,0.0085550563932649,43952472258.82792,,,,3.856821459437601e-06,2.353223454178593e-06
75,75,0.1,2096,100000.0,2.02210370595017,1664110000000.0,9305.0,2.818193445748593,2096.0,0.238560133015412,0.0339722311550986,0.0087181545211563,46897838950.04692,,,,4.199341980027046e-06,2.5355473601544382e-06
76,76,0.1,2136,100000.0,2.0503324759798,1660900000000.0,9437.0,2.9497144879174004,2136.0,0.2389154720519997,0.0355833424830656,0.0088062982868825,48991807929.82011,,,,4.4740820238785085e-06,2.6728305496596813e-06
77,77,0.1,2176,100000.0,2.08169409330203,1657540000000.0,10334.0,3.328419471994817,2176.0,0.2432055881275953,0.0378844823012447,0.0084286129062609,55169884116.10289,,,,5.137249894324183e-06,3.103319558553856e-06
78,78,0.1,2216,100000.0,2.11081331072047,1654030000000.0,10456.0,3.4656514220283063,2216.0,0.2430716179214841,0.0384117033177411,0.0090149749842869,57322914215.7748,,,,5.440210082060635e-06,3.250851474251684e-06
79,79,0.1,2256,100000.0,2.14029939748533,1650380000000.0,10393.0,3.5404104278829087,2256.0,0.2499819878378177,0.0374269066946378,0.0085222778705844,58430225619.69395,,,,5.649830805578355e-06,3.290927799231873e-06
80,80,0.1,2296,100000.0,2.17335195265406,1646600000000.0,10266.0,3.592186479240368,2296.0,0.2501006845662221,0.0353203512288168,0.0088384781918759,59148942567.17191,,,,5.825085294249574e-06,3.3339914575677548e-06
81,81,0.1,2336,100000.0,2.20371744188243,1642690000000.0,10055.0,3.6101087273636887,2336.0,0.2462477799058226,0.0364422937131397,0.0085329372674454,59302895053.53058,,,,5.946211248928239e-06,3.340052258482112e-06
82,82,0.1,2376,100000.0,2.23797359782716,1638650000000.0,9987.0,3.672493251348474,2376.0,0.2509386178502636,0.0350835881167481,0.0086566766125876,60179310663.22176,,,,6.141168516626677e-06,3.387540074147434e-06
83,83,0.1,2416,100000.0,2.26922860560693,1634500000000.0,9840.0,3.7015129222695897,2416.0,0.2520247553084257,0.0404518975118512,0.0084426573196506,60501228714.496445,,,,6.282081685835131e-06,3.418453665044475e-06
84,84,0.1,2456,100000.0,2.30082002163299,1630240000000.0,9503.0,3.649699918074238,2456.0,0.2556446771961639,0.0370808494329397,0.0082778448357868,59498867944.41346,,,,6.284128165034212e-06,3.3799146282314845e-06
85,85,0.1,2496,100000.0,2.33683453482457,1625870000000.0,9020.0,3.5025430855212365,2496.0,0.2507730501564159,0.0345303716289535,0.0090315702822399,56946797264.564125,,,,6.116186463068389e-06,3.2509000998196133e-06
86,86,0.1,2536,100000.0,2.36926936284905,1621400000000.0,8591.0,3.4134718080624014,2536.0,0.256695589601348,0.0334238688356783,0.0075183598837504,55346031895.923775,,,,6.0428959416313815e-06,3.1743446327030708e-06
87,87,0.1,2576,100000.0,2.40651032556174,1616830000000.0,8002.0,3.2621296754163733,2576.0,0.2534499653660257,0.0318735243060044,0.0073767389253817,52743091231.03455,,,,5.852793799040103e-06,3.0392609411034824e-06
88,88,0.1,2616,100000.0,2.44447815484697,1612170000000.0,7948.0,3.30407753617256,2616.0,0.253505721343239,0.0369912021008871,0.006964890332827,53267346814.91316,,,,6.005880913271852e-06,3.081584593907864e-06
89,89,0.1,2656,100000.0,2.47825379676539,1607420000000.0,7569.0,3.20503281179349,2656.0,0.2573468600406936,0.0379330721900856,0.0072197292120869,51518338423.33092,,,,5.900436901107661e-06,2.9918394496121818e-06
90,90,0.1,2696,100000.0,2.51744817183723,1602580000000.0,7476.0,3.220919704835743,2696.0,0.2609337566675593,0.0351996339082073,0.0066283188360335,51617815005.75665,,,,6.003762727964156e-06,3.004358017165299e-06
91,91,0.1,2736,100000.0,2.55199416924148,1597670000000.0,7292.0,3.188522668830892,2736.0,0.2618868761611445,0.0340863814845629,0.0069739373473693,50942070123.11051,,,,6.01575634309874e-06,2.971450394025522e-06
92,92,0.1,2776,100000.0,2.59237837643355,1592670000000.0,6690.0,2.9240348330429966,2776.0,0.2609400735892642,0.0393553715491644,0.0066017595315625,46570225575.425896,,,,5.582372468685863e-06,2.7102247535043554e-06
93,93,0.1,2816,100000.0,2.62760886167192,1587600000000.0,6641.0,2.864840850788478,2816.0,0.2651180622355236,0.0378339001727408,0.0052436136524767,45482213347.117874,,,,5.532768577674964e-06,2.6536178198637007e-06
94,94,0.1,2856,100000.0,2.66918078172062,1582460000000.0,6138.0,2.757744227450257,2856.0,0.2687281810642159,0.0335834332058878,0.0055713094404341,43640199301.70934,,,,5.386297968645794e-06,2.5514616055723423e-06
95,95,0.1,2896,100000.0,2.71144037566172,1577260000000.0,5492.0,2.53400250285794,2896.0,0.2671320193273254,0.0310410442522808,0.0047576449601933,39967807876.57714,,,,5.004051834467399e-06,2.3406221158801587e-06
96,96,0.1,2936,100000.0,2.75439550712333,1571990000000.0,5224.0,2.450314320171608,2936.0,0.2745823189180313,0.0376334324644851,0.0044781947643878,38518696081.66566,,,,4.8907174420041504e-06,2.258570255620269e-06
97,97,0.1,2976,100000.0,2.79802350403656,1566650000000.0,4973.0,2.3660284885772707,2976.0,0.2750386666391206,0.0348659033846782,0.0048135152611401,37067385316.295815,,,,4.772226916876644e-06,2.1753185928795584e-06
98,98,0.1,3016,100000.0,2.84231908519533,1561260000000.0,4722.0,2.276166392403193,3016.0,0.2782850880957871,0.0378128211419881,0.0051255126161317,35536875418.03409,,,,4.638222171559853e-06,2.085852370299763e-06
99,99,0.1,3056,100000.0,2.88726023004366,1555820000000.0,4415.0,2.152045402581037,3056.0,0.2779980668005172,0.0411746220297407,0.0047439033197992,33481952782.43629,,,,4.429384410973582e-06,1.9646197076264984e-06
100,100,0.1,3096,100000.0,2.92478001758178,1550320000000.0,3954.0,1.9475264535004688,3096.0,0.2851358644601216,0.0389056275006743,0.0036795980946445,30192892113.90847,,,,4.0478084190794455e-06,1.7711121163148716e-06
101,101,0.1,3136,100000.0,2.97056522202192,1544770000000.0,3791.0,1.8798273147451352,3136.0,0.2841510556558221,0.0371697681172429,0.0046119477436034,29039008409.988422,,,,3.944433260872055e-06,1.7041931631579136e-06
102,102,0.1,3176,100000.0,3.01691424785678,1539170000000.0,3222.0,1.5457263847209766,3176.0,0.2922154682873876,0.0329412383358646,0.0041950686634636,23791356795.70985,,,,3.2735549343566298e-06,1.3962948822877186e-06
103,103,0.1,3216,100000.0,3.06375935418538,1533530000000.0,3124.0,1.4560628779091422,3216.0,0.2805920953067097,0.0368848112630388,0.0041034933642146,22329161051.600067,,,,3.111819363929284e-06,1.309867908473578e-06
104,104,0.1,3256,100000.0,3.11104952756299,1527840000000.0,2942.0,1.4610611978069166,3256.0,0.2927008418564025,0.035307020876316,0.0045253425244658,22322677404.5732,,,,3.150237882196162e-06,1.308363932672657e-06
105,105,0.1,3296,100000.0,3.15875532211423,1522110000000.0,2676.0,1.3724725855988946,3296.0,0.2985722668668652,0.0404057126263334,0.0041645251761436,20890542472.659336,,,,2.9849006276613708e-06,1.2229192456768285e-06
106,106,0.1,3336,100000.0,3.21715043294896,1516350000000.0,2437.0,1.267972317264207,3336.0,0.2919768868621358,0.0402788673401832,0.0042761861389932,19226898232.835804,,,,2.7809453129411552e-06,1.1236086004600236e-06
107,107,0.1,3376,100000.0,3.26592464868579,1510540000000.0,2258.0,1.1886133772524836,3376.0,0.2973171552310464,0.0332755669442014,0.0041629963233392,17954480508.749664,,,,2.6283733607127863e-06,1.0472003572278258e-06
108,108,0.1,3416,100000.0,3.31484076721916,1504700000000.0,2024.0,1.0747555513789544,3416.0,0.3122200553532996,0.0310845310867175,0.0036244577835507,16171846781.599129,,,,2.395638966307564e-06,9.408625614137464e-07
109,109,0.1,3456,100000.0,3.36394029242988,1498830000000.0,1777.0,0.9532335182010476,3456.0,0.300277437756217,0.0342629267781092,0.0041462503145095,14287349940.852764,,,,2.141338720509544e-06,8.289855223143931e-07
110,110,0.1,3496,100000.0,3.42527476229752,1492930000000.0,1617.0,0.8719605436170156,3496.0,0.2902387956918929,0.0362414928983331,0.0039156187174723,13017760543.82151,,,,1.973668027936957e-06,7.529043013049989e-07
111,111,0.1,3536,100000.0,3.47476477788348,1487000000000.0,1400.0,0.7618329409248122,3536.0,0.3099243169602362,0.0369374031384945,0.0036350208491938,11328455831.551958,,,,1.7371084007862262e-06,6.529677962619535e-07
112,112,0.1,3576,100000.0,3.5240643801977,1481040000000.0,1260.0,0.6891504437592231,3576.0,0.3189582965821986,0.0388330983032577,0.0036524895380168,10206593732.251598,,,,1.58263438237717e-06,5.860543560065411e-07
113,113,0.1,3616,100000.0,3.58686317822613,1475050000000.0,1151.0,0.6315523084753062,3616.0,0.3328875849783152,0.0338720101843024,0.0041724538370755,9315712326.165005,,,,1.4603821786209073e-06,5.327191087238596e-07
114,114,0.1,3656,100000.0,3.65028608558341,1469040000000.0,1012.0,0.5570074542034285,3656.0,0.3258255471072427,0.0368818094707451,0.0039237584413881,8182662305.230045,,,,1.2966325950153493e-06,4.658509320950007e-07
115,115,0.1,3696,100000.0,3.69916552933537,1463010000000.0,919.0,0.485194808167968,3696.0,0.3078081744087262,0.0374477880902111,0.0037872622944244,7098448562.978189,,,,1.1367974445331728e-06,4.022125712087821e-07
116,116,0.1,3736,100000.0,3.74720977948172,1456950000000.0,800.0,0.4018370885907623,3736.0,0.3432124240293003,0.035224931537653,0.0043884024025001,5854565462.223111,,,,9.473686130512316e-07,3.300812585753138e-07
117,117,0.1,3776,100000.0,3.81045165225431,1450880000000.0,777.0,0.4096698833413107,3776.0,0.3330350058207121,0.0407709249638048,0.0026778818928114,5943818403.422409,,,,9.71612889506086e-07,3.333156727878698e-07
118,118,0.1,3816,100000.0,3.89062691066957,1444790000000.0,641.0,0.3566768381934651,3816.0,0.3171452427793224,0.0337077274108347,0.0037697054457358,5153231290.535364,,,,8.508233553399188e-07,2.873862073379385e-07
119,119,0.1,3856,100000.0,3.93664721150638,1438680000000.0,582.0,0.3272233291217202,3856.0,0.3340985450260993,0.038306050584935,0.0039079844654623,4707696591.408364,,,,7.848873530539455e-07,2.6098685731217017e-07
120,120,0.1,3896,100000.0,4.01765442203109,1432550000000.0,482.0,0.2736290904122429,3896.0,0.3690433211566782,0.0292760748176456,0.0030276864189357,3919873534.700586,,,,6.598380139068693e-07,2.1599122423040097e-07
121,121,0.1,3936,100000.0,4.0610441522259,1426410000000.0,420.0,0.2399551541126218,3936.0,0.3531642963076902,0.0274231165256846,0.003375389697164,3422744313.7778497,,,,5.81574459890009e-07,1.8739012324861458e-07
122,122,0.1,3976,100000.0,4.14177134419615,1420260000000.0,396.0,0.2266819922205322,3976.0,0.3613256974336854,0.041508880622828,0.004224990870993,3219473662.711331,,,,5.520249517495759e-07,1.750968173241121e-07
123,123,0.1,4016,100000.0,4.20194187461122,1414090000000.0,334.0,0.1925155506164154,4016.0,0.346187220845486,0.0396133733225162,0.0029881582407195,2722343149.7116685,,,,4.709798671192002e-07,1.470400258023079e-07
124,124,0.1,4056,100000.0,4.26046906476449,1407910000000.0,309.0,0.1776923276904141,4056.0,0.3763903493604095,0.034010437972655,0.0033596383824586,2501748050.7861104,,,,4.365966808412058e-07,1.3416572641733448e-07
125,125,0.1,4096,100000.0,4.33916476461335,1401730000000.0,300.0,0.1737581725088245,4096.0,0.4311610930141271,0.0389210530945085,0.0030365824690061,2435620431.5079465,,,,4.286631985990933e-07,1.2966573562743008e-07
126,126,0.1,4136,100000.0,4.39375723050564,1395530000000.0,219.0,0.1264314256886383,4136.0,0.3997109664279041,0.0193247147394587,0.0036505688137476,1764388474.9126542,,,,3.131045511048388e-07,9.322071511135701e-08
127,127,0.1,4176,100000.0,4.4693171924677,1389330000000.0,240.0,0.1391800350539978,4176.0,0.3646213912120324,0.0354062632297133,0.0038341160838933,1933669981.015708,,,,3.459046108154652e-07,1.0137588462229769e-07
128,128,0.1,4216,100000.0,4.51798023073832,1383120000000.0,213.0,0.1232750828561136,4216.0,0.3599544443635756,0.0342076908194718,0.0024149583160763,1705042325.9994788,,,,3.073867644295757e-07,8.867257209600525e-08
129,129,0.1,4256,100000.0,4.6141951946457,1376900000000.0,170.0,0.0981884036445924,4256.0,0.406053036102271,0.0187453165065555,0.0019845404860897,1351956129.7823937,,,,2.455780112816781e-07,6.973842752190452e-08
130,130,0.1,4296,100000.0,4.6822403967796,1370680000000.0,173.0,0.0999207702424242,4296.0,0.441482325393204,0.041494549224347,0.0024444071159831,1369594013.558861,,,,2.506053480854196e-07,7.00550997613769e-08
131,131,0.1,4336,100000.0,4.77464856910558,1364460000000.0,151.0,0.0862998197108665,4336.0,0.4470033405737971,0.0318835124797946,0.0038630373775446,1177526520.0268896,,,,2.1698314513350785e-07,5.971696167078411e-08
132,132,0.1,4376,100000.0,4.83501779085518,1358230000000.0,130.0,0.0742879314443479,4376.0,0.4401988156219172,0.0472998293195318,0.0040239314765587,1009000971.2565676,,,,1.872012643797326e-07,5.072247899752408e-08
133,133,0.1,4416,100000.0,4.85986029179908,1352000000000.0,131.0,0.073256833299898,4416.0,0.4162764478445124,0.0220588181759692,0.001152269065421,990432386.214621,,,,1.849691878265101e-07,4.9345357693051484e-08
134,134,0.1,4456,100000.0,4.93811886690595,1345770000000.0,101.0,0.0537845560288814,4456.0,0.5400378564191386,0.0470438311397574,0.0031151121772642,723816419.6698779,,,,1.360345939412699e-07,3.5734809084763226e-08
135,135,0.1,4496,100000.0,5.04311620735308,1339540000000.0,83.0,0.0437886715538239,4496.0,0.5323901472396506,0.0420787236901036,0.0064402180082489,586566770.932093,,,,1.1091164206613885e-07,2.8691221286711927e-08
136,136,0.1,4536,100000.0,5.1439527597377,1333310000000.0,71.0,0.0388495084726831,4536.0,0.4907307078754205,0.0414284953205888,0.0062560388390144,517984381.4171318,,,,9.851765917819985e-08,2.5097650315093145e-08
137,137,0.1,4576,100000.0,5.16882861700551,1327080000000.0,75.0,0.0414473453936852,4576.0,0.5128226403825389,0.043564433901775,0.0061834284324565,550039431.2505183,,,,1.0519651933969045e-07,2.6396968081659572e-08
138,138,0.1,4616,100000.0,5.25364767820562,1320850000000.0,46.0,0.0252095019817253,4616.0,0.4508337124928616,0.0414057840518435,0.0057409713876158,332979706.92561907,,,,6.402421292817155e-08,1.5825264503603868e-08
139,139,0.1,4656,100000.0,5.3293036223888,1314630000000.0,46.0,0.0251652729012647,4656.0,0.6029799215967863,0.0442952761755685,0.0064633476132692,330830227.1418967,,,,6.39360801580494e-08,1.5568437319325063e-08
140,140,0.1,4696,100000.0,5.35604891573161,1308410000000.0,56.0,0.030128490444045,4696.0,0.5897666526111922,0.0327437810402241,0.0067964749525373,394204181.81892985,,,,7.655465617378994e-08,1.836588165168789e-08
141,141,0.1,4736,100000.0,5.48516515738505,1302190000000.0,33.0,0.0175624376083988,4736.0,0.6101888645945948,0.0395301296292808,0.0068756699566846,228696306.29280925,,,,4.461840748592072e-08,1.0547224208590721e-08
142,142,0.1,4776,100000.0,5.52251087964269,1295970000000.0,17.0,0.0088886775895713,4776.0,0.4677977438694758,0.0478733737013629,0.0056534401702418,115194594.9575674,,,,2.2572135645323567e-08,5.258413626392606e-09
143,143,0.1,4816,100000.0,5.58384346440811,1289760000000.0,35.0,0.0178667098287429,4816.0,0.5383078325082855,0.0481185910732675,0.0058480899186716,230437676.68719512,,,,4.53406239150947e-08,1.0410434604662206e-08
144,144,0.1,4856,100000.0,5.66961940354871,1283560000000.0,33.0,0.0167404615298255,4856.0,0.3981158128917288,0.0444879222478097,0.0048200835562915,214873868.0122293,,,,4.244288993739522e-08,9.606100549175865e-09
145,145,0.1,4896,100000.0,5.69197928332433,1277370000000.0,17.0,0.0087855981040171,4896.0,0.5592482942389634,0.0371560040917385,0.0067679277559321,112224594.50128336,,,,2.2248485344429988e-08,4.964161236242439e-09
146,146,0.1,4936,100000.0,5.77981050647594,1271180000000.0,21.0,0.0106537191828146,4936.0,0.6687903656710518,0.0429391889528402,0.0069952156438115,135427947.50810298,,,,2.6940870795047506e-08,5.926835211444703e-09
147,147,0.1,4976,100000.0,5.84309365791407,1264990000000.0,11.0,0.0055272524627707,4976.0,0.6025878901990034,0.0349012056337477,0.0071186352153401,69919190.92880411,,,,1.3953497699830684e-08,3.0271271714998274e-09
148,148,0.1,5016,100000.0,5.87732309837458,1258820000000.0,6.0,0.0029119103037943,5016.0,0.5568125239418225,0.0363453664575795,0.0061158182622541,36655709.28622427,,,,7.337039980160328e-09,1.5698591709275782e-09
149,149,0.1,5056,100000.0,5.97462265476542,1252650000000.0,5.0,0.0024027453073013,5056.0,0.4762388059074485,0.0245074339627192,0.0060409448580519,30097989.09191075,,,,6.040884529085732e-09,1.2749646752694015e-09
150,150,0.1,5096,100000.0,5.98670584712395,1246500000000.0,8.0,0.0036926804290217,5096.0,0.51962229819035,0.0353688098459391,0.0052868287097397,46029261.54775573,,,,9.261661963515317e-09,1.9284942231288835e-09
151,151,0.1,5136,100000.0,6.05619589798946,1240350000000.0,9.0,0.0040724196738014,5136.0,0.3800889318140268,0.0436658081754507,0.0050698721774102,50512257.42399588,,,,1.0187111773547313e-08,2.0929672409533606e-09
152,152,0.1,5176,100000.0,6.07823469786764,1234210000000.0,5.0,0.0021558491437887,5176.0,0.4875419421233298,0.0330307972864492,0.0043334023544223,26607705.71755566,,,,5.377258005293825e-09,1.090270625042232e-09
153,153,0.1,5216,100000.0,6.14920264259965,1228090000000.0,3.0,0.0012342809050694,5216.0,0.0,0.0223832670827328,0.0016613736059716,15158080.367067585,,,,3.0690935736979194e-09,6.142076757750927e-10
154,154,0.1,5256,100000.0,6.21171128479502,1221970000000.0,2.0,0.0008087463001533,5256.0,0.6188467078340633,0.0355163252547801,0.0093176721476669,9882637.16398447,,,,2.004272562381179e-09,3.9595675623202924e-10
155,155,0.1,5296,100000.0,6.20937265815489,1215870000000.0,,,5296.0,,,,,,,,,
156,156,0.1,5336,100000.0,6.29748096597792,1209770000000.0,2.0,0.0007436308099229,5336.0,0.0,0.003069499616089,0.0001437371814822,8996222.44920447,,,,1.8294133397074663e-09,3.5238675602264327e-10
157,157,0.1,5376,100000.0,6.33136271650017,,,,5376.0,,,,,,,,,
158,158,0.1,5416,100000.0,6.36614235030186,1197630000000.0,,,5416.0,,,,,,,,,
159,159,0.1,5456,100000.0,6.40184070985492,1191570000000.0,2.0,0.0006138585674782,5456.0,0.0,0.025855364611352,0.0006456536682646,7314554.532500717,,,,1.4911715663229434e-09,2.769053509965685e-10
160,160,0.1,5496,100000.0,6.43847955608377,1185530000000.0,,,5496.0,,,,,,,,,
161,161,0.1,5536,100000.0,6.47608160855513,1179500000000.0,,,5536.0,,,,,,,,,
162,162,0.1,5576,100000.0,6.51467058819009,1173490000000.0,,,5576.0,,,,,,,,,
163,163,0.1,5616,100000.0,6.61780373571361,1167490000000.0,,,5616.0,,,,,,,,,
164,164,0.1,5656,100000.0,6.65949546873268,1161500000000.0,,,5656.0,,,,,,,,,
165,165,0.1,5696,100000.0,6.5091839297979,1155530000000.0,,,5696.0,,,,,,,,,
166,166,0.1,5736,100000.0,6.54984666055737,1149580000000.0,,,5736.0,,,,,,,,,
167,167,0.1,5776,100000.0,6.59156613541509,1143640000000.0,,,5776.0,,,,,,,,,
168,168,0.1,5816,100000.0,6.44331800086203,1137710000000.0,,,5816.0,,,,,,,,,
169,169,0.1,5856,100000.0,6.48400425509237,1131810000000.0,,,5856.0,,,,,,,,,
170,170,0.1,5896,100000.0,6.40053728632138,1125910000000.0,,,5896.0,,,,,,,,,
171,171,0.1,5936,100000.0,6.91085639789351,1120040000000.0,,,5936.0,,,,,,,,,
172,172,0.1,5976,100000.0,7.43256615550895,,,,5976.0,,,,,,,,,
