,Simulation Number,SU.numberRays,SU.photonEnergy,PG.cFactor,SU.electronSigmaX,SU.electronSigmaY,SU.electronSigmaYs,ExitSlit.openingHeight,SourcePhotonFlux,SourceBandwidth,NumberRaysSurvived,PercentageRaysSurvived,PhotonEnergy,Bandwidth,HorizontalFocusFWHM,VerticalFocusFWHM,HorizontalCenter,VerticalCenter,PhotonFlux1,PhotonFlux3,PhotonFlux5,PhotonFlux7,PhotonFlux9,EnergyPerMilPerBw,FluxPerMilPerBwPerc,FluxPerMilPerBwAbs1,FluxPerMilPerBwAbs3,FluxPerMilPerBwAbs5,FluxPerMilPerBwAbs7,FluxPerMilPerBwAbs9,AXUVCurrentAmp1,AXUVCurrentAmp3,AXUVCurrentAmp5,AXUVCurrentAmp7,AXUVCurrentAmp9,GaAsPCurrentAmp1,GaAsPCurrentAmp3,GaAsPCurrentAmp5,GaAsPCurrentAmp7,GaAsPCurrentAmp9
0,0,1000000.0,150,20,17.15,2.43,0.81,0.001,,0.0003,1724.5,6.805333249289625e-05,150.0,0.0001246614739187,0.025006744370014,4.3140133080073664e-05,-0.0033766231655639,4.803781096452563e-07,1542677030.9245384,1003786654.2702196,813917856.6150391,703671457.9765471,627519778.9169962,2.410239255254691,0.0001641275988564,3720550744.859754,2420882083.132558,1962966082.3230767,1697079372.1756368,1513420589.0552754,9.414372407688722e-09,6.1257289709591795e-09,4.967031762215036e-09,4.294239834557146e-09,3.8295150400823455e-09,6.111257807744416e-09,3.976463579380663e-09,3.2243053836876432e-09,2.7875683668336313e-09,2.485896316302989e-09
1,1,1000000.0,175,20,17.15,2.43,0.81,0.001,,0.00035,1142.5,3.65966865236589e-05,175.0,0.0001450568449001,0.0278184156039709,4.130611171153653e-05,-0.0037135373197656,-3.717541205252712e-07,826589503.1505616,539801126.2239687,437696370.8229605,378409738.65463305,337458046.43465865,2.417368890420817,8.836889759444219e-05,1995940345.8378963,1303441239.5180223,1056892015.2295288,913734401.1265324,814849604.7183514,5.936771557922444e-09,3.876986050374796e-09,3.1436442822022077e-09,2.7178329329407044e-09,2.4237076861359994e-09,3.7112310531102555e-09,2.423605301677029e-09,1.965174197156425e-09,1.6989883945315576e-09,1.5151230160517882e-09
2,2,1000000.0,200,20,17.15,2.43,0.81,0.001,,0.0004,1068.5,3.245836328009662e-05,200.0,0.0001858981810726,0.0266135769265491,3.732006401226212e-05,-0.0021986812699202,-1.0841473860308789e-07,729976445.0980084,478760858.3814251,388202024.82995546,335619476.316199,299298567.8057709,2.1623976046927598,7.029638354817607e-05,1580939362.9286823,1036871657.3355968,840744747.2361857,726864605.8881404,648202952.6977315,6.067173534686884e-09,3.9792040262693175e-09,3.22652746808007e-09,2.78948946655083e-09,2.48760951364267e-09,3.59961362126902e-09,2.360835227948819e-09,1.9142772424588397e-09,1.6549855089485287e-09,1.4758821448756655e-09
3,3,1000000.0,225,20,17.15,2.43,0.81,0.001,,0.00045,1105.5,3.806169798578191e-05,225.0,0.0001937402995792,0.0250659820845864,4.639739670878975e-05,-0.0015732350716653,-4.378177462137613e-07,851785473.0859216,561410045.2902831,455217907.9099516,393557957.1729848,350966917.1268949,2.322697532860717,8.840644092421532e-05,1978454091.4229624,1303995003.632176,1057341033.4536152,914122599.1563864,815195791.7621894,8.029015794887991e-09,5.291907720278501e-09,4.2909299209851455e-09,3.7097170052664205e-09,3.3082495653347836e-09,4.596332654785797e-09,3.029433355494907e-09,2.456408334353837e-09,2.123684128529989e-09,1.89385796413685e-09
4,4,1000000.0,250,20,17.15,2.43,0.81,0.001,,0.0005,1452.0,5.791482725272464e-05,250.0,0.0001910231116397,0.0244658205180689,4.2838653619226016e-05,-0.0020105774111009,-2.1271133561609278e-07,1288375577.7122562,854243701.9776886,692661333.9425868,598839313.7931728,534032622.0973739,2.6224862988446573,0.0001520772760394,3383117202.772704,2243139821.582684,1818844221.4324677,1572479034.2484708,1402304562.3602655,1.3586104624845682e-08,9.008121941268591e-09,7.304212774072701e-09,6.314846160862184e-09,5.631450333588994e-09,7.61001522570736e-09,5.04573952733425e-09,4.091325067587636e-09,3.537148929670246e-09,3.1543568936643467e-09
5,5,1000000.0,275,20,17.15,2.43,0.81,0.001,,0.00055,1714.5,7.827140512797854e-05,275.0,0.0002286298739591,0.0222618361761095,4.116322347133368e-05,-0.0014364250410818,2.1263113604120626e-07,1730365200.5713434,1154503225.6376834,936126005.3306234,809326329.023298,721740626.6850901,2.409355070057833,0.0001886765327156,4171118505.4361687,2782978857.557383,2256571331.2804275,1950915348.2809043,1739786308.171975,2.0193626838231506e-08,1.34732294167521e-08,1.0924733818600344e-08,9.444962180963842e-09,8.422823623855666e-09,1.1082671452588944e-08,7.394381218757679e-09,5.995715211955379e-09,5.183586562844367e-09,4.6226162181806485e-09
6,6,1000000.0,300,20,17.15,2.43,0.81,0.001,,0.0006,1948.0,9.826414627311216e-05,300.0,0.000239391046449,0.0221729437496749,3.591069949425335e-05,-0.0011894689410987,-5.25304650574652e-09,2157280128.8971205,1449396157.5284324,1175239189.4264443,1016051272.4639992,906093692.7843848,2.5063595694493643,0.000246286460119,5406945529.80292,3632725286.756499,2945586063.024252,2546601997.6313357,2271007448.7580795,2.757337255302665e-08,1.8525521879668077e-08,1.5021372317344423e-08,1.2986704829543589e-08,1.1581277101858938e-08,1.5029226404650444e-08,1.0097577365931436e-08,8.187594935358641e-09,7.078572878897021e-09,6.312526162118899e-09
7,7,1000000.0,325,20,17.15,2.43,0.81,0.001,,0.00065,2192.0,0.0001203953309906,325.0,0.0002700430362096,0.022423897626834,3.975896611888943e-05,-0.0010956948871494,-3.58445747529103e-07,2623426332.949377,1775257677.289397,1439928158.6483996,1244887722.4435158,1110165347.0649576,2.41061592256374,0.0002901349025758,6322068615.635975,4278107871.868604,3470013434.8072844,2999994892.634392,2675333936.652004,3.6473260179602585e-08,2.4681247701291013e-08,2.00191915857134e-08,1.7307561956210423e-08,1.5434528897312982e-08,1.9774297085965226e-08,1.3381154360601026e-08,1.0853579852402037e-08,9.383446126575006e-09,8.367964867809297e-09
8,8,1000000.0,350,20,17.15,2.43,0.81,0.001,,0.0007,2453.5,0.0001451899360458,350.0,0.0002681728365416,0.0223637746213465,3.890582471619552e-05,-0.0009309496948806,1.5862110220614082e-07,3136187724.312354,2133227638.605884,1736471635.1085289,1501263938.7142298,1338796400.2789085,2.61512686455905,0.0003794997736008,8197417560.474,5575864470.622715,4538817292.266762,3924027659.033304,3499367412.3738976,4.7110907916005124e-08,3.204473063495402e-08,2.6084776324507113e-08,2.255155411332805e-08,2.0111013585976597e-08,2.5444297072883117e-08,1.7307152036848897e-08,1.408821920952586e-08,1.2179948714590084e-08,1.0861828539384446e-08
9,9,1000000.0,375,20,17.15,2.43,0.81,0.001,,0.00075,2771.5,0.0001737184466318,375.0,0.0002620209559154,0.0234887042414946,4.146967195747621e-05,-0.0009235568287765,8.10485410715668e-08,3718894005.602295,2542945730.548394,2077672621.7177367,1796248738.17403,1601857796.392914,2.86870134885059,0.0004981477735768,10664145374.1795,7292045137.173841,5957847371.980213,5150847978.785568,4593420620.152971,6.000862229568007e-08,4.103334745034677e-08,3.3525631927910456e-08,2.8984534626638298e-08,2.5847813712981795e-08,3.229131613745513e-08,2.208050683397496e-08,1.8040520476505745e-08,1.5596904826678044e-08,1.3908999942630388e-08
10,10,1000000.0,400,20,17.15,2.43,0.81,0.001,,0.0008,3270.0,0.0002149500072566,400.0,0.0003064794721296,0.0224829751862958,3.851829375817557e-05,-0.0009228171478455,4.592495200796546e-07,4555979744.632652,3134463120.6476307,2570802086.7896705,2222583075.0338798,1982054016.9136748,2.615195571922356,0.0005622107683801,11916356299.052654,8198319888.467648,6724040789.826614,5813259345.05077,5184145495.233379,7.859513305625335e-08,5.4072572714452035e-08,4.4348865314988235e-08,3.834174476228915e-08,3.419238186199886e-08,4.228208984179089e-08,2.9089605024942752e-08,2.3858509232215367e-08,2.062683824925644e-08,1.8394591440657015e-08
11,11,1000000.0,425,20,17.15,2.43,0.81,0.001,,0.00085,3743.0,0.000255202526304,425.0,0.0003530373135447,0.0210909153875432,4.024861363554067e-05,-0.0006937714719467,-1.9599695428009362e-07,5350881180.199796,3706118876.2833614,3052222214.5972214,2638794121.9845543,2353222495.050249,2.411538891004456,0.0006159571660127,12914894124.12611,8945093581.173046,7366847705.513239,6368997096.572482,5679741027.804146,9.82812517783899e-08,6.807140546280043e-08,5.6061087857163646e-08,4.8467529134036134e-08,4.322234875676471e-08,5.344726727373227e-08,3.7018561888818655e-08,3.0487116231631493e-08,2.6357590454437258e-08,2.3505158760190132e-08
12,12,1000000.0,450,20,17.15,2.43,0.81,0.001,,0.0009,4179.5,0.0002931411490383,450.0,0.000374537061333,0.0198968281122439,4.218210487668314e-05,-0.000869198481447,2.472830074631926e-07,6074762636.505065,4237631797.4050384,3505968142.49938,3031079481.057156,2703054535.2831755,2.4068277716992608,0.0007048269222505,14606124955.625912,10188937947.448973,8429729990.117106,7287910376.071142,6499209050.072728,1.1829364679143593e-07,8.251926026903806e-08,6.827159873187293e-08,5.9024107933742986e-08,5.263648928984952e-08,6.49884475071283e-08,4.5334629202670665e-08,3.750721472165542e-08,3.2426806038621825e-08,2.8917560781637514e-08
13,13,1000000.0,475,20,17.15,2.43,0.81,0.001,,0.00095,4570.0,0.0003275328519736,475.0,0.0004108821305806,0.0208318814855377,4.0807567346294135e-05,-0.0008052383521032,-2.068728768981015e-07,6701554837.900644,4712509230.43902,3917292909.605048,3386689689.407709,3020180428.049176,2.3121031961222105,0.0007572724700127,15494332719.428576,10895558974.889198,9056978741.353235,7830197339.932479,6982809445.988142,1.379633078334652e-07,9.701530127757253e-08,8.064437293047549e-08,6.972097124591274e-08,6.217573267490923e-08,7.650823057998789e-08,5.380031224600048e-08,4.47217334524269e-08,3.8664107349338985e-08,3.447985820776158e-08
14,14,1000000.0,500,20,17.15,2.43,0.81,0.001,,0.001,4764.0,0.0003472393683031,500.0,0.0004158411723551,0.0196775628740274,4.206800756265672e-05,-0.0004987605589937,-1.5652289288839474e-07,7009498819.470684,4971890195.409551,4152982844.905924,3590455068.254787,3201894215.123539,2.440879976393433,0.0008486949558315,17132061724.632832,12151900144.30809,10150391671.746124,8775505843.29891,7825816187.72333,1.5209991376606517e-07,1.0788561200346177e-07,9.011604807286905e-08,7.790969373523963e-08,6.947826749832152e-08,8.505186981244401e-08,6.03279305001256e-08,5.0391470967524173e-08,4.356587038496656e-08,3.8851149982570275e-08
15,15,1000000.0,525,20,17.15,2.43,0.81,0.001,,0.00105,4878.5,0.0003607096204433,525.0,0.0004018842125219,0.0190220223887423,4.040449851956396e-05,-0.0005986059693321,5.043642650162802e-07,7179768871.097019,5137131408.346525,4314087060.502008,3729737475.383844,3326103410.107778,2.61773304763952,0.0009443306700582,18796493258.410275,13448908679.11733,11294194813.89671,9764379128.402342,8707673108.607157,1.6372929545513344e-07,1.1714846553556255e-07,9.837955059968069e-08,8.505389240808514e-08,7.584931739796454e-08,9.218275204027697e-08,6.595684614866586e-08,5.5389584946020766e-08,4.7886982302830655e-08,4.2704628995590084e-08
16,16,1000000.0,550,20,17.15,2.43,0.81,0.001,,0.0011,4911.0,0.0003674770179957,550.0,0.0004575053592929,0.0209626140648183,4.392625670486259e-05,-0.0004412954333288,1.1038471276865527e-09,7203946175.125838,5206122106.22986,4385383216.299625,3799712366.076392,3388505582.939112,2.4084004439774094,0.0008852980886114,17355207174.813244,12542199168.973667,10564936551.3894,9153982236.243416,8163333675.087093,1.714814140904728e-07,1.2392557620523486e-07,1.0438885813115468e-07,9.04476565804511e-08,8.065936569906572e-08,9.778855815267073e-08,7.066948613425342e-08,5.952852662192068e-08,5.157845223170243e-08,4.5996606192314124e-08
17,17,1000000.0,575,20,17.15,2.43,0.81,0.001,,0.00115,5612.0,0.0004244701946432,575.0,0.0004588992739513,0.0197679015208901,4.024433470933472e-05,-0.0003650351763866,3.676902287373153e-07,8185404632.386681,5976829209.927658,5045049152.444264,4389021812.611422,3914039664.805601,2.523082429772435,0.0010713344850355,20659415825.451508,15085118636.29116,12733367864.038908,11077598575.267694,9878775286.5129,2.0397188072524897e-07,1.4893644840708193e-07,1.257174458919e-07,1.0936991802706547e-07,9.753385049589657e-08,1.1680553207586321e-07,8.528921261020217e-08,7.199273304932654e-08,6.263123830020922e-08,5.585325419402605e-08
18,18,1000000.0,600,20,17.15,2.43,0.81,0.001,,0.0012,6195.5,0.0004728499271844,600.0,0.0004794650473626,0.0189041013264192,4.375457528718783e-05,-0.0005171311670797,-2.9245759617080855e-08,8961320936.319977,6619458248.03732,5593946576.915288,4889268247.086975,4360149178.5676,2.5027898165068967,0.0011834478523851,22428376122.99266,16567166868.860588,14000518308.68872,12236850793.66252,10912572646.843533,2.332829671013946e-07,1.723191113987804e-07,1.456227786665325e-07,1.2727844608402912e-07,1.1350430864031265e-07,1.3314198385475369e-07,9.834797899218235e-08,8.311153568994508e-08,7.264184361223619e-08,6.478050676483847e-08
19,19,1000000.0,625,20,17.15,2.43,0.81,0.001,,0.00125,6610.0,0.0005087162806739,625.0,0.000520031014389,0.0180066534836003,4.4090021858922434e-05,-0.000454996131895,-8.159616570506215e-08,9463967291.064682,7078448062.319294,5996053254.027931,5260126342.168964,4690872824.09478,2.4077679424977285,0.0012254265834661,22797377524.775715,17050994345.528454,14443656184.208635,12670910873.03969,11299658526.141102,2.568228302316328e-07,1.920872092118089e-07,1.6271435853048105e-07,1.4274357603150832e-07,1.2729579444744084e-07,1.4594606255106832e-07,1.0915841019897703e-07,9.246654562068439e-08,8.111764385381232e-08,7.233905164177984e-08
20,20,1000000.0,650,20,17.15,2.43,0.81,0.001,,0.0013,7340.0,0.0005701746278584,650.0,0.0004975906364279,0.0185134057090406,3.89740434808328e-05,-0.0003470534801339,2.765521251308868e-07,10400906868.461285,7880444999.467433,6686464896.440217,5895605652.056886,5257580243.483225,2.6173286808384297,0.0014923344065803,27222591853.55313,20625714714.875896,17500676346.87234,15430737764.04164,13760815563.07814,2.9380920628871106e-07,2.226101358061581e-07,1.888820820093609e-07,1.665415563401091e-07,1.4851834535900828e-07,1.668253005153696e-07,1.263983633213214e-07,1.0724752464773606e-07,9.456254123444588e-08,8.432893546642412e-08
21,21,1000000.0,675,20,17.15,2.43,0.81,0.001,,0.00135,7766.0,0.0006073384304651,675.0,0.0005615690147919,0.0176741730768628,4.37301722703361e-05,-0.0003631716775496,1.465090884005936e-07,10848381745.651571,8336077669.568962,7093380772.19022,6279879371.010342,5600267667.319763,2.4078696873082284,0.0014621344291358,26116892419.56401,20068656210.82422,17076930630.004215,15118469997.265535,13482341571.06243,3.184239064001879e-07,2.4468224642477266e-07,2.082063544611307e-07,1.843282959544271e-07,1.6438019506728942e-07,1.811559934949715e-07,1.3920329017618944e-07,1.1845162450513193e-07,1.0486704958921289e-07,9.351828474488705e-08
22,22,1000000.0,700,20,17.15,2.43,0.81,0.001,,0.0014,7958.5,0.0006232854942581,700.0,0.0005590683780382,0.0177974036480471,4.528376222248849e-05,-0.0004607440773682,-1.9383389782225653e-08,10883755890.657028,8494203946.83429,7246088917.152723,6444772010.62948,5747315542.554587,2.504168187021527,0.0015607971784291,27254501574.86621,21270717312.29857,18145256452.663567,16138642824.958776,14392110782.296408,3.315260711758715e-07,2.5873881135812164e-07,2.207204400970489e-07,1.9631182155990374e-07,1.750668575052101e-07,1.8869496733924469e-07,1.472665826414471e-07,1.2562763491720093e-07,1.1173496137473504e-07,9.964294766309784e-08
23,23,1000000.0,725,20,17.15,2.43,0.81,0.001,,0.00145,8238.0,0.0006449821180712,725.0,0.000554840500456,0.0179614926214528,4.597840168214519e-05,-0.0003329076366718,1.6232769257226442e-07,10997286889.555285,8723356534.349728,7460509948.681346,6669115100.857315,5947380110.735523,2.6185969707753305,0.0016884441269164,28788867071.55652,22836137149.76421,19530237899.18585,17458512272.316982,15569143294.297377,3.471140868838585e-07,2.753406334119556e-07,2.3548063486313122e-07,2.1050135563491266e-07,1.8772079306668567e-07,1.9704938719642938e-07,1.5630510294517682e-07,1.336774177417111e-07,1.194972048073513e-07,1.0656515720779369e-07
24,24,1000000.0,750,20,17.15,2.43,0.81,0.001,,0.0015,8500.5,0.0006647304246055,750.0,0.0005741375343859,0.0179984852967015,4.4280765164665206e-05,-0.0003563427922027,-1.7405425449660398e-07,11044506976.541504,8922262826.118942,7647450799.107494,6873312590.421528,6129479245.287902,2.617597510012794,0.0017394117212145,28900354457.872334,23347041093.714874,20011218179.569145,17985517197.359013,16039115481.31987,3.6082444087224e-07,2.9149064801058764e-07,2.4984249315491e-07,2.2455136998388539e-07,2.0025030779704134e-07,2.0399412235283426e-07,1.64795873503572e-07,1.4124985545429265e-07,1.2695137705266642e-07,1.1321263518400745e-07
25,25,1000000.0,775,20,17.15,2.43,0.81,0.001,,0.00155,8982.0,0.0007014081499532,775.0,0.0006183043070677,0.0157640649218515,4.4033728072268026e-05,-0.0004650402504934,7.675635031355606e-08,11342216702.096514,9342097865.69991,8025933182.566652,7223275060.9609585,6467684550.719006,2.523851375598012,0.0017692471944426,28609854448.20198,23564711131.74279,20244788668.319386,18220146340.10841,16314228379.956123,3.8301498397881413e-07,3.154730295091409e-07,2.710275028308696e-07,2.439225642053852e-07,2.1840705037100641e-07,2.155343828369445e-07,1.775264351556411e-07,1.5251556204840506e-07,1.3726277439558525e-07,1.229044052531275e-07
26,26,1000000.0,800,20,17.15,2.43,0.81,0.001,,0.0016,9533.0,0.0007437527082893,800.0,0.0006386330425129,0.018292678630288,4.377021989056354e-05,-0.0003110159085913,1.1226338730470073e-07,11681038145.423285,9826435859.769323,8464925761.789988,7627471830.054474,6858143723.136271,2.5225184614308205,0.0018750908602236,29449315102.038254,24773637613.510998,21341105385.5677,19229782366.835594,17290212822.123024,4.073607080956264e-07,3.4268391388313826e-07,2.952030555307055e-07,2.659979607110376e-07,2.391686636493841e-07,2.284285812565053e-07,1.9216089993975584e-07,1.6553588457931202e-07,1.49159051363595e-07,1.3411445294723478e-07
27,27,1000000.0,825,20,17.15,2.43,0.81,0.001,,0.00165,10187.5,0.0007929484256441,825.0,0.0007140628928823,0.0172365951237549,4.24550502083824e-05,-0.0003200067008775,-9.875656417216295e-08,12077279272.760187,10390097728.737371,8968995904.982454,8095421466.378616,7311777432.864815,2.310723052113018,0.0018323088144121,27907622425.27776,24008960778.88488,20725143933.25836,18706528229.9752,16895719577.69447,4.345325029945117e-07,3.7382882936298977e-07,3.226985276998437e-07,2.912678984343008e-07,2.630729055349072e-07,2.4256459933701856e-07,2.0867861342976603e-07,1.8013667225981258e-07,1.6259147611874725e-07,1.468524759085883e-07
28,28,1000000.0,850,20,17.15,2.43,0.81,0.001,,0.0017,10659.0,0.0008268096626284,850.0,0.0007357776206049,0.0173960653001142,4.605350889979043e-05,-0.000238899385512,-1.3972604313540318e-07,12186122208.307783,10742423349.922302,9296267803.26048,8402093812.409964,7624011899.096844,2.310480963825567,0.0019103295276129,28155826103.465546,24820184682.21329,21478867124.88456,19412893473.68769,17615148574.119827,4.518178993666989e-07,3.9829070061030217e-07,3.446724166245405e-07,3.1151963780709257e-07,2.826711387030308e-07,2.5088779972634e-07,2.211649376167813e-07,1.913914972259837e-07,1.729822492878606e-07,1.5696310423900282e-07
29,29,1000000.0,875,20,17.15,2.43,0.81,0.001,,0.00175,10970.0,0.0008485955037657,875.0,0.000757085579039,0.0153241199800432,4.45582774053784e-05,-0.0002324240249779,1.6687586404344638e-08,12075597365.977676,10927294261.287209,9484765082.52562,8584453950.147076,7824899140.224291,2.3114965876326807,0.0019615244544024,27912685643.24276,25258388500.586277,21923989192.82024,19842924309.85247,18087216994.045387,4.610067711510482e-07,4.1716831823214236e-07,3.620972771202799e-07,3.2772634576258536e-07,2.987290299510043e-07,2.543162625041105e-07,2.3013260144320678e-07,1.997524373670696e-07,1.8079157312672598e-07,1.6479508578351424e-07
30,30,1000000.0,900,20,17.15,2.43,0.81,0.001,,0.0018,11215.5,0.0008643866861993,900.0,0.0007496123167811,0.0168194382073825,4.585952838326669e-05,-0.0003129862905231,6.060033773427094e-09,11852732686.16697,11028741236.855318,9602290876.5927,8700700982.575092,7970509633.444636,2.405101507945756,0.0020799885270623,28521434208.99195,26538649434.157524,23106157435.911003,20936646190.9872,19179574208.04228,4.655808773361873e-07,4.332141082504585e-07,3.771824716825743e-07,3.41767599435936e-07,3.130853421073611e-07,2.549117302508737e-07,2.371904931642483e-07,2.065124259978558e-07,1.8712231184055652e-07,1.7141839400578606e-07
31,31,1000000.0,925,20,17.15,2.43,0.81,0.001,,0.00185,11643.5,0.0008918336590115,925.0,0.0007704846951809,0.0166285806576701,4.393640772262233e-05,-0.000196534575292,-8.550133792167035e-08,11740405574.455042,11270041192.147816,9845572457.161026,8932560029.019459,8223598169.74627,2.4049758201172797,0.0021443457302042,28228906041.00972,27097950907.56198,23672924930.112778,21477656471.55453,19773011978.213737,4.741354504360462e-07,4.551398180569101e-07,3.976127487395985e-07,3.607408062734453e-07,3.321094316282748e-07,2.573882696050092e-07,2.470763367098369e-07,2.1584730118124922e-07,1.958310685633113e-07,1.8028829493278917e-07
32,32,1000000.0,950,20,17.15,2.43,0.81,0.001,,0.0019,11839.5,0.0009005037021246,950.0,0.0007910323645887,0.01615379888442,4.4505795213112246e-05,-0.0001542285026558,1.0072637367129533e-07,11361101844.253574,11268405295.336826,9878494844.103966,8973944222.451235,8303544637.291893,2.4056794006037165,0.0021668183851626,27337416041.433777,27114366890.20872,23769923649.880917,21593367448.409508,19980232329.58516,4.71269640710933e-07,4.674244970002255e-07,4.097696490856115e-07,3.722480026542181e-07,3.44439170732638e-07,2.535207593338043e-07,2.514522540258546e-07,2.2043667491802586e-07,2.002518052107574e-07,1.852919699573987e-07
33,33,1000000.0,975,20,17.15,2.43,0.81,0.001,,0.00195,12073.5,0.0009113031160021,975.0,0.0008116285803225,0.0169796018492155,4.6197656420525e-05,-0.0001675799532626,7.325917659799586e-08,10967391977.65803,11288627818.50908,9928413621.258392,9032519203.134789,8390320827.729103,2.406465033435177,0.0021935265182994,26398752201.261715,27171973891.34684,23897908588.765503,21741471143.042984,20195685617.101776,4.670472860937561e-07,4.807271407001351e-07,4.228023076471826e-07,3.846505704371368e-07,3.57302499995408e-07,2.487145628467248e-07,2.5599943347875173e-07,2.251529861067344e-07,2.0483621535445807e-07,1.902726720321003e-07
34,34,1000000.0,1000,20,17.15,2.43,0.81,0.001,,0.002,12502.5,0.0009354952992463,1000.0,0.0007656836779688,0.017128679012846,4.475118544010984e-05,-0.0002445020969268,1.0173440324804629e-07,10709424388.111866,11469010787.097725,10120752016.810276,9222359994.56586,8574620923.985846,2.617010561889766,0.0024485038904952,28030143283.864883,30018234784.252453,26489390922.50055,24137998709.811157,22442649053.197517,4.67772763702852e-07,5.009504412556374e-07,4.420603731896018e-07,4.028198590495178e-07,3.745275172556981e-07,2.464786727667134e-07,2.639606438501929e-07,2.329303083061627e-07,2.1225370933667807e-07,1.973459177850675e-07
35,35,1000000.0,1025,20,17.15,2.43,0.81,0.001,,0.00205,12517.0,0.0009284676030047,1025.0,0.0008871527600148,0.0164728264010118,4.422073959697848e-05,-0.0001785089275221,-6.17501472789354e-08,10069479420.062887,11262130771.621937,9973908757.637718,9103723558.558945,8471089380.490437,2.310764709427475,0.0021454682675149,23268177043.79088,26024111252.69352,23047335925.72171,21036544460.90089,19574677025.14032,4.509321339726377e-07,5.043415304874489e-07,4.466522818616444e-07,4.076835872149108e-07,3.793529190602034e-07,2.349931370069822e-07,2.6282624245035456e-07,2.327627883631012e-07,2.1245512982604347e-07,1.9769123947179678e-07
36,36,1000000.0,1050,20,17.15,2.43,0.81,0.001,,0.0021,12908.5,0.0009491858486787,1050.0,0.0008042003840955,0.0166736487666564,4.390854177135731e-05,-7.246846331611246e-05,1.1981291926391216e-07,9702090346.28395,11386047095.705036,10124092687.149977,9254499393.469696,8618996294.805317,2.6161715463689474,0.0024830626507812,25380591384.60292,29785808883.19803,26484546160.79905,24209697002.530422,22547225937.516327,4.451420431640814e-07,5.224037384568238e-07,4.645039515290224e-07,4.246061025444595e-07,3.9544855631681405e-07,2.294332645879593e-07,2.692551669466183e-07,2.394126990472289e-07,2.1884871529611086e-07,2.038204538206672e-07
37,37,1000000.0,1075,20,17.15,2.43,0.81,0.001,,0.00215,12913.5,0.0009390426792031,1075.0,0.0008947713716906,0.016170711084608,4.583368106774917e-05,-0.0001703211934758,1.7711541614913138e-07,9012655203.539877,11138343144.984283,9944576098.723051,9103319770.079865,8484624673.864202,2.406758684765882,0.0022597845840284,21688747211.58193,26804166294.13908,23931393386.360744,21906929403.21411,20418053900.95409,4.234331299048758e-07,5.233023335878631e-07,4.672166956310092e-07,4.276927382349957e-07,3.986251665670481e-07,2.1572084715594165e-07,2.665998825968462e-07,2.3802667828462815e-07,2.1789093318046315e-07,2.030822638956947e-07
38,38,1000000.0,1100,20,17.15,2.43,0.81,0.001,,0.0022,12795.5,0.0009183239185775,1100.0,0.0009523009815666,0.0169033906792934,4.612897452678231e-05,-0.000148709978772,3.4201760061575034e-08,8204546671.383828,10768393315.557455,9655406955.518154,8849876003.865124,8256562364.898523,2.31019398894124,0.0021215058301939,18954089341.8079,24877070866.41235,22305857154.145123,20444924888.5666,19074255652.213856,3.9445978146907996e-07,5.177248962265276e-07,4.642145227782989e-07,4.2548604991045676e-07,3.96960602040719e-07,1.9856162941787926e-07,2.60610343092734e-07,2.3367449958780525e-07,2.1417951166060724e-07,1.9982048274314618e-07
39,39,1000000.0,1125,20,17.15,2.43,0.81,0.001,,0.00225,12859.0,0.0009098768209619,1125.0,0.0008610321765445,0.0165794055371678,4.4558040466628254e-05,-0.0002042197997134,-2.396622954265477e-08,7524063065.469963,10546200256.406069,9494260045.230667,8715998592.314651,8140118857.05667,2.61798216958982,0.0023815395345407,19693713740.119293,27603948436.95544,24850567821.941288,22813522393.78205,21306197088.79433,3.7001904608832993e-07,5.1864197904462e-07,4.669095692955046e-07,4.286361579870742e-07,4.003154928826479e-07,2.3144660809194921e-07,3.244101300540028e-07,2.92051550431057e-07,2.681115632301559e-07,2.503970105696348e-07
40,40,1000000.0,1150,20,17.15,2.43,0.81,0.001,,0.0023,12840.0,0.0008948523405063,1150.0,0.0009189483121189,0.016004688608428,4.735675967382967e-05,-0.0001744175344835,-4.690020500542676e-09,6786948473.914728,10249338393.775415,9266162702.38142,8519859605.634455,7964673986.368612,2.5203260905011287,0.0022574106078965,17121181659.52724,25855623510.95591,23375402881.569214,21492731907.775543,20092185862.85694,3.4123627119962404e-07,5.153193705827165e-07,4.658869624607369e-07,4.283641071012981e-07,4.004503147290605e-07,2.175443449552769e-07,3.2852549502453405e-07,2.97011433501552e-07,2.730899290221955e-07,2.5529437740780216e-07
41,41,1000000.0,1175,20,17.15,2.43,0.81,0.001,,0.00235,12657.0,0.0008680729662993,1175.0,0.0009781061357898,0.0154188382500966,4.407398857602848e-05,-0.0001360736389584,-1.533202482211625e-08,5973882848.751349,9819019430.566113,8915534875.811739,8213540271.111469,7686066573.209114,2.4064674215276805,0.0020890620729038,14376455173.463043,23629973379.943653,21455691504.95553,19766305518.98901,18496913037.571487,3.0687495649480094e-07,5.043974307608654e-07,4.579859442195912e-07,4.2192488155211554e-07,3.948288583802232e-07,1.955777365951439e-07,3.214628817529044e-07,2.918838845175526e-07,2.6890142581098816e-07,2.516325716065948e-07
42,42,1000000.0,1200,20,17.15,2.43,0.81,0.001,,0.0024,12459.0,0.0008404009823436,1200.0,0.0010390727836692,0.0155021324143638,4.5764896095053714e-05,-0.0001749284579607,-9.116345817924273e-08,5187478479.740079,9386356738.057997,8558511004.198679,7900904958.237962,7401111080.047539,2.309752018821992,0.0019411280263411,11981851609.671724,21680269909.57048,19768141545.560547,18249226702.617603,17094820740.783129,2.721675000895597e-07,4.924668619490914e-07,4.490329075289881e-07,4.145307897328528e-07,3.883084832850448e-07,1.733244172012068e-07,3.136176501975655e-07,2.859576069002176e-07,2.639856247302129e-07,2.4728647445972804e-07
43,43,1000000.0,1225,20,17.15,2.43,0.81,0.001,,0.00245,12173.5,0.0008066659545986,1225.0,0.0010194432340994,0.0147387578500784,4.5455273442944e-05,-0.0002094553025824,-2.213294513875747e-07,4383655276.49859,8894142386.14746,8145114315.442355,7534644693.974893,7065406693.8582325,2.407013884207574,0.0019410116105027,10548016486.40117,21401217614.998528,19598895137.468903,18129974060.073154,17000886609.284864,2.3481126851786733e-07,4.764163065618485e-07,4.362944857652461e-07,4.035945727550029e-07,3.784597564671248e-07,1.493495349153656e-07,3.030201840832616e-07,2.7750107116439306e-07,2.567025940270784e-07,2.4071582666930934e-07
44,44,1000000.0,1250,20,17.15,2.43,0.81,0.001,,0.0025,12001.0,0.0007808503067904,1250.0,0.0010825946970953,0.0145782968383836,4.428357583652341e-05,-5.539971662396166e-05,-4.540515146646849e-09,3666836605.770044,8496838086.134764,7816977272.847588,7245082971.359846,6801550294.136349,2.3092668126891924,0.0018031919905993,8467705449.893414,19621469376.521584,18051489109.3938,16730832365.144411,15706596907.74188,2.004379015226793e-07,4.6445712712775165e-07,4.272943382190904e-07,3.960332524367015e-07,3.717887145318705e-07,1.2728845139148914e-07,2.949543374816371e-07,2.7135404126202694e-07,2.5150163227237005e-07,2.361050946855953e-07
45,45,1000000.0,1275,20,17.15,2.43,0.81,0.001,,0.00255,11548.0,0.0007383131357225,1275.0,0.001018987315092,0.0150080044056663,4.688077868575392e-05,-9.04494179344768e-05,-1.6115329631927097e-07,2897818062.6677933,7927440572.294494,7327349588.284764,6804600804.874584,6394902970.730791,2.520241348451282,0.0018596317675076,7298901055.743194,19967300607.269,18455816924.7157,17139139492.037815,16107209988.70148,1.6155773332204156e-07,4.419667840450998e-07,4.085108054201507e-07,3.79366771281978e-07,3.56525498296646e-07,1.0240689196659e-07,2.8015028297226544e-07,2.58943481426887e-07,2.404698999146409e-07,2.259914609882564e-07
46,46,1000000.0,1300,20,17.15,2.43,0.81,0.001,,0.0026,11418.0,0.0007174584816527,1300.0,0.0011678219854047,0.0139421111625354,4.796147454880405e-05,-0.0001164086789972,-1.3520499526171174e-08,2261705106.886028,7598773756.327064,7057211047.24313,6566832324.04388,6178545645.551159,2.229336381603619,0.0015999419995995,5043632605.582941,16945366999.072018,15737674922.334269,14644123817.95658,13778239337.2624,1.285658964555631e-07,4.319498403973077e-07,4.011648830797984e-07,3.732894629116716e-07,3.512174320575249e-07,8.13097942862186e-08,2.7318094170338065e-07,2.537114041696702e-07,2.360819647771196e-07,2.2212280190650525e-07
47,47,1000000.0,1325,20,17.15,2.43,0.81,0.001,,0.00265,10921.5,0.0006744600585482,1325.0,0.0011470906655403,0.0154342311789122,4.5895891380650295e-05,-0.0001487470796112,5.5993702019299344e-08,1587468644.484157,7041563424.970362,6574308136.768862,6130439025.464514,5774463802.807276,2.3101928067038,0.0015581332184509,3667359685.5298166,16267373795.10823,15187923682.657272,14162500163.203457,13340128530.75785,9.195766051171737e-08,4.078982606397003e-07,3.808314563194798e-07,3.551193484357828e-07,3.344986900124258e-07,5.9313579602606376e-08,2.6309831956995816e-07,2.456399692411023e-07,2.2905541120402455e-07,2.1575488726674918e-07
48,48,1000000.0,1350,20,17.15,2.43,0.81,0.001,,0.0027,10447.5,0.0006338241977971,1350.0,0.0011234551093365,0.0150921338038066,4.442241689660935e-05,-0.000121358910426,-1.5678926996399373e-08,979546715.8896518,6521642802.645187,6121868624.627024,5720165297.969219,5394303305.571029,2.4070726662968283,0.0015256637922888,2357844592.3682766,15698097871.328789,14735810551.573444,13768879622.06058,12984504641.091349,5.78045644564778e-08,3.848522134089783e-07,3.612609217774217e-07,3.375557881053811e-07,3.1832616869270226e-07,3.7616423553004256e-08,2.504432651819937e-07,2.350911900211603e-07,2.19665031949172e-07,2.0715132277426726e-07
49,49,1000000.0,1375,20,17.15,2.43,0.81,0.001,,0.00275,10171.5,0.0006058313904781,1375.0,0.0011901802964757,0.0153885553010635,4.788958415572847e-05,-0.000195575667122,-7.646542767429159e-08,437089457.9071423,6142169948.75506,5796466300.129988,5427999244.985443,5125214939.118082,2.3105746060416927,0.0013998194589095,1009928402.6527524,14191950350.094624,13393175803.30306,12541804676.179352,11842198531.851086,2.626616353949097e-08,3.6910348086139705e-07,3.483289954403509e-07,3.26186580988897e-07,3.0799126204164175e-07,1.7182134940882846e-08,2.414507853716423e-07,2.2786105761048126e-07,2.13376492613015e-07,2.0147393878271925e-07
50,50,1000000.0,1400,20,17.15,2.43,0.81,0.001,,0.0028,9778.5,0.0005713867298397,1400.0,0.0011645356937605,0.0142320721427259,4.834337510392455e-05,-6.682035261028762e-05,-1.9926404117499496e-08,133990188.14743625,5705134466.135496,5414821651.400905,5082073603.320682,4803852019.044582,2.4081647021767054,0.0013761632340786,322710278.3914337,13740599646.007566,13041392259.564371,12239981225.556284,11569895108.373953,8.196212031123781e-09,3.489844472721073e-07,3.312259425799666e-07,3.1087166445919014e-07,2.938527832419111e-07,5.3559440601603e-09,2.2804939286070318e-07,2.1644481780066054e-07,2.0314399364117674e-07,1.9202273720953202e-07
51,51,1000000.0,1425,20,17.15,2.43,0.81,0.001,,0.00285,9400.0,0.0005384784069225,1425.0,0.0011850485169588,0.014039232615383,4.743197557906717e-05,-0.0001419969682112,2.2396035094578338e-07,126273186.42334612,5293584621.760757,5053875951.069444,4753200211.362213,4498938137.255749,2.408659240396132,0.0012973892580486,304237781.0124108,12754160123.32571,12176615229.383942,11452178613.47322,10839569306.51855,7.858344794656832e-09,3.294350474218973e-07,3.1451728508519805e-07,2.958053661027603e-07,2.79981903472821e-07,5.128761542096706e-09,2.150063207948124e-07,2.0527021888457e-07,1.930578544536776e-07,1.8273064577044217e-07
52,52,1000000.0,1450,20,17.15,2.43,0.81,0.001,,0.0029,8954.0,0.0005028609699545,1450.0,0.0012068083590292,0.0136645597215699,4.71961289035446e-05,-0.0001245545229733,2.3294386980174059e-07,117920897.4543333,4865961019.56157,4672892319.968561,4405017099.364363,4174621905.5095534,2.406976901147786,0.0012105717302301,283879070.7389693,11714161970.486471,11249374437.382175,10604500031.396875,10049853866.500135,7.46346908866084e-09,3.079772155753026e-07,2.957574792731904e-07,2.788030761796091e-07,2.642208651836547e-07,4.863319068517067e-09,2.006830131381849e-07,1.927204322171222e-07,1.8167266463333047e-07,1.7217065639087538e-07
53,53,1000000.0,1475,20,17.15,2.43,0.81,0.001,,0.00295,8538.0,0.0004705812335623,1475.0,0.001276880215073,0.015629560962504,4.752697181381233e-05,-1.769098411361013e-05,-6.348626736824787e-08,110351299.27038424,4480858360.913683,4329078164.036032,4090378129.805233,3881417063.027505,2.310319602003151,0.001087187715837,254945519.36380124,10352164130.117834,10001505085.974636,9450034422.724724,8967269941.937511,7.099316581063082e-09,2.882705710703581e-07,2.7850597676567e-07,2.631495004747757e-07,2.497062444734403e-07,4.617953070699015e-09,1.8751381962842065e-07,1.8116216060060016e-07,1.7117310235352698e-07,1.624285528433453e-07
54,54,1000000.0,1500,20,17.15,2.43,0.81,0.001,,0.003,8028.0,0.0004343672376666,1500.0,0.0011491556781492,0.0149260981712561,5.064603866489215e-05,-5.859024954934331e-05,-1.35585552218899e-07,101859117.2328452,4068091567.3102894,3955453652.324464,3745549633.1396313,3559401871.352395,2.61565738791689,0.0011362988296121,266462075.54404843,10642072619.29028,10347413354.342327,9798307273.93942,9311347242.170052,6.658419598297611e-09,2.6592671677615577e-07,2.585636989037491e-07,2.448425016945998e-07,2.326742251678159e-07,4.325687110429778e-09,1.727610815292617e-07,1.679776474073453e-07,1.5906357928186145e-07,1.5115837653051894e-07
55,55,1000000.0,1525,20,17.15,2.43,0.81,0.001,,0.0030499999999999,7598.0,0.0004032380391926,1525.0,0.0013198568473171,0.0155574706549831,4.917573908548672e-05,-8.950716425905287e-05,-1.290411102925878e-07,94559320.19069616,3713479731.046817,3633866208.455568,3449226203.90419,3282242208.066277,2.324469841649363,0.0009365405243957,219618752.97082263,8624742501.005955,8439836110.860135,8011000460.748402,7623171774.395222,6.277560345922117e-09,2.465287721822971e-07,2.412434265240363e-07,2.2898563143302785e-07,2.178999752696617e-07,4.088432894078567e-09,1.6055860652644212e-07,1.5711638058912461e-07,1.4913315623167045e-07,1.4191331941398174e-07
56,56,1000000.0,1550,20,17.15,2.43,0.81,0.001,,0.0031,7332.5,0.0003810206065415,1550.0,0.0013394380328008,0.0146957591765367,4.682083037987894e-05,-6.896556240378907e-05,-2.819117140951264e-07,89349332.23399295,3449281508.3822184,3397275536.82197,3232695291.711422,3080541917.398343,2.314416453363409,0.0008818675878897,206797949.36014196,7983320354.66431,7862953162.159994,7482034174.372615,7129877028.824301,6.021378571797055e-09,2.324519864152581e-07,2.2894723002896213e-07,2.1785593324507046e-07,2.076021009577057e-07,3.929999834353467e-09,1.5171546801357448e-07,1.4942800313267404e-07,1.421889973130398e-07,1.3549658315732182e-07
57,57,1000000.0,1575,20,17.15,2.43,0.81,0.001,,0.00315,6948.0,0.0003528355357827,1575.0,0.0013632345047653,0.0153114325113447,5.005319966189248e-05,-0.0001052423955074,-4.0390658842401184e-08,82739933.14106125,3138792940.1138506,3112287495.237561,2968789267.6022115,2833180511.3042955,2.310682047954812,0.0008152980195014,191187385.57310268,7252817270.864696,7191571068.251621,6859989328.522594,6546637811.38737,5.656918723825094e-09,2.1459887480049658e-07,2.127867008995536e-07,2.0297574529529687e-07,1.9370419184469818e-07,3.6881407120453613e-09,1.399120060851184e-07,1.3873052325538908e-07,1.323340755504339e-07,1.2628930181150066e-07
58,58,1000000.0,1600,20,17.15,2.43,0.81,0.001,,0.0032,6746.0,0.0003347846384769,1600.0,0.0013840023967758,0.0148493167367397,4.934325157739394e-05,-8.458745071624058e-05,-9.177354860907909e-08,78506997.72286133,2925288970.1472044,2921068078.716135,2793399650.543632,2669434705.4443064,2.312137555617612,0.0007740638184406,181517965.42433208,6763632765.754517,6753873538.589197,6458688217.497152,6172065810.946812,5.443052014169145e-09,2.028163155238055e-07,2.0252367241845362e-07,1.936721570724809e-07,1.8507741184363922e-07,3.544574021846235e-09,1.32076166338452e-07,1.3188559400032214e-07,1.2612139199239818e-07,1.2052440144679357e-07
59,59,1000000.0,1625,20,17.15,2.43,0.81,0.001,,0.00325,6314.5,0.0003062719996603,1625.0,0.0013516012827493,0.0150892147040023,5.066426360356145e-05,-0.0001092986579097,-7.222878294169254e-08,71820783.9203617,2627733204.2938547,2642634820.238991,2533933264.785632,2424886312.914258,2.40868136506426,0.0007372740598431,172890767.03323084,6325617522.537981,6361489475.894073,6099817376.618807,5837313820.926861,5.046816099494157e-09,1.8464970050049565e-07,1.8569683074824926e-07,1.780584184369833e-07,1.7039573526555674e-07,3.2827181048182893e-09,1.2010600404936616e-07,1.207871133576186e-07,1.1581868298648364e-07,1.1083446555465573e-07
60,60,1000000.0,1650,20,17.15,2.43,0.81,0.001,,0.0033,6161.5,0.0002921567289323,1650.0,0.0014276476174472,0.0142963071181668,5.0234583827357695e-05,-0.0001047834437821,7.486854675459313e-08,68510752.93464768,2460441953.274122,2492555080.692129,2396312132.7726774,2296554331.687515,2.311496218052064,0.0006753160067735,158361603.58839726,5687275596.406525,5761504620.848936,5539040454.075912,5308451755.607392,4.875970768945574e-09,1.7511182593914766e-07,1.7739734556756257e-07,1.70547649999043e-07,1.6344779922774096e-07,3.168478949554987e-09,1.137902913282456e-07,1.1527545626761488e-07,1.108244213356709e-07,1.062108318004086e-07
61,61,1000000.0,1675,20,17.15,2.43,0.81,0.001,,0.00335,5841.5,0.0002704758347758,1675.0,0.001394883038074,0.0137088572055098,4.9123027747880827e-05,-3.042699006390617e-05,1.449432053621597e-07,63426583.254958525,2235094542.4611053,2281394620.213893,2199189904.7129707,2110584899.517384,2.405483304426068,0.0006510995505448,152682844.60277614,5380403218.746979,5491858498.439545,5293972231.225843,5080678947.1634655,4.569925879532688e-09,1.610399909409712e-07,1.6437594114809986e-07,1.5845303883319513e-07,1.520689915533382e-07,2.96647202114753e-09,1.0453574959537285e-07,1.0670121205893479e-07,1.0285648361818568e-07,9.871241254644323e-08
62,62,1000000.0,1700,20,17.15,2.43,0.81,0.001,,0.0034,5444.0,0.000245994927647,1700.0,0.0015847635066847,0.0139747510966781,4.896531771557316e-05,-0.0001172491086361,-3.667100836738149e-07,57685810.53322594,1993891112.2415223,2050959992.4275053,1982593886.2174797,1905418959.19502,2.145431120405425,0.0005277701327269,123762096.12447366,4277796241.639618,4400234743.760092,4253558593.5905848,4087983547.521821,4.205450088601577e-09,1.453600023494215e-07,1.495204765633757e-07,1.445364043147471e-07,1.389101454361016e-07,2.72713913406103e-09,9.426266929400889e-08,9.696064259201069e-08,9.372858462202953e-08,9.008008316723885e-08
63,63,1000000.0,1725,20,17.15,2.43,0.81,0.001,,0.00345,5340.0,0.0002353395063164,1725.0,0.001546952486592,0.0136114372596676,4.83980481777261e-05,-2.1747629377693547e-05,-1.136246055217978e-07,55187114.23122379,1870305227.5982888,1938918267.401616,1879685295.957392,1809292940.103531,2.233616074198657,0.0005254923588601,123227958.15270808,4176226597.999492,4329433463.685373,4197171463.251589,4039991541.774152,4.068574768303122e-09,1.378850255903856e-07,1.4294340355432077e-07,1.3857655494433782e-07,1.3338699997488458e-07,2.6359031858518194e-09,8.933142413075074e-08,9.260859005486137e-08,8.97794445140539e-08,8.641729308360587e-08
64,64,1000000.0,1750,20,17.15,2.43,0.81,0.001,,0.0035,4922.0,0.0002115048327942,1750.0,0.0014568373787823,0.0135468445769093,5.1953896985335e-05,-9.839502351492146e-06,1.825690390439114e-08,49597883.29025037,1647435000.131261,1721695670.148274,1673942178.9174523,1613719227.894385,2.406241066910904,0.000508898843483,119336778.79677612,3963870495.081741,4142548062.81703,4027649050.162863,3882747443.32067,3.6949097433868725e-09,1.227295043612903e-07,1.282617257988579e-07,1.2470421833433698e-07,1.202177694427896e-07,2.393362155770631e-09,7.949751726967788e-08,8.308099030300845e-08,8.077662989212293e-08,7.78705516015647e-08
65,65,1000000.0,1775,20,17.15,2.43,0.81,0.001,,0.00355,4620.5,0.0001934868016327,1775.0,0.001473183129974,0.0143721288314414,5.0342165865968624e-05,-0.0001559100697377,-3.2251380904721646e-08,45372654.98288958,1476490318.9808693,1555948253.9607525,1517276479.944052,1464965128.1272469,2.4136957563691963,0.0004669058593416,109489424.01561876,3562940600.4743614,3754681717.182181,3661362288.016146,3535128992.167352,3.413719405149344e-09,1.110872541031793e-07,1.1706546046196989e-07,1.141558977431441e-07,1.1022012901032549e-07,2.2125555292554984e-09,7.199968395910009e-08,7.587437662253938e-08,7.398858335214255e-08,7.143766869332989e-08
66,66,1000000.0,1800,20,17.15,2.43,0.81,0.001,,0.0036,4191.5,0.0001709594245874,1800.0,0.0015560819649635,0.013285530173934,4.828534292538045e-05,-0.000132434614356,-2.651495173246692e-07,40089985.06576732,1277587563.8834949,1357914606.8604927,1328169924.0691257,1284429050.7361982,2.32721656704486,0.0003980672710249,93346775.05536848,2974774840.7420416,3161810839.86591,3092552390.179184,2990704772.699759,3.0438332848951e-09,9.700087303442843e-08,1.0309970611429818e-07,1.0084134020619213e-07,9.752031312317549e-08,1.974817742616835e-09,6.29334878714666e-08,6.689036811032645e-08,6.542515610716559e-08,6.327049696739005e-08
67,67,1000000.0,1825,20,17.15,2.43,0.81,0.001,,0.00365,3767.0,0.0001497122677895,1825.0,0.0015754871220678,0.013440975812913,4.712677892325285e-05,-0.000263103863488,1.6390979998915637e-07,35107526.79664132,1095236225.8910952,1174292674.2163165,1152031350.0226328,1115959861.824107,2.3301867190359613,0.0003485691428955,81739464.00901148,2549995121.7342763,2734059118.893368,2682228959.5585146,2598245142.400624,2.688600494485706e-09,8.38752520382942e-08,8.992954368038756e-08,8.822472956512011e-08,8.546230709175266e-08,1.74629994586344e-09,5.447865846717164e-08,5.841104231836613e-08,5.7303731357401554e-08,5.55094825556225e-08
68,68,1000000.0,1850,20,17.15,2.43,0.81,0.001,,0.0037,3385.5,0.0001309795216787,1850.0,0.0014129412688816,0.0139603745691978,4.941373882472175e-05,-5.482781168506932e-05,1.5968507533984185e-07,30714697.83367426,937573677.5597734,1014360624.8596686,998197579.9552516,968593296.4456602,2.623210554101687,0.0003437116831877,80600389.70752053,2460346645.767115,2661848151.9950867,2619433679.1192417,2541747198.177568,2.4107215221219667e-09,7.35878651747754e-08,7.961468489074062e-08,7.834608702189288e-08,7.602251920462044e-08,1.542181209137909e-09,4.7075459297853717e-08,5.093092249902937e-08,5.0119377997793375e-08,4.863295055560543e-08
69,69,1000000.0,1875,20,17.15,2.43,0.81,0.001,,0.00375,2977.0,0.0001120083050257,1875.0,0.0016713658278603,0.0134020638739224,4.445052932614914e-05,-9.712213076590564e-06,3.4766104734978534e-07,26265947.528548777,784140144.9421823,856323581.4666216,845334606.8101361,821689015.3126292,2.2458572732336863,0.0002515019739045,58977212.88062907,1760697960.9715824,1922777699.2993188,1898103200.2373316,1845009700.300917,2.091144687088644e-09,6.242875861403814e-08,6.81755914522526e-08,6.730071206918503e-08,6.54181851594158e-08,1.3307333096166914e-09,3.9727537304643206e-08,4.3384626137295e-08,4.2827882673232844e-08,4.162990661708177e-08
70,70,1000000.0,1900,20,17.15,2.43,0.81,0.001,,0.0038,2608.5,9.548623004298114e-05,1900.0,0.0015763205611846,0.0126879584817013,5.173649910464503e-05,-0.0001420980655592,1.83508554669374e-07,22391520.945079077,653440382.4378071,720533096.0169203,713567918.813485,694794803.4028506,2.4146221521764337,0.0002304863532217,54049049.830515,1577285968.125069,1739235548.4325604,1722422880.3395708,1677108001.8732028,1.807953694382951e-09,5.276059435109847e-08,5.8177846697603e-08,5.7615458913054114e-08,5.6099665347937095e-08,1.1443220107361222e-09,3.339416800499844e-08,3.682295111878985e-08,3.646699470108522e-08,3.550759184376393e-08
71,71,1000000.0,1925,20,17.15,2.43,0.81,0.001,,0.00385,2322.0,8.262762909245472e-05,1925.0,0.0015860192311265,0.0134119312080588,5.068674502242132e-05,-0.0002117411723793,2.884704485911949e-07,19376179.02218063,552545341.801667,615293389.0848478,611312656.4679549,596261475.8763342,2.429884216812134,0.0002006963872771,47063302.81649143,1342091684.3968656,1494502040.7964065,1484833136.294345,1448274934.1267114,1.5863269070087167e-09,4.523686233694118e-08,5.03740421520956e-08,5.0048139751392353e-08,4.881590027180231e-08,9.984941831748188e-10,2.8473792954624337e-08,3.1707328325355214e-08,3.1502193021940025e-08,3.0726574864539475e-08
72,72,1000000.0,1950,20,17.15,2.43,0.81,0.001,,0.0039,2059.0,7.114861677145717e-05,1950.0,0.0016531235089587,0.0151955598472493,5.181515272146461e-05,8.32773411703469e-06,-5.310802687673637e-07,16684350.632906703,464864733.8084808,522742413.8405372,521079443.06667554,509147248.5433789,2.41623338216469,0.0001715010743445,40217001.933804914,1120539019.4605553,1260050998.1396945,1256042469.4112017,1227280361.6866436,1.3844685005915731e-09,3.8574505844079314e-08,4.3377199497235914e-08,4.323920607426893e-08,4.2249071796711054e-08,8.666924996055553e-10,2.4148064673749428e-08,2.715460369238035e-08,2.7068218292763632e-08,2.64483833513438e-08
73,73,1000000.0,1975,20,17.15,2.43,0.81,0.001,,0.00395,1843.0,6.17325642641561e-05,1975.0,0.0016378525938306,0.014768286352363,5.046866940006112e-05,4.336724205169418e-05,4.053659967065241e-07,14476286.319944603,393869468.73818666,447425189.7466112,447513490.5357346,438052400.2030362,2.4162911839606744,0.0001492097422632,34989684.56074148,951996124.190276,1081442153.585681,1081655579.6460395,1058787797.1895884,1.2175140739137606e-09,3.3126011110528616e-08,3.763026328026638e-08,3.763768973281916e-08,3.6841973871717454e-08,7.57773955827646e-10,2.0617444198672863e-08,2.3420865578218417e-08,2.342548776078637e-08,2.2930238655497954e-08
74,74,1000000.0,2000,20,17.15,2.43,0.81,0.001,,0.004,1735.5,5.62701772425e-05,2000.0,0.0015140415857786,0.0134311754573595,4.765610607037435e-05,-5.736628323881238e-05,2.641343394916521e-07,13195356.563366253,350382838.206221,402242128.0191946,403718317.107822,395882707.7211548,2.6466818709866007,0.000149160020661,34978024.8450111,928788817.5805508,1066256533.5010724,1070169590.216894,1049399091.254892,1.124633967215178e-09,2.986296273872344e-08,3.4282905357117345e-08,3.4408720251404624e-08,3.37408949881949e-08,6.958365138644777e-10,1.8476891585653392e-08,2.1211610216533762e-08,2.1289454741939537e-08,2.0876256122149347e-08
75,75,1000000.0,2025,20,17.15,2.43,0.81,0.001,,0.00405,1598.0,5.181200993e-05,2025.0,0.0018665798645542,0.0148171664554493,4.9301386007597855e-05,-0.0001291121295086,-5.445981373403159e-07,12149916.328585004,314671684.076072,365223656.8982068,367841126.16099787,361369369.07499707,2.178401979026113,0.0001126937241873,26426678.321932223,684426719.2634649,794379799.4477794,800072926.5734855,785996529.82604,1.0491787907895903e-09,2.717276794885604e-08,3.1538070250796473e-08,3.1764095941986055e-08,3.1205241865123044e-08,6.452048116458942e-10,1.671021257792014e-08,1.939470646421116e-08,1.953370361588e-08,1.9190029742022356e-08
76,76,1000000.0,2050,20,17.15,2.43,0.81,0.001,,0.0041,1411.0,4.5748902385e-05,2050.0,0.001824110360303,0.0140995816886642,4.90071120822222e-05,-0.0001427154324138,-6.846656750152463e-07,10728117.6092825,270827783.50640184,317943381.54671144,321359294.11348367,316301504.8029294,2.27675191072908,0.0001042923867993,24456564.704463866,617397893.3042133,724805894.7848577,732593047.1779087,721062958.1128812,9.384796745859892e-10,2.369160922639545e-08,2.7813211237780505e-08,2.8112030157448645e-08,2.7669582317187602e-08,5.735121142565218e-10,1.4478123784154916e-08,1.6996866328809558e-08,1.717947685841354e-08,1.6909093595794362e-08
77,77,1000000.0,2075,20,17.15,2.43,0.81,0.001,,0.00415,997.5,3.2341977412500004e-05,2075.0,0.0018235288157483,0.0125301921956587,5.029427651610518e-05,-0.0002620589027951,3.0562433718522195e-08,7584193.703231251,186669466.2527894,221558313.1094882,224753999.6337078,221642623.3586536,2.3094254493034123,7.45784573034714e-05,17488648.237664044,430447422.5937359,510898792.109071,518267833.5242591,511093205.9582131,6.718936513646124e-10,1.6537292451461763e-08,1.9628141080032637e-08,1.9911251133835692e-08,1.9635610235407065e-08,4.079815650852898e-10,1.0041634480274638e-08,1.1918433373023457e-08,1.2090341059020136e-08,1.1922968730208831e-08
78,78,1000000.0,2100,20,17.15,2.43,0.81,0.001,,0.0042,74.5,2.4155161075e-06,2100.0,0.0019319550883876,0.0149731937161978,4.332434312048469e-05,-1.4204534632799974e-05,-2.460520580904998e-06,566438.5272087501,13584508.889804002,16307695.688128011,16604688.110115958,16405951.956882592,2.179542112658231,5.284382496858608e-06,1239187.6955133434,29718593.381683923,35676061.68754982,36325786.8338984,35891015.21454192,5.0822652696327255e-11,1.218845018820983e-09,1.463177934451632e-09,1.4898250320466936e-09,1.4719937970426856e-09,3.065359182240905e-11,7.351441870804764e-10,8.825131469274357e-10,8.98585296049828e-10,8.878304186378148e-10
