Simulation Number,ExitSlit.totalHeight,Dipole.photonEnergy,Dipole.numberRays,PG.cFactor
0,0.02,500,500000.0,1.17577026432641
1,0.02,502,500000.0,1.17662360156545
2,0.02,504,500000.0,1.17747901516844
3,0.02,506,500000.0,1.17837189466193
4,0.02,508,500000.0,1.1791362468331
5,0.02,510,500000.0,1.18000708146274
6,0.02,512,500000.0,1.18089388467086
7,0.02,514,500000.0,1.18169303123046
8,0.02,516,500000.0,1.18256256858225
9,0.02,518,500000.0,1.18333929872482
10,0.02,520,500000.0,1.18413280440169
11,0.02,522,500000.0,1.184814908884
12,0.02,524,500000.0,1.18564428721044
13,0.02,526,500000.0,1.18623535979449
14,0.02,528,500000.0,1.18691311580508
15,0.02,530,500000.0,1.18740617352132
16,0.02,532,500000.0,1.18810554884438
17,0.02,534,500000.0,1.18943277689967
18,0.02,536,500000.0,1.19165789569026
19,0.02,538,500000.0,1.1933953170949
20,0.02,540,500000.0,1.19462031821519
21,0.02,542,500000.0,1.19557065892945
22,0.02,544,500000.0,1.19668353378915
23,0.02,546,500000.0,1.19757869607337
24,0.02,548,500000.0,1.19860065465315
25,0.02,550,500000.0,1.19963845879841
26,0.02,552,500000.0,1.20065872263705
27,0.02,554,500000.0,1.20181115118366
28,0.02,556,500000.0,1.20295231364558
29,0.02,558,500000.0,1.20410472404016
30,0.02,560,500000.0,1.20514112000624
31,0.02,562,500000.0,1.20653239223348
32,0.02,564,500000.0,1.20811897847302
33,0.02,566,500000.0,1.2098506842126
34,0.02,568,500000.0,1.21147483348648
35,0.02,570,500000.0,1.21322571296527
36,0.02,572,500000.0,1.22040172983306
37,0.02,574,500000.0,1.22372713714585
38,0.02,576,500000.0,1.22027554950736
39,0.02,578,500000.0,1.21702969464689
40,0.02,580,500000.0,1.21534946177801
41,0.02,582,500000.0,1.21559007975785
42,0.02,584,500000.0,1.21587072513883
43,0.02,586,500000.0,1.21614745395122
44,0.02,588,500000.0,1.21641984515278
45,0.02,590,500000.0,1.21696884226858
46,0.02,592,500000.0,1.21747564218327
47,0.02,594,500000.0,1.21811891168984
48,0.02,596,500000.0,1.21860384648691
49,0.02,598,500000.0,1.21910049382016
50,0.02,600,500000.0,1.21985929056978
51,0.02,602,500000.0,1.22050059246538
52,0.02,604,500000.0,1.22113579614298
53,0.02,606,500000.0,1.22175151083902
54,0.02,608,500000.0,1.22238215795596
55,0.02,610,500000.0,1.22318836533182
56,0.02,612,500000.0,1.22388822314828
57,0.02,614,500000.0,1.2245971197151
58,0.02,616,500000.0,1.2252878876884
59,0.02,618,500000.0,1.225923815419
60,0.02,620,500000.0,1.22668718395639
61,0.02,622,500000.0,1.22741865002142
62,0.02,624,500000.0,1.22816432589286
63,0.02,626,500000.0,1.22887045718098
64,0.02,628,500000.0,1.22959507691401
65,0.02,630,500000.0,1.23040421769492
66,0.02,632,500000.0,1.23117903184959
67,0.02,634,500000.0,1.2319261619573
68,0.02,636,500000.0,1.23270341452702
69,0.02,638,500000.0,1.23347773841695
70,0.02,640,500000.0,1.23422873606346
71,0.02,642,500000.0,1.23521015912391
72,0.02,644,500000.0,1.23598529338285
73,0.02,646,500000.0,1.23678336528058
74,0.02,648,500000.0,1.2375610899281
75,0.02,650,500000.0,1.23833604842222
76,0.02,652,500000.0,1.23915559600907
77,0.02,654,500000.0,1.23991243430684
78,0.02,656,500000.0,1.24074079328274
79,0.02,658,500000.0,1.24155651007879
80,0.02,660,500000.0,1.24231942993718
81,0.02,662,500000.0,1.24314995045508
82,0.02,664,500000.0,1.24399008048548
83,0.02,666,500000.0,1.24478593786844
84,0.02,668,500000.0,1.24561914540455
85,0.02,670,500000.0,1.24636834168605
86,0.02,672,500000.0,1.24722718437682
87,0.02,674,500000.0,1.24809630082086
88,0.02,676,500000.0,1.24884567323607
89,0.02,678,500000.0,1.24968323318255
90,0.02,680,500000.0,1.25043238280315
91,0.02,682,500000.0,1.2512710931248
92,0.02,684,500000.0,1.25210187482514
93,0.02,686,500000.0,1.2528606408531
94,0.02,688,500000.0,1.2537017293449
95,0.02,690,500000.0,1.25445082841514
96,0.02,692,500000.0,1.25529326238378
97,0.02,694,500000.0,1.25608149875268
98,0.02,696,500000.0,1.25688263441476
99,0.02,698,500000.0,1.25768349177669
100,0.02,700,500000.0,1.25848494585637
101,0.02,702,500000.0,1.25928548443795
102,0.02,704,500000.0,1.2600864681475
103,0.02,706,500000.0,1.26088685337121
104,0.02,708,500000.0,1.26168753417693
105,0.02,710,500000.0,1.26248794694978
106,0.02,712,500000.0,1.2634870605769
107,0.02,714,500000.0,1.2642888534796
108,0.02,716,500000.0,1.26509115522965
109,0.02,718,500000.0,1.26589288992069
110,0.02,720,500000.0,1.266694990595
111,0.02,722,500000.0,1.26742532522346
112,0.02,724,500000.0,1.26822702873633
113,0.02,726,500000.0,1.26902888811467
114,0.02,728,500000.0,1.26983031425198
115,0.02,730,500000.0,1.27055805381929
116,0.02,732,500000.0,1.27135901229813
117,0.02,734,500000.0,1.272159837589
118,0.02,736,500000.0,1.27296098866863
119,0.02,738,500000.0,1.27368491854199
120,0.02,740,500000.0,1.27448555561608
121,0.02,742,500000.0,1.27528577565715
122,0.02,744,500000.0,1.276086046278
123,0.02,746,500000.0,1.27688630008345
124,0.02,748,500000.0,1.27768646892401
125,0.02,750,500000.0,1.27848648389625
126,0.02,752,500000.0,1.2792868307211
127,0.02,754,500000.0,1.28016843760962
128,0.02,756,500000.0,1.28096914587123
129,0.02,758,500000.0,1.2817699952141
130,0.02,760,500000.0,1.28257035434233
131,0.02,762,500000.0,1.28337129179016
132,0.02,764,500000.0,1.28418710389317
133,0.02,766,500000.0,1.28505838495462
134,0.02,768,500000.0,1.28585885107582
135,0.02,770,500000.0,1.28689382385114
136,0.02,772,500000.0,1.28769614424958
137,0.02,774,500000.0,1.28835108195056
138,0.02,776,500000.0,1.2891523913895
139,0.02,778,500000.0,1.28995378710095
140,0.02,780,500000.0,1.29084637328192
141,0.02,782,500000.0,1.29164824012589
142,0.02,784,500000.0,1.29245061579877
143,0.02,786,500000.0,1.29326685540874
144,0.02,788,500000.0,1.29414859932067
145,0.02,790,500000.0,1.29519742122294
146,0.02,792,500000.0,1.29600119569745
147,0.02,794,500000.0,1.29690183422233
148,0.02,796,500000.0,1.29770587029687
149,0.02,798,500000.0,1.29851063884867
150,0.02,800,500000.0,1.29941365924252
151,0.02,802,500000.0,1.30021834112426
152,0.02,804,500000.0,1.30109146940227
153,0.02,806,500000.0,1.30192977717907
154,0.02,808,500000.0,1.30273523472302
155,0.02,810,500000.0,1.30364324447937
156,0.02,812,500000.0,1.30444932808101
157,0.02,814,500000.0,1.30525570824403
158,0.02,816,500000.0,1.30616741790999
159,0.02,818,500000.0,1.30697409968417
160,0.02,820,500000.0,1.30778091275259
161,0.02,822,500000.0,1.30869521201282
162,0.02,824,500000.0,1.30950266291593
163,0.02,826,500000.0,1.31031008129603
164,0.02,828,500000.0,1.3112278617373
165,0.02,830,500000.0,1.3120355962641
166,0.02,832,500000.0,1.31284381804785
167,0.02,834,500000.0,1.31376464441493
168,0.02,836,500000.0,1.31457355675456
169,0.02,838,500000.0,1.315382107129
170,0.02,840,500000.0,1.31630553599908
171,0.02,842,500000.0,1.31711516242917
172,0.02,844,500000.0,1.31795480027411
173,0.02,846,500000.0,1.31885197962638
174,0.02,848,500000.0,1.31966185534058
175,0.02,850,500000.0,1.32059219216227
176,0.02,852,500000.0,1.32140264665985
177,0.02,854,500000.0,1.32221884773407
178,0.02,856,500000.0,1.32314625583204
179,0.02,858,500000.0,1.32395837186324
180,0.02,860,500000.0,1.32489377407417
181,0.02,862,500000.0,1.3257059739536
182,0.02,864,500000.0,1.32634611282785
183,0.02,866,500000.0,1.32745767815731
184,0.02,868,500000.0,1.32809735468001
185,0.02,870,500000.0,1.32890918261099
186,0.02,872,500000.0,1.32985216725563
187,0.02,874,500000.0,1.33066499138617
188,0.02,876,500000.0,1.33157712394971
189,0.02,878,500000.0,1.33242460601584
190,0.02,880,500000.0,1.33329262758449
191,0.02,882,500000.0,1.33418690330805
192,0.02,884,500000.0,1.3350018813911
193,0.02,886,500000.0,1.33595387436252
194,0.02,888,500000.0,1.33684287774441
195,0.02,890,500000.0,1.33772361511608
196,0.02,892,500000.0,1.33854070982281
197,0.02,894,500000.0,1.33949736724061
198,0.02,896,500000.0,1.34037504045888
199,0.02,898,500000.0,1.34127561580435
200,0.02,900,500000.0,1.3422067252821
201,0.02,902,500000.0,1.34305723027778
202,0.02,904,500000.0,1.34388853234001
203,0.02,906,500000.0,1.34484269675661
204,0.02,908,500000.0,1.34571264364512
205,0.02,910,500000.0,1.34663252605795
206,0.02,912,500000.0,1.34753244663371
207,0.02,914,500000.0,1.34842556558974
208,0.02,916,500000.0,1.34924811240484
209,0.02,918,500000.0,1.35022318030645
210,0.02,920,500000.0,1.35104631264484
211,0.02,922,500000.0,1.35202507217289
212,0.02,924,500000.0,1.35284861707109
213,0.02,926,500000.0,1.35383093621598
214,0.02,928,500000.0,1.35465559010075
215,0.02,930,500000.0,1.35564133790432
216,0.02,932,500000.0,1.35646694133815
217,0.02,934,500000.0,1.3574559834824
218,0.02,936,500000.0,1.35828237364387
219,0.02,938,500000.0,1.35927457241784
220,0.02,940,500000.0,1.36010248136541
221,0.02,942,500000.0,1.36109770020853
222,0.02,944,500000.0,1.36192697936982
223,0.02,946,500000.0,1.36276562632542
224,0.02,948,500000.0,1.36375557594781
225,0.02,950,500000.0,1.36458533419973
226,0.02,952,500000.0,1.36558889687475
227,0.02,954,500000.0,1.36641963307448
228,0.02,956,500000.0,1.36742666329226
229,0.02,958,500000.0,1.36825915849898
230,0.02,960,500000.0,1.36926953155921
231,0.02,962,500000.0,1.37010270270469
232,0.02,964,500000.0,1.37100225690137
233,0.02,966,500000.0,1.37195092545958
234,0.02,968,500000.0,1.37278537649863
235,0.02,970,500000.0,1.3738045156753
236,0.02,972,500000.0,1.37464021604122
237,0.02,974,500000.0,1.37566321948265
238,0.02,976,500000.0,1.37649904869742
239,0.02,978,500000.0,1.37752579557062
240,0.02,980,500000.0,1.37836355581004
241,0.02,982,500000.0,1.37934440695512
242,0.02,984,500000.0,1.38023250093147
243,0.02,986,500000.0,1.38107949769723
244,0.02,988,500000.0,1.38210761710983
245,0.02,990,500000.0,1.38294720866426
246,0.02,992,500000.0,1.38358167460871
247,0.02,994,500000.0,1.38442202842275
248,0.02,996,500000.0,1.38546266886296
249,0.02,998,500000.0,1.38630433603133
250,0.02,1000,500000.0,1.38719560853008
251,0.02,1002,500000.0,1.38819192301866
252,0.02,1004,500000.0,1.38903383961997
253,0.02,1006,500000.0,1.39008454437937
254,0.02,1008,500000.0,1.39092846385091
255,0.02,1010,500000.0,1.39198300301531
256,0.02,1012,500000.0,1.39282774789582
257,0.02,1014,500000.0,1.39387537759758
258,0.02,1016,500000.0,1.39473250024411
259,0.02,1018,500000.0,1.39557884296765
260,0.02,1020,500000.0,1.39664356222928
261,0.02,1022,500000.0,1.39749037919015
262,0.02,1024,500000.0,1.39855963496376
263,0.02,1026,500000.0,1.39940786910615
264,0.02,1028,500000.0,1.4002952084712
265,0.02,1030,500000.0,1.40133109277338
266,0.02,1032,500000.0,1.40218130528617
267,0.02,1034,500000.0,1.40326093603049
268,0.02,1036,500000.0,1.40411224770544
269,0.02,1038,500000.0,1.40500559311992
270,0.02,1040,500000.0,1.40604835471862
271,0.02,1042,500000.0,1.40690115714451
272,0.02,1044,500000.0,1.40799052369918
273,0.02,1046,500000.0,1.40884523113251
274,0.02,1048,500000.0,1.40993166845321
275,0.02,1050,500000.0,1.41079503857806
276,0.02,1052,500000.0,1.41165075360548
277,0.02,1054,500000.0,1.4127503589355
278,0.02,1056,500000.0,1.41360767287236
279,0.02,1058,500000.0,1.41459744470657
280,0.02,1060,500000.0,1.4155721082738
281,0.02,1062,500000.0,1.41643111237549
282,0.02,1064,500000.0,1.41754270316262
283,0.02,1066,500000.0,1.41840300891481
284,0.02,1068,500000.0,1.41926341830284
285,0.02,1070,500000.0,1.42038073524617
286,0.02,1072,500000.0,1.42124346131435
287,0.02,1074,500000.0,1.42225871849266
288,0.02,1076,500000.0,1.42323023053009
289,0.02,1078,500000.0,1.42409390255334
290,0.02,1080,500000.0,1.42522230999383
291,0.02,1082,500000.0,1.42608801864174
292,0.02,1084,500000.0,1.42695357121555
293,0.02,1086,500000.0,1.42808959195544
294,0.02,1088,500000.0,1.42895576997403
295,0.02,1090,500000.0,1.4298542301886
296,0.02,1092,500000.0,1.43046370146932
297,0.02,1094,500000.0,1.43133062975146
298,0.02,1096,500000.0,1.43235160782337
299,0.02,1098,500000.0,1.43334420882694
300,0.02,1100,500000.0,1.43421228863291
301,0.02,1102,500000.0,1.43534393733411
302,0.02,1104,500000.0,1.43623651060153
303,0.02,1106,500000.0,1.43710675988374
304,0.02,1108,500000.0,1.43826584558474
305,0.02,1110,500000.0,1.43913732984838
306,0.02,1112,500000.0,1.4400107973697
307,0.02,1114,500000.0,1.44117660858237
308,0.02,1116,500000.0,1.44205115588889
309,0.02,1118,500000.0,1.44292497813681
310,0.02,1120,500000.0,1.44409865044327
311,0.02,1122,500000.0,1.44497470086693
312,0.02,1124,500000.0,1.44584992211973
313,0.02,1126,500000.0,1.44703129214889
314,0.02,1128,500000.0,1.44790993423811
315,0.02,1130,500000.0,1.44878765070246
316,0.02,1132,500000.0,1.44997656113508
317,0.02,1134,500000.0,1.45085619837007
318,0.02,1136,500000.0,1.45173617503807
319,0.02,1138,500000.0,1.45293245546904
320,0.02,1140,500000.0,1.45381420065885
321,0.02,1142,500000.0,1.45469620088515
322,0.02,1144,500000.0,1.455899680618
323,0.02,1146,500000.0,1.45678329258985
324,0.02,1148,500000.0,1.45766707298689
325,0.02,1150,500000.0,1.45887898904736
326,0.02,1152,500000.0,1.45976422504962
327,0.02,1154,500000.0,1.4606509656109
328,0.02,1156,500000.0,1.46187118148225
329,0.02,1158,500000.0,1.46276641926811
330,0.02,1160,500000.0,1.46375114566509
331,0.02,1162,500000.0,1.46474671629238
332,0.02,1164,500000.0,1.46574158875061
333,0.02,1166,500000.0,1.46673863640263
334,0.02,1168,500000.0,1.46773784697341
335,0.02,1170,500000.0,1.46873626454312
336,0.02,1172,500000.0,1.46973531897488
337,0.02,1174,500000.0,1.47073646321198
338,0.02,1176,500000.0,1.47173670547976
339,0.02,1178,500000.0,1.47273898751857
340,0.02,1180,500000.0,1.47374179461199
341,0.02,1182,500000.0,1.47474509520611
342,0.02,1184,500000.0,1.47575037044348
343,0.02,1186,500000.0,1.47675608714604
344,0.02,1188,500000.0,1.47776221296867
345,0.02,1190,500000.0,1.47877024617299
346,0.02,1192,500000.0,1.47977863496802
347,0.02,1194,500000.0,1.48078734621102
348,0.02,1196,500000.0,1.48179634647912
349,0.02,1198,500000.0,1.4828071570477
350,0.02,1200,500000.0,1.48319437300648
351,0.02,1202,500000.0,1.48420475439885
352,0.02,1204,500000.0,1.48521530770648
353,0.02,1206,500000.0,1.48622757457007
354,0.02,1208,500000.0,1.48723995589556
355,0.02,1210,500000.0,1.48825400503234
356,0.02,1212,500000.0,1.48926811018473
357,0.02,1214,500000.0,1.49028223560492
358,0.02,1216,500000.0,1.4912979522915
359,0.02,1218,500000.0,1.49231524247742
360,0.02,1220,500000.0,1.49333246877473
361,0.02,1222,500000.0,1.49435122001166
362,0.02,1224,500000.0,1.49536984590391
363,0.02,1226,500000.0,1.49639158535862
364,0.02,1228,500000.0,1.49741314953109
365,0.02,1230,500000.0,1.49843450056669
366,0.02,1232,500000.0,1.49945725730592
367,0.02,1234,500000.0,1.50047973695248
368,0.02,1236,500000.0,1.50150524007057
369,0.02,1238,500000.0,1.50253041380156
370,0.02,1240,500000.0,1.50355521895399
371,0.02,1242,500000.0,1.50458299346498
372,0.02,1244,500000.0,1.50561034569257
373,0.02,1246,500000.0,1.50664063868267
374,0.02,1248,500000.0,1.50767045479915
375,0.02,1250,500000.0,1.50870146793132
376,0.02,1252,500000.0,1.5097319357879
377,0.02,1254,500000.0,1.51076527197642
378,0.02,1256,500000.0,1.51179800642081
379,0.02,1258,500000.0,1.51283183788022
380,0.02,1260,500000.0,1.5138667440428
381,0.02,1262,500000.0,1.51490270238743
382,0.02,1264,500000.0,1.51593969018288
383,0.02,1266,500000.0,1.51697768448707
384,0.02,1268,500000.0,1.51801666214643
385,0.02,1270,500000.0,1.51905659979505
386,0.02,1272,500000.0,1.52009568747829
387,0.02,1274,500000.0,1.52113746751033
388,0.02,1276,500000.0,1.52218013613689
389,0.02,1278,500000.0,1.52322186278456
390,0.02,1280,500000.0,1.52426622902487
391,0.02,1282,500000.0,1.52531141053088
392,0.02,1284,500000.0,1.5263117233302
393,0.02,1286,500000.0,1.52730880463685
394,0.02,1288,500000.0,1.52830626747888
395,0.02,1290,500000.0,1.52930408515429
396,0.02,1292,500000.0,1.53030223075496
397,0.02,1294,500000.0,1.53129881834037
398,0.02,1296,500000.0,1.532297531686
399,0.02,1298,500000.0,1.53329649098086
400,0.02,1300,500000.0,1.53429754702107
401,0.02,1302,500000.0,1.53529692139643
402,0.02,1304,500000.0,1.53629834964715
403,0.02,1306,500000.0,1.53729992492241
404,0.02,1308,500000.0,1.5383035237109
405,0.02,1310,500000.0,1.53930531389456
406,0.02,1312,500000.0,1.54030908324773
407,0.02,1314,500000.0,1.54208371439964
408,0.02,1316,500000.0,1.54309022742337
409,0.02,1318,500000.0,1.54409867372624
410,0.02,1320,500000.0,1.5451051452317
411,0.02,1322,500000.0,1.54611350370685
412,0.02,1324,500000.0,1.54712373924501
413,0.02,1326,500000.0,1.54813190264418
414,0.02,1328,500000.0,1.54914387208222
415,0.02,1330,500000.0,1.55015370800875
416,0.02,1332,500000.0,1.55116533905378
417,0.02,1334,500000.0,1.5521767576442
418,0.02,1336,500000.0,1.55318993615132
419,0.02,1338,500000.0,1.55420084231418
420,0.02,1340,500000.0,1.55521345874571
421,0.02,1342,500000.0,1.55622777412061
422,0.02,1344,500000.0,1.5572417456313
423,0.02,1346,500000.0,1.55825737918479
424,0.02,1348,500000.0,1.55927261778023
425,0.02,1350,500000.0,1.56028948085293
426,0.02,1352,500000.0,1.56130589714653
427,0.02,1354,500000.0,1.56314920192325
428,0.02,1356,500000.0,1.56416950654452
429,0.02,1358,500000.0,1.56519136657115
430,0.02,1360,500000.0,1.56621058572968
431,0.02,1362,500000.0,1.5672334053583
432,0.02,1364,500000.0,1.56825562177366
433,0.02,1366,500000.0,1.56927720053429
434,0.02,1368,500000.0,1.57030022715821
435,0.02,1370,500000.0,1.57132468816069
436,0.02,1372,500000.0,1.57234843546247
437,0.02,1374,500000.0,1.57337571707852
438,0.02,1376,500000.0,1.57440009418299
439,0.02,1378,500000.0,1.57542797761448
440,0.02,1380,500000.0,1.57645288509541
441,0.02,1382,500000.0,1.5774790998375
442,0.02,1384,500000.0,1.57850660727466
443,0.02,1386,500000.0,1.57953539270924
444,0.02,1388,500000.0,1.58056324910895
445,0.02,1390,500000.0,1.58247310910813
446,0.02,1392,500000.0,1.58350413155677
447,0.02,1394,500000.0,1.58453856906118
448,0.02,1396,500000.0,1.58557197542434
449,0.02,1398,500000.0,1.58660654670593
450,0.02,1400,500000.0,1.58764002600254
451,0.02,1402,500000.0,1.58867462374292
452,0.02,1404,500000.0,1.58971032383046
453,0.02,1406,500000.0,1.59074484667151
454,0.02,1408,500000.0,1.59178269516596
455,0.02,1410,500000.0,1.59281931861216
456,0.02,1412,500000.0,1.59385696366851
457,0.02,1414,500000.0,1.59489332028164
458,0.02,1416,500000.0,1.59593295038997
459,0.02,1418,500000.0,1.59697124291797
460,0.02,1420,500000.0,1.59801278952994
461,0.02,1422,500000.0,1.59905294879362
462,0.02,1424,500000.0,1.60009401134903
463,0.02,1426,500000.0,1.60113362100295
464,0.02,1428,500000.0,1.60217408315186
465,0.02,1430,500000.0,1.60415791703261
466,0.02,1432,500000.0,1.60520308304591
467,0.02,1434,500000.0,1.6062490536883
468,0.02,1436,500000.0,1.60729581042874
469,0.02,1438,500000.0,1.60834333459219
470,0.02,1440,500000.0,1.6093916073593
471,0.02,1442,500000.0,1.61044060976595
472,0.02,1444,500000.0,1.61148790978604
473,0.02,1446,500000.0,1.61253830623567
474,0.02,1448,500000.0,1.61358694609894
475,0.02,1450,500000.0,1.61463622269755
476,0.02,1452,500000.0,1.61568611629009
477,0.02,1454,500000.0,1.61673660698881
478,0.02,1456,500000.0,1.61778767475916
479,0.02,1458,500000.0,1.61883929941956
480,0.02,1460,500000.0,1.61989146064109
481,0.02,1462,500000.0,1.62094413794722
482,0.02,1464,500000.0,1.62199731071351
483,0.02,1466,500000.0,1.6230534572135
484,0.02,1468,500000.0,1.62511154282261
485,0.02,1470,500000.0,1.6261692650852
486,0.02,1472,500000.0,1.62722740485192
487,0.02,1474,500000.0,1.62828594070926
488,0.02,1476,500000.0,1.62934485109385
489,0.02,1478,500000.0,1.630404114292
490,0.02,1480,500000.0,1.63146370843972
491,0.02,1482,500000.0,1.63252361152239
492,0.02,1484,500000.0,1.63358637842757
493,0.02,1486,500000.0,1.63464684081556
494,0.02,1488,500000.0,1.63571013845086
495,0.02,1490,500000.0,1.63677367170429
496,0.02,1492,500000.0,1.63783741784768
497,0.02,1494,500000.0,1.63890135400087
498,0.02,1496,500000.0,1.63996545713164
499,0.02,1498,500000.0,1.64102970405558
500,0.02,1500,500000.0,1.642094071436
501,0.02,1502,500000.0,1.64315853578386
502,0.02,1504,500000.0,1.6452904916716
503,0.02,1506,500000.0,1.64636106025239
504,0.02,1508,500000.0,1.64743167618473
505,0.02,1510,500000.0,1.64850231535038
506,0.02,1512,500000.0,1.64957565182227
507,0.02,1514,500000.0,1.65064897951052
508,0.02,1516,500000.0,1.65172227387316
509,0.02,1518,500000.0,1.65279551021382
510,0.02,1520,500000.0,1.65386866368164
511,0.02,1522,500000.0,1.65494170927134
512,0.02,1524,500000.0,1.65601737046599
513,0.02,1526,500000.0,1.65709289017178
514,0.02,1528,500000.0,1.65817100850774
515,0.02,1530,500000.0,1.65924617724698
516,0.02,1532,500000.0,1.66032391025481
517,0.02,1534,500000.0,1.66140141611748
518,0.02,1536,500000.0,1.66248146836303
519,0.02,1538,500000.0,1.66356125834534
520,0.02,1540,500000.0,1.66576883018961
521,0.02,1542,500000.0,1.6668514497279
522,0.02,1544,500000.0,1.66793373203937
523,0.02,1546,500000.0,1.6690184998339
524,0.02,1548,500000.0,1.67010289386714
525,0.02,1550,500000.0,1.67118688703001
526,0.02,1552,500000.0,1.67227332759446
527,0.02,1554,500000.0,1.67335932998223
528,0.02,1556,500000.0,1.67444486664753
529,0.02,1558,500000.0,1.67553281157109
530,0.02,1560,500000.0,1.67662025268967
531,0.02,1562,500000.0,1.67771008122563
532,0.02,1564,500000.0,1.67879936738647
533,0.02,1566,500000.0,1.67989101971152
534,0.02,1568,500000.0,1.68097914497167
535,0.02,1570,500000.0,1.6820695970425
536,0.02,1572,500000.0,1.68315941041203
537,0.02,1574,500000.0,1.68425152837438
538,0.02,1576,500000.0,1.68534296749524
539,0.02,1578,500000.0,1.68763420793944
540,0.02,1580,500000.0,1.68872777614473
541,0.02,1582,500000.0,1.68982661204537
542,0.02,1584,500000.0,1.69092469073647
543,0.02,1586,500000.0,1.69202198241605
544,0.02,1588,500000.0,1.69312149967812
545,0.02,1590,500000.0,1.69422018789828
546,0.02,1592,500000.0,1.69532107747228
547,0.02,1594,500000.0,1.69642109546972
548,0.02,1596,500000.0,1.69752021135639
549,0.02,1598,500000.0,1.6986214823262
550,0.02,1600,500000.0,1.69972180784833
551,0.02,1602,500000.0,1.70082426307364
552,0.02,1604,500000.0,1.70192572900666
553,0.02,1606,500000.0,1.70302929882373
554,0.02,1608,500000.0,1.70413183499473
555,0.02,1610,500000.0,1.70523644878924
556,0.02,1612,500000.0,1.70760246617569
557,0.02,1614,500000.0,1.70871175498269
558,0.02,1616,500000.0,1.70982310133047
559,0.02,1618,500000.0,1.71093331264808
560,0.02,1620,500000.0,1.7120423565671
561,0.02,1622,500000.0,1.713153407462
562,0.02,1624,500000.0,1.71426324443028
563,0.02,1626,500000.0,1.71537506027559
564,0.02,1628,500000.0,1.71648561514854
565,0.02,1630,500000.0,1.71759812034631
566,0.02,1632,500000.0,1.71871257084265
567,0.02,1634,500000.0,1.71982569825891
568,0.02,1636,500000.0,1.72094074179651
569,0.02,1638,500000.0,1.72205441394641
570,0.02,1640,500000.0,1.72316997258232
571,0.02,1642,500000.0,1.72428741222392
572,0.02,1644,500000.0,1.7254034165603
573,0.02,1646,500000.0,1.72784786302655
574,0.02,1648,500000.0,1.72896805375016
575,0.02,1650,500000.0,1.73009007495967
576,0.02,1652,500000.0,1.73121056259185
577,0.02,1654,500000.0,1.7323328494487
578,0.02,1656,500000.0,1.73345355195881
579,0.02,1658,500000.0,1.73457602196547
580,0.02,1660,500000.0,1.73570025312257
581,0.02,1662,500000.0,1.73682623902021
582,0.02,1664,500000.0,1.73795055690221
583,0.02,1666,500000.0,1.7390765969679
584,0.02,1668,500000.0,1.74020435253577
585,0.02,1670,500000.0,1.74133037124227
586,0.02,1672,500000.0,1.74245461683311
587,0.02,1674,500000.0,1.74358051810431
588,0.02,1676,500000.0,1.74470806795702
589,0.02,1678,500000.0,1.74583725922556
590,0.02,1680,500000.0,1.74696458987926
591,0.02,1682,500000.0,1.74809352760542
592,0.02,1684,500000.0,1.74922406495991
593,0.02,1686,500000.0,1.75176443815605
594,0.02,1688,500000.0,1.75289859354994
595,0.02,1690,500000.0,1.75403431588114
596,0.02,1692,500000.0,1.75517159735242
597,0.02,1694,500000.0,1.75630685568602
598,0.02,1696,500000.0,1.75744363720894
599,0.02,1698,500000.0,1.75858193383823
600,0.02,1700,500000.0,1.75971452816092
601,0.02,1702,500000.0,1.76085219547323
602,0.02,1704,500000.0,1.76199133287253
603,0.02,1706,500000.0,1.7631282969213
604,0.02,1708,500000.0,1.76426669375802
605,0.02,1710,500000.0,1.76540651472192
606,0.02,1712,500000.0,1.7665440855632
607,0.02,1714,500000.0,1.76768671827679
608,0.02,1716,500000.0,1.76882706269645
609,0.02,1718,500000.0,1.76996877531212
610,0.02,1720,500000.0,1.77259284131932
611,0.02,1722,500000.0,1.77374138198766
612,0.02,1724,500000.0,1.77488753521596
613,0.02,1726,500000.0,1.7760350086535
614,0.02,1728,500000.0,1.77718003434402
615,0.02,1730,500000.0,1.77833010926413
616,0.02,1732,500000.0,1.77947769639619
617,0.02,1734,500000.0,1.78062275472535
618,0.02,1736,500000.0,1.78177284335096
619,0.02,1738,500000.0,1.7829241730651
620,0.02,1740,500000.0,1.7840729127297
621,0.02,1742,500000.0,1.78522668397861
622,0.02,1744,500000.0,1.78637782384419
623,0.02,1746,500000.0,1.78753014313729
624,0.02,1748,500000.0,1.78867976819407
625,0.02,1750,500000.0,1.78983440448888
626,0.02,1752,500000.0,1.79099018877146
627,0.02,1754,500000.0,1.79214321531887
628,0.02,1756,500000.0,1.79485799913256
629,0.02,1758,500000.0,1.79601748694475
630,0.02,1760,500000.0,1.79717806739436
631,0.02,1762,500000.0,1.79833578017
632,0.02,1764,500000.0,1.79949454191591
633,0.02,1766,500000.0,1.8006543413666
634,0.02,1768,500000.0,1.80181516717552
635,0.02,1770,500000.0,1.80297700791476
636,0.02,1772,500000.0,1.8041398520748
637,0.02,1774,500000.0,1.80530368806424
638,0.02,1776,500000.0,1.80646850420952
639,0.02,1778,500000.0,1.80763428875468
640,0.02,1780,500000.0,1.80879698312742
641,0.02,1782,500000.0,1.80996060028449
642,0.02,1784,500000.0,1.81112512815564
643,0.02,1786,500000.0,1.81229055458748
644,0.02,1788,500000.0,1.81345686734323
645,0.02,1790,500000.0,1.81626299505276
646,0.02,1792,500000.0,1.81743545042217
647,0.02,1794,500000.0,1.81860462757994
648,0.02,1796,500000.0,1.81977877461054
649,0.02,1798,500000.0,1.82094959590876
650,0.02,1800,500000.0,1.82212538377739
651,0.02,1802,500000.0,1.82329779796716
652,0.02,1804,500000.0,1.82447098358789
653,0.02,1806,500000.0,1.82564913031762
654,0.02,1808,500000.0,1.82682383065328
655,0.02,1810,500000.0,1.82799926291382
656,0.02,1812,500000.0,1.82917541375128
657,0.02,1814,500000.0,1.83034802200767
658,0.02,1816,500000.0,1.8315255583186
659,0.02,1818,500000.0,1.83269950233006
660,0.02,1820,500000.0,1.83387836960085
661,0.02,1822,500000.0,1.8350535944249
662,0.02,1824,500000.0,1.83795809373492
663,0.02,1826,500000.0,1.83914342642719
664,0.02,1828,500000.0,1.84032503538016
665,0.02,1830,500000.0,1.84151157571023
666,0.02,1832,500000.0,1.84269434090229
667,0.02,1834,500000.0,1.84388203176379
668,0.02,1836,500000.0,1.84506589565446
669,0.02,1838,500000.0,1.84625467923074
670,0.02,1840,500000.0,1.84743958356864
671,0.02,1842,500000.0,1.84862940133004
672,0.02,1844,500000.0,1.84981528715021
673,0.02,1846,500000.0,1.85100163557289
674,0.02,1848,500000.0,1.85218843156914
675,0.02,1850,500000.0,1.85337566002035
676,0.02,1852,500000.0,1.85456330571802
677,0.02,1854,500000.0,1.85575584425622
678,0.02,1856,500000.0,1.8569442901614
679,0.02,1858,500000.0,1.8599416691501
680,0.02,1860,500000.0,1.86114008778218
681,0.02,1862,500000.0,1.86233432512373
682,0.02,1864,500000.0,1.86353345786491
683,0.02,1866,500000.0,1.86473292987397
684,0.02,1868,500000.0,1.86592813746768
685,0.02,1870,500000.0,1.86712822823299
686,0.02,1872,500000.0,1.86832399862256
687,0.02,1874,500000.0,1.86952002014486
688,0.02,1876,500000.0,1.87072091189329
689,0.02,1878,500000.0,1.87191739851127
690,0.02,1880,500000.0,1.87311874637202
691,0.02,1882,500000.0,1.87432030347042
692,0.02,1884,500000.0,1.87552205314643
693,0.02,1886,500000.0,1.87671928311662
694,0.02,1888,500000.0,1.87792135551894
695,0.02,1890,500000.0,1.87912356994548
696,0.02,1892,500000.0,1.882221662924
697,0.02,1894,500000.0,1.88342897324639
698,0.02,1896,500000.0,1.88463638090579
699,0.02,1898,500000.0,1.88584865215116
700,0.02,1900,500000.0,1.88705621453883
701,0.02,1902,500000.0,1.88826382191019
702,0.02,1904,500000.0,1.88947145662132
703,0.02,1908,500000.0,1.89189158201575
704,0.02,1912,500000.0,1.89431652176622
705,0.02,1916,500000.0,1.8967364168334
706,0.02,1920,500000.0,1.89916580511888
707,0.02,1924,500000.0,1.90357578030329
708,0.02,1928,500000.0,1.90601426506034
709,0.02,1932,500000.0,1.90845709283376
710,0.02,1936,500000.0,1.91089411501287
711,0.02,1940,500000.0,1.9133402868826
712,0.02,1944,500000.0,1.91578543191461
713,0.02,1948,500000.0,1.91822939385235
714,0.02,1952,500000.0,1.92068229126587
715,0.02,1956,500000.0,1.92520281678976
716,0.02,1960,500000.0,1.92766308819518
717,0.02,1964,500000.0,1.93012689329961
718,0.02,1968,500000.0,1.93258888691182
719,0.02,1972,500000.0,1.93505418872902
720,0.02,1976,500000.0,1.93752271021902
721,0.02,1980,500000.0,1.93999436174058
722,0.02,1984,500000.0,1.94246368835283
723,0.02,1988,500000.0,1.9470958399254
724,0.02,1992,500000.0,1.94958694410842
725,0.02,1996,500000.0,1.95206991987096
726,0.02,2000,500000.0,1.95455548934364
727,0.02,2004,500000.0,1.95704355532571
728,0.02,2008,500000.0,1.95953401946919
729,0.02,2012,500000.0,1.96202678227401
730,0.02,2016,500000.0,1.96452174308398
731,0.02,2020,500000.0,1.96926697564054
732,0.02,2024,500000.0,1.97177696436513
733,0.02,2028,500000.0,1.97428887622666
734,0.02,2032,500000.0,1.97679687857807
735,0.02,2036,500000.0,1.97930653618638
736,0.02,2040,500000.0,1.98181774079886
737,0.02,2044,500000.0,1.98433038297522
738,0.02,2048,500000.0,1.98684435208453
739,0.02,2052,500000.0,1.99171610403242
740,0.02,2056,500000.0,1.99424960220818
741,0.02,2060,500000.0,1.99677823265283
742,0.02,2064,500000.0,1.99930776680493
743,0.02,2068,500000.0,2.00184408840046
744,0.02,2072,500000.0,2.0043751062766
745,0.02,2076,500000.0,2.0069127312489
746,0.02,2080,500000.0,2.00945084213495
747,0.02,2084,500000.0,2.01444614549323
748,0.02,2088,500000.0,2.01699648624426
749,0.02,2092,500000.0,2.01955316934847
750,0.02,2096,500000.0,2.02210370595017
751,0.02,2100,500000.0,2.02466039073176
752,0.02,2104,500000.0,2.02721689950583
753,0.02,2108,500000.0,2.02977310298733
754,0.02,2112,500000.0,2.03233521383596
755,0.02,2116,500000.0,2.03745069602055
756,0.02,2120,500000.0,2.04003001214845
757,0.02,2124,500000.0,2.04260218266353
758,0.02,2128,500000.0,2.04517995483563
759,0.02,2132,500000.0,2.04775676532043
760,0.02,2136,500000.0,2.0503324759798
761,0.02,2140,500000.0,2.05291352466854
762,0.02,2144,500000.0,2.05814131396956
763,0.02,2148,500000.0,2.06073846590942
764,0.02,2152,500000.0,2.0633407928715
765,0.02,2156,500000.0,2.06593479278044
766,0.02,2160,500000.0,2.0685337389747
767,0.02,2164,500000.0,2.07113757726197
768,0.02,2168,500000.0,2.07373261653831
769,0.02,2172,500000.0,2.07633916158625
770,0.02,2176,500000.0,2.08169409330203
771,0.02,2180,500000.0,2.08431552800331
772,0.02,2184,500000.0,2.08693452270082
773,0.02,2188,500000.0,2.08955792453638
774,0.02,2192,500000.0,2.09217863907272
775,0.02,2196,500000.0,2.09479650912681
776,0.02,2200,500000.0,2.09741847379187
777,0.02,2204,500000.0,2.10289476177627
778,0.02,2208,500000.0,2.10553041825287
779,0.02,2212,500000.0,2.10816995675061
780,0.02,2216,500000.0,2.11081331072047
781,0.02,2220,500000.0,2.11345312535308
782,0.02,2224,500000.0,2.1160965544645
783,0.02,2228,500000.0,2.11873617584526
784,0.02,2232,500000.0,2.12433937210387
785,0.02,2236,500000.0,2.12699896312527
786,0.02,2240,500000.0,2.1296543824546
787,0.02,2244,500000.0,2.13231297181552
788,0.02,2248,500000.0,2.13497465690059
789,0.02,2252,500000.0,2.13763178087011
790,0.02,2256,500000.0,2.14029939748533
791,0.02,2260,500000.0,2.1429622327596
792,0.02,2264,500000.0,2.1487071089915
793,0.02,2268,500000.0,2.15138114921377
794,0.02,2272,500000.0,2.15405772683046
795,0.02,2276,500000.0,2.1567367606925
796,0.02,2280,500000.0,2.1594103182928
797,0.02,2284,500000.0,2.16209398331161
798,0.02,2288,500000.0,2.16477985579773
799,0.02,2292,500000.0,2.17064802790797
800,0.02,2296,500000.0,2.17335195265406
801,0.02,2300,500000.0,2.17604981157174
802,0.02,2304,500000.0,2.17874950360458
803,0.02,2308,500000.0,2.18145093996494
804,0.02,2312,500000.0,2.18414586892674
805,0.02,2316,500000.0,2.18684229136386
806,0.02,2320,500000.0,2.1928483402054
807,0.02,2324,500000.0,2.19556172859706
808,0.02,2328,500000.0,2.19828470873631
809,0.02,2332,500000.0,2.2010005440737
810,0.02,2336,500000.0,2.20371744188243
811,0.02,2340,500000.0,2.20643530549343
812,0.02,2344,500000.0,2.20915403731848
813,0.02,2348,500000.0,2.21528842041979
814,0.02,2352,500000.0,2.21802316024479
815,0.02,2356,500000.0,2.22074987667769
816,0.02,2360,500000.0,2.22348568846134
817,0.02,2364,500000.0,2.22623060311938
818,0.02,2368,500000.0,2.22896714981627
819,0.02,2372,500000.0,2.23170388934649
820,0.02,2376,500000.0,2.23797359782716
821,0.02,2380,500000.0,2.2407253093739
822,0.02,2384,500000.0,2.24347692736234
823,0.02,2388,500000.0,2.24623730693102
824,0.02,2392,500000.0,2.24898844836937
825,0.02,2396,500000.0,2.25173916737387
826,0.02,2400,500000.0,2.2544984294486
827,0.02,2404,500000.0,2.26091120634903
828,0.02,2408,500000.0,2.26368447911755
829,0.02,2412,500000.0,2.26645698408379
830,0.02,2416,500000.0,2.26922860560693
831,0.02,2420,500000.0,2.27199922708582
832,0.02,2424,500000.0,2.27476873095939
833,0.02,2428,500000.0,2.2775369987077
834,0.02,2432,500000.0,2.28409185084102
835,0.02,2436,500000.0,2.28687289725603
836,0.02,2440,500000.0,2.28966191893084
837,0.02,2444,500000.0,2.29244932567492
838,0.02,2448,500000.0,2.29524461834032
839,0.02,2452,500000.0,2.29802846261303
840,0.02,2456,500000.0,2.30082002163299
841,0.02,2460,500000.0,2.30751577788907
842,0.02,2464,500000.0,2.31031908561037
843,0.02,2468,500000.0,2.31312012555769
844,0.02,2472,500000.0,2.31592867596339
845,0.02,2476,500000.0,2.31873477825427
846,0.02,2480,500000.0,2.32153830073672
847,0.02,2484,500000.0,2.32433911074856
848,0.02,2488,500000.0,2.33118445554318
849,0.02,2492,500000.0,2.33400590282143
850,0.02,2496,500000.0,2.33683453482457
851,0.02,2500,500000.0,2.33964985814201
852,0.02,2504,500000.0,2.34246189244856
853,0.02,2508,500000.0,2.34528082079453
854,0.02,2512,500000.0,2.34810662711039
855,0.02,2516,500000.0,2.3550902614439
856,0.02,2520,500000.0,2.3579254608724
857,0.02,2524,500000.0,2.36076738777995
858,0.02,2528,500000.0,2.36360544399552
859,0.02,2532,500000.0,2.36643948438459
860,0.02,2536,500000.0,2.36926936284905
861,0.02,2540,500000.0,2.37639841623405
862,0.02,2544,500000.0,2.37924730232522
863,0.02,2548,500000.0,2.38210252419051
864,0.02,2552,500000.0,2.38494228792784
865,0.02,2556,500000.0,2.3877990993975
866,0.02,2560,500000.0,2.39065112043496
867,0.02,2564,500000.0,2.39349819773246
868,0.02,2568,500000.0,2.40078518439629
869,0.02,2572,500000.0,2.40365041126699
870,0.02,2576,500000.0,2.40651032556174
871,0.02,2580,500000.0,2.4093760120274
872,0.02,2584,500000.0,2.41223615654181
873,0.02,2588,500000.0,2.41509059938073
874,0.02,2592,500000.0,2.42252290574127
875,0.02,2596,500000.0,2.42539461924651
876,0.02,2600,500000.0,2.42827175984377
877,0.02,2604,500000.0,2.43115429658245
878,0.02,2608,500000.0,2.43403058945363
879,0.02,2612,500000.0,2.43691212562298
880,0.02,2616,500000.0,2.44447815484697
881,0.02,2620,500000.0,2.44737634034406
882,0.02,2624,500000.0,2.45025594734036
883,0.02,2628,500000.0,2.45315234707937
884,0.02,2632,500000.0,2.45604176396992
885,0.02,2636,500000.0,2.45892402542891
886,0.02,2640,500000.0,2.4618109871724
887,0.02,2644,500000.0,2.46954492233459
888,0.02,2648,500000.0,2.47244743039646
889,0.02,2652,500000.0,2.47535449343437
890,0.02,2656,500000.0,2.47825379676539
891,0.02,2660,500000.0,2.48115748291476
892,0.02,2664,500000.0,2.48405314299738
893,0.02,2668,500000.0,2.49193168849033
894,0.02,2672,500000.0,2.49484195475181
895,0.02,2676,500000.0,2.49775630929178
896,0.02,2680,500000.0,2.50067470859125
897,0.02,2684,500000.0,2.5035844413757
898,0.02,2688,500000.0,2.50649803561623
899,0.02,2692,500000.0,2.51452078647705
900,0.02,2696,500000.0,2.51744817183723
901,0.02,2700,500000.0,2.52037924302545
902,0.02,2704,500000.0,2.52330098007409
903,0.02,2708,500000.0,2.5262262113622
904,0.02,2712,500000.0,2.52914181933611
905,0.02,2716,500000.0,2.5373214113413
906,0.02,2720,500000.0,2.5402497527681
907,0.02,2724,500000.0,2.54319453521232
908,0.02,2728,500000.0,2.54612918787302
909,0.02,2732,500000.0,2.5490535119752
910,0.02,2736,500000.0,2.55199416924148
911,0.02,2740,500000.0,2.56033075568009
912,0.02,2744,500000.0,2.56326983892197
913,0.02,2748,500000.0,2.56621161692806
914,0.02,2752,500000.0,2.56915603392383
915,0.02,2756,500000.0,2.57208928266999
916,0.02,2760,500000.0,2.57502495755952
917,0.02,2764,500000.0,2.58351832424746
918,0.02,2768,500000.0,2.58647877671788
919,0.02,2772,500000.0,2.58942750532753
920,0.02,2776,500000.0,2.59237837643355
921,0.02,2780,500000.0,2.59533132960116
922,0.02,2784,500000.0,2.59828630386561
923,0.02,2788,500000.0,2.60122900795226
924,0.02,2792,500000.0,2.6041735077513
925,0.02,2796,500000.0,2.61285381996018
926,0.02,2800,500000.0,2.61580772474224
927,0.02,2804,500000.0,2.61876318045282
928,0.02,2808,500000.0,2.62170555682303
929,0.02,2812,500000.0,2.62466386660509
930,0.02,2816,500000.0,2.62760886167192
931,0.02,2820,500000.0,2.63055503993081
932,0.02,2824,500000.0,2.63942767310377
933,0.02,2828,500000.0,2.64239687339629
934,0.02,2832,500000.0,2.64535213786487
935,0.02,2836,500000.0,2.64830825167133
936,0.02,2840,500000.0,2.65126514424315
937,0.02,2844,500000.0,2.66027167081404
938,0.02,2848,500000.0,2.66325103355529
939,0.02,2852,500000.0,2.66621569387481
940,0.02,2856,500000.0,2.66918078172062
941,0.02,2860,500000.0,2.67213080713945
942,0.02,2864,500000.0,2.68130199746569
943,0.02,2868,500000.0,2.68427374650761
944,0.02,2872,500000.0,2.6872612232583
945,0.02,2876,500000.0,2.69023307219764
946,0.02,2880,500000.0,2.69318905394819
947,0.02,2884,500000.0,2.70251035854737
948,0.02,2888,500000.0,2.70548745723048
949,0.02,2892,500000.0,2.70846415644844
950,0.02,2896,500000.0,2.71144037566172
951,0.02,2900,500000.0,2.71439989459601
952,0.02,2904,500000.0,2.71737485505495
953,0.02,2908,500000.0,2.72686786225862
954,0.02,2912,500000.0,2.72984700959398
955,0.02,2916,500000.0,2.73282519049967
956,0.02,2920,500000.0,2.73580232028163
957,0.02,2924,500000.0,2.73877831368027
958,0.02,2928,500000.0,2.748421984424
959,0.02,2932,500000.0,2.75140106613925
960,0.02,2936,500000.0,2.75439550712333
961,0.02,2940,500000.0,2.7573716065909
962,0.02,2944,500000.0,2.76034605390359
963,0.02,2948,500000.0,2.76331875962254
964,0.02,2952,500000.0,2.77311697479512
965,0.02,2956,500000.0,2.77610856058014
966,0.02,2960,500000.0,2.77909816211502
967,0.02,2964,500000.0,2.78208568711257
968,0.02,2968,500000.0,2.78505365159448
969,0.02,2972,500000.0,2.79503739333281
970,0.02,2976,500000.0,2.79802350403656
971,0.02,2980,500000.0,2.80100707437405
972,0.02,2984,500000.0,2.80398800840157
973,0.02,2988,500000.0,2.80696620961505
974,0.02,2992,500000.0,2.80994158095144
975,0.02,2996,500000.0,2.82007907766899
976,0.02,3000,500000.0,2.8230717399512
977,0.02,3004,500000.0,2.82606129996239
978,0.02,3008,500000.0,2.82902946892546
979,0.02,3012,500000.0,2.83201246519725
980,0.02,3016,500000.0,2.84231908519533
981,0.02,3020,500000.0,2.84531874534409
982,0.02,3024,500000.0,2.8482962772106
983,0.02,3028,500000.0,2.85126999834091
984,0.02,3032,500000.0,2.8542398045626
985,0.02,3036,500000.0,2.85720559115993
986,0.02,3040,500000.0,2.86770173768729
987,0.02,3044,500000.0,2.8706640594172
988,0.02,3048,500000.0,2.87364095412516
989,0.02,3052,500000.0,2.87661341812625
990,0.02,3056,500000.0,2.88726023004366
991,0.02,3060,500000.0,2.89022832317146
992,0.02,3064,500000.0,2.89321092939294
993,0.02,3068,500000.0,2.89618867931402
994,0.02,3072,500000.0,2.89914196061305
995,0.02,3076,500000.0,2.90210960316637
996,0.02,3080,500000.0,2.91292685879421
997,0.02,3084,500000.0,2.91590837726039
998,0.02,3088,500000.0,2.91886461211307
999,0.02,3092,500000.0,2.92183513284692
1000,0.02,3096,500000.0,2.92478001758178
1001,0.02,3100,500000.0,2.9357679455802
1002,0.02,3104,500000.0,2.93874577781205
1003,0.02,3108,500000.0,2.94169731066779
1004,0.02,3112,500000.0,2.94466298900199
1005,0.02,3116,500000.0,2.94762244369978
1006,0.02,3120,500000.0,2.95878167867816
1007,0.02,3124,500000.0,2.96175322702221
1008,0.02,3128,500000.0,2.96469743056675
1009,0.02,3132,500000.0,2.96763480292176
1010,0.02,3136,500000.0,2.97056522202192
1011,0.02,3140,500000.0,2.98191673850952
1012,0.02,3144,500000.0,2.98485800353287
1013,0.02,3148,500000.0,2.98779193831122
1014,0.02,3152,500000.0,2.99073969573525
1015,0.02,3156,500000.0,2.99365865755438
1016,0.02,3160,500000.0,3.0051821468545
1017,0.02,3164,500000.0,3.0081325199845
1018,0.02,3168,500000.0,3.01105337001569
1019,0.02,3172,500000.0,3.01398786021904
1020,0.02,3176,500000.0,3.01691424785678
1021,0.02,3180,500000.0,3.01981053489921
1022,0.02,3184,500000.0,3.02272026542502
1023,0.02,3188,500000.0,3.02562150431049
1024,0.02,3192,500000.0,3.03734626087253
1025,0.02,3196,500000.0,3.04025562707194
1026,0.02,3200,500000.0,3.04315608827919
1027,0.02,3204,500000.0,3.04604751156217
1028,0.02,3208,500000.0,3.04892976359553
1029,0.02,3212,500000.0,3.05180271066848
1030,0.02,3216,500000.0,3.06375935418538
1031,0.02,3220,500000.0,3.06663905610976
1032,0.02,3224,500000.0,3.06950902199431
1033,0.02,3228,500000.0,3.07239206499797
1034,0.02,3232,500000.0,3.08448043985814
1035,0.02,3236,500000.0,3.08734631071982
1036,0.02,3240,500000.0,3.09022517248545
1037,0.02,3244,500000.0,3.09307033611882
1038,0.02,3248,500000.0,3.10533686857014
1039,0.02,3252,500000.0,3.1082104572042
1040,0.02,3256,500000.0,3.11104952756299
1041,0.02,3260,500000.0,3.11390134523994
1042,0.02,3264,500000.0,3.12632353067444
1043,0.02,3268,500000.0,3.1291794013624
1044,0.02,3272,500000.0,3.13202387906333
1045,0.02,3276,500000.0,3.13488105754155
1046,0.02,3280,500000.0,3.13770238115753
1047,0.02,3284,500000.0,3.15029544430059
1048,0.02,3288,500000.0,3.15311937101995
1049,0.02,3292,500000.0,3.15593113039854
1050,0.02,3296,500000.0,3.15875532211423
1051,0.02,3300,500000.0,3.16156718411374
1052,0.02,3304,500000.0,3.17433014389054
1053,0.02,3308,500000.0,3.17714346891099
1054,0.02,3312,500000.0,3.17994396458739
1055,0.02,3316,500000.0,3.18273148061889
1056,0.02,3320,500000.0,3.19570105646374
1057,0.02,3324,500000.0,3.19848894253095
1058,0.02,3328,500000.0,3.2012633358969
1059,0.02,3332,500000.0,3.20404980437418
1060,0.02,3336,500000.0,3.21715043294896
1061,0.02,3340,500000.0,3.2199363218843
1062,0.02,3344,500000.0,3.22270817419622
1063,0.02,3348,500000.0,3.22546583463127
1064,0.02,3352,500000.0,3.22820914780804
1065,0.02,3356,500000.0,3.24150524056295
1066,0.02,3360,500000.0,3.24424633434687
1067,0.02,3364,500000.0,3.24697253990906
1068,0.02,3368,500000.0,3.24971042108563
1069,0.02,3372,500000.0,3.25243323400846
1070,0.02,3376,500000.0,3.26592464868579
1071,0.02,3380,500000.0,3.2686439348652
1072,0.02,3384,500000.0,3.27134759689392
1073,0.02,3388,500000.0,3.27403547479389
1074,0.02,3392,500000.0,3.27670740856774
1075,0.02,3396,500000.0,3.29036618371557
1076,0.02,3400,500000.0,3.29303273540859
1077,0.02,3404,500000.0,3.29571052213733
1078,0.02,3408,500000.0,3.29837176798369
1079,0.02,3412,500000.0,3.31218599453055
1080,0.02,3416,500000.0,3.31484076721916
1081,0.02,3420,500000.0,3.3175066557838
1082,0.02,3424,500000.0,3.33149485944385
1083,0.02,3428,500000.0,3.33415363927587
1084,0.02,3432,500000.0,3.33676616875194
1085,0.02,3436,500000.0,3.33938955053107
1086,0.02,3440,500000.0,3.34199501847168
1087,0.02,3444,500000.0,3.35617756517915
1088,0.02,3448,500000.0,3.35877394987885
1089,0.02,3452,500000.0,3.36135181204254
1090,0.02,3456,500000.0,3.36394029242988
1091,0.02,3460,500000.0,3.36648067507975
1092,0.02,3464,500000.0,3.38085646033685
1093,0.02,3468,500000.0,3.38341545368639
1094,0.02,3472,500000.0,3.38595510319115
1095,0.02,3476,500000.0,3.38847523968999
1096,0.02,3480,500000.0,3.4030358993495
1097,0.02,3484,500000.0,3.40557393942413
1098,0.02,3488,500000.0,3.40806163350019
1099,0.02,3492,500000.0,3.41055941146117
1100,0.02,3496,500000.0,3.42527476229752
1101,0.02,3500,500000.0,3.42778962844707
1102,0.02,3504,500000.0,3.43025294485365
1103,0.02,3508,500000.0,3.43269526011256
1104,0.02,3512,500000.0,3.44759560503871
1105,0.02,3516,500000.0,3.450022442743
1106,0.02,3520,500000.0,3.45245900553819
1107,0.02,3524,500000.0,3.46753898002341
1108,0.02,3528,500000.0,3.46995919067321
1109,0.02,3532,500000.0,3.47235720805989
1110,0.02,3536,500000.0,3.47476477788348
1111,0.02,3540,500000.0,3.47714994222949
1112,0.02,3544,500000.0,3.49238843434827
1113,0.02,3548,500000.0,3.49475526278848
1114,0.02,3552,500000.0,3.4971314644563
1115,0.02,3556,500000.0,3.49945201048734
1116,0.02,3560,500000.0,3.50178171544752
1117,0.02,3564,500000.0,3.51720839570066
1118,0.02,3568,500000.0,3.51951777807398
1119,0.02,3572,500000.0,3.52180316451671
1120,0.02,3576,500000.0,3.5240643801977
1121,0.02,3580,500000.0,3.53967455909756
1122,0.02,3584,500000.0,3.54191343874789
1123,0.02,3588,500000.0,3.54416106998752
1124,0.02,3592,500000.0,3.55991899214664
1125,0.02,3596,500000.0,3.56217722625713
1126,0.02,3600,500000.0,3.56437602059034
1127,0.02,3604,500000.0,3.58031652977732
1128,0.02,3608,500000.0,3.58252485099205
1129,0.02,3612,500000.0,3.58470712605549
1130,0.02,3616,500000.0,3.58686317822613
1131,0.02,3620,500000.0,3.60295263305225
1132,0.02,3624,500000.0,3.60508192616363
1133,0.02,3628,500000.0,3.60721944768807
1134,0.02,3632,500000.0,3.60932996871887
1135,0.02,3636,500000.0,3.62560190646296
1136,0.02,3640,500000.0,3.62768394658344
1137,0.02,3644,500000.0,3.62973824337172
1138,0.02,3648,500000.0,3.63180044515753
1139,0.02,3652,500000.0,3.6338346826993
1140,0.02,3656,500000.0,3.65028608558341
1141,0.02,3660,500000.0,3.65228949266039
1142,0.02,3664,500000.0,3.65426418403657
1143,0.02,3668,500000.0,3.65624645237704
1144,0.02,3672,500000.0,3.65819978485237
1145,0.02,3676,500000.0,3.67482730630873
1146,0.02,3680,500000.0,3.67674738856024
1147,0.02,3684,500000.0,3.67863777590497
1148,0.02,3688,500000.0,3.68049829642054
1149,0.02,3692,500000.0,3.69730310353362
1150,0.02,3696,500000.0,3.69916552933537
1151,0.02,3700,500000.0,3.70099744748659
1152,0.02,3704,500000.0,3.70279868708409
1153,0.02,3708,500000.0,3.71974177904936
1154,0.02,3712,500000.0,3.72154350436325
1155,0.02,3716,500000.0,3.72331390205457
1156,0.02,3720,500000.0,3.72505280252451
1157,0.02,3724,500000.0,3.72676003765611
1158,0.02,3728,500000.0,3.74386944840887
1159,0.02,3732,500000.0,3.74553639320653
1160,0.02,3736,500000.0,3.74720977948172
1161,0.02,3740,500000.0,3.74885067802124
1162,0.02,3744,500000.0,3.76613113770032
1163,0.02,3748,500000.0,3.76772968824266
1164,0.02,3752,500000.0,3.76933444995049
1165,0.02,3756,500000.0,3.78675512039779
1166,0.02,3760,500000.0,3.78831599234733
1167,0.02,3764,500000.0,3.78984292575042
1168,0.02,3768,500000.0,3.80748374492699
1169,0.02,3772,500000.0,3.80896477705197
1170,0.02,3776,500000.0,3.81045165225431
1171,0.02,3780,500000.0,3.82819160856547
1172,0.02,3784,500000.0,3.82963091039523
1173,0.02,3788,500000.0,3.84760564544651
1174,0.02,3792,500000.0,3.84899591798408
1175,0.02,3796,500000.0,3.85035013483648
1176,0.02,3800,500000.0,3.86846466705326
1177,0.02,3804,500000.0,3.86980974807317
1178,0.02,3808,500000.0,3.87111807691136
1179,0.02,3812,500000.0,3.87238949909084
1180,0.02,3816,500000.0,3.89062691066957
1181,0.02,3820,500000.0,3.89188744414466
1182,0.02,3824,500000.0,3.89311037057742
1183,0.02,3828,500000.0,3.89429553925884
1184,0.02,3832,500000.0,3.89544280174506
1185,0.02,3836,500000.0,3.91386771188368
1186,0.02,3840,500000.0,3.91495834337107
1187,0.02,3844,500000.0,3.91605376001527
1188,0.02,3848,500000.0,3.91711042477277
1189,0.02,3852,500000.0,3.93564964544362
1190,0.02,3856,500000.0,3.93664721150638
1191,0.02,3860,500000.0,3.93764934167081
1192,0.02,3864,500000.0,3.95631975717513
1193,0.02,3868,500000.0,3.95726094304263
1194,0.02,3872,500000.0,3.97612837267626
1195,0.02,3876,500000.0,3.97700686424883
1196,0.02,3880,500000.0,3.97784443345667
1197,0.02,3884,500000.0,3.99688735855574
1198,0.02,3888,500000.0,3.99770555179091
1199,0.02,3892,500000.0,3.99848210901706
1200,0.02,3896,500000.0,4.01765442203109
1201,0.02,3900,500000.0,4.01836387682479
1202,0.02,3904,500000.0,4.01907730685294
1203,0.02,3908,500000.0,4.01970180924205
1204,0.02,3912,500000.0,4.03902128104937
1205,0.02,3916,500000.0,4.03962247590018
1206,0.02,3920,500000.0,4.04018040196586
1207,0.02,3924,500000.0,4.04069494434804
1208,0.02,3928,500000.0,4.06015748988194
1209,0.02,3932,500000.0,4.06059906467501
1210,0.02,3936,500000.0,4.0610441522259
1211,0.02,3940,500000.0,4.06144504068815
1212,0.02,3944,500000.0,4.08099810505298
1213,0.02,3948,500000.0,4.08132330437169
1214,0.02,3952,500000.0,4.08165184092387
1215,0.02,3956,500000.0,4.10132238023408
1216,0.02,3960,500000.0,4.1015731454845
1217,0.02,3964,500000.0,4.12144208579147
1218,0.02,3968,500000.0,4.1216130639037
1219,0.02,3972,500000.0,4.14163220717085
1220,0.02,3976,500000.0,4.14177134419615
1221,0.02,3980,500000.0,4.14181347894905
1222,0.02,3984,500000.0,4.16199708672126
1223,0.02,3988,500000.0,4.16200523414098
1224,0.02,3992,500000.0,4.16196568156518
1225,0.02,3996,500000.0,4.18226138489476
1226,0.02,4000,500000.0,4.18213500302417
1227,0.02,4004,500000.0,4.18201145721676
1228,0.02,4008,500000.0,4.18183944788278
1229,0.02,4012,500000.0,4.18156759404698
1230,0.02,4016,500000.0,4.20194187461122
1231,0.02,4020,500000.0,4.20163096522017
1232,0.02,4024,500000.0,4.20132273654813
1233,0.02,4028,500000.0,4.20091330955041
1234,0.02,4032,500000.0,4.2213995174621
1235,0.02,4036,500000.0,4.22089625575483
1236,0.02,4040,500000.0,4.22039555750173
1237,0.02,4044,500000.0,4.24098013698919
1238,0.02,4048,500000.0,4.2403833394166
1239,0.02,4052,500000.0,4.26111048795061
1240,0.02,4056,500000.0,4.26046906476449
1241,0.02,4060,500000.0,4.28133904167396
1242,0.02,4064,500000.0,4.28059757400758
1243,0.02,4068,500000.0,4.30161000550157
1244,0.02,4072,500000.0,4.30076617119006
1245,0.02,4076,500000.0,4.32197620856376
1246,0.02,4080,500000.0,4.32108323347417
1247,0.02,4084,500000.0,4.32008157302564
1248,0.02,4088,500000.0,4.31902679905411
1249,0.02,4092,500000.0,4.34032786804654
1250,0.02,4096,500000.0,4.33916476461335
1251,0.02,4100,500000.0,4.33800413641743
1252,0.02,4104,500000.0,4.33678979683325
1253,0.02,4108,500000.0,4.35811743785672
1254,0.02,4112,500000.0,4.35679179301023
1255,0.02,4116,500000.0,4.3554118701023
1256,0.02,4120,500000.0,4.35397769725037
1257,0.02,4124,500000.0,4.37537958711301
1258,0.02,4128,500000.0,4.37383053728514
1259,0.02,4132,500000.0,4.37228408967147
1260,0.02,4136,500000.0,4.39375723050564
1261,0.02,4140,500000.0,4.39203553043678
1262,0.02,4144,500000.0,4.41363910621625
1263,0.02,4148,500000.0,4.43543861016647
1264,0.02,4152,500000.0,4.43358948330206
1265,0.02,4156,500000.0,4.45558014418304
1266,0.02,4160,500000.0,4.45360684264152
1267,0.02,4164,500000.0,4.47566848971519
1268,0.02,4168,500000.0,4.47362906152043
1269,0.02,4172,500000.0,4.47147157599129
1270,0.02,4176,500000.0,4.4693171924677
1271,0.02,4180,500000.0,4.49142648540093
1272,0.02,4184,500000.0,4.48908132611246
1273,0.02,4188,500000.0,4.48673948677113
1274,0.02,4192,500000.0,4.50889976569525
1275,0.02,4196,500000.0,4.50642524886978
1276,0.02,4200,500000.0,4.50389254298766
1277,0.02,4204,500000.0,4.50130177588821
1278,0.02,4208,500000.0,4.52343013851019
1279,0.02,4212,500000.0,4.52076551616421
1280,0.02,4216,500000.0,4.51798023073832
1281,0.02,4220,500000.0,4.54014619807071
1282,0.02,4224,500000.0,4.5372846856695
1283,0.02,4228,500000.0,4.5343016794367
1284,0.02,4232,500000.0,4.55656248420216
1285,0.02,4236,500000.0,4.55343742827534
1286,0.02,4240,500000.0,4.57580958938039
1287,0.02,4244,500000.0,4.59831418269737
1288,0.02,4248,500000.0,4.62108245587358
1289,0.02,4252,500000.0,4.61770170292979
1290,0.02,4256,500000.0,4.6141951946457
1291,0.02,4260,500000.0,4.63698373150229
1292,0.02,4264,500000.0,4.63339129161761
1293,0.02,4268,500000.0,4.62973840003644
1294,0.02,4272,500000.0,4.65247439747822
1295,0.02,4276,500000.0,4.64866729054377
1296,0.02,4280,500000.0,4.64479968964468
1297,0.02,4284,500000.0,4.66760885554509
1298,0.02,4288,500000.0,4.66358411735476
1299,0.02,4292,500000.0,4.65949889804303
1300,0.02,4296,500000.0,4.6822403967796
1301,0.02,4300,500000.0,4.67799535753017
1302,0.02,4304,500000.0,4.67368991056543
1303,0.02,4308,500000.0,4.69649143564309
1304,0.02,4312,500000.0,4.6920233544579
1305,0.02,4316,500000.0,4.68742687423804
1306,0.02,4320,500000.0,4.710213340025
1307,0.02,4324,500000.0,4.70551981281818
1308,0.02,4328,500000.0,4.72839227972777
1309,0.02,4332,500000.0,4.72346160468716
1310,0.02,4336,500000.0,4.77464856910558
1311,0.02,4340,500000.0,4.76956602764708
1312,0.02,4344,500000.0,4.79283895938506
1313,0.02,4348,500000.0,4.78758140127907
1314,0.02,4352,500000.0,4.81093442909701
1315,0.02,4356,500000.0,4.80549934607932
1316,0.02,4360,500000.0,4.7999312174742
1317,0.02,4364,500000.0,4.82331486509693
1318,0.02,4368,500000.0,4.81756611712114
1319,0.02,4372,500000.0,4.81175711211583
1320,0.02,4376,500000.0,4.83501779085518
1321,0.02,4380,500000.0,4.82902597469063
1322,0.02,4384,500000.0,4.82297444298826
1323,0.02,4388,500000.0,4.84617616817225
1324,0.02,4392,500000.0,4.83993959021045
1325,0.02,4396,500000.0,4.83364391025744
1326,0.02,4400,500000.0,4.85677861642049
1327,0.02,4404,500000.0,4.85022173801365
1328,0.02,4408,500000.0,4.84368064776121
1329,0.02,4412,500000.0,4.86666481825916
1330,0.02,4416,500000.0,4.85986029179908
1331,0.02,4420,500000.0,4.85299849190085
1332,0.02,4424,500000.0,4.87589665091799
1333,0.02,4428,500000.0,4.86884358821261
1334,0.02,4432,500000.0,4.89178457070992
1335,0.02,4436,500000.0,4.88446271742597
1336,0.02,4440,500000.0,4.90744265900453
1337,0.02,4444,500000.0,4.89992498371947
1338,0.02,4448,500000.0,4.92286395648357
1339,0.02,4452,500000.0,4.91514865176989
1340,0.02,4456,500000.0,4.93811886690595
1341,0.02,4460,500000.0,4.96126439299933
1342,0.02,4464,500000.0,4.95320215191164
1343,0.02,4468,500000.0,4.97629608638738
1344,0.02,4472,500000.0,4.96795154875368
1345,0.02,4476,500000.0,4.9910670670247
1346,0.02,4480,500000.0,4.98251654284578
1347,0.02,4484,500000.0,5.00557032968106
1348,0.02,4488,500000.0,5.02887569499113
1349,0.02,4492,500000.0,5.01987932815771
1350,0.02,4496,500000.0,5.04311620735308
1351,0.02,4500,500000.0,5.03390777967259
1352,0.02,4504,500000.0,5.05707063066783
1353,0.02,4508,500000.0,5.08048459169621
1354,0.02,4512,500000.0,5.07081435571299
1355,0.02,4516,500000.0,5.09414718585576
1356,0.02,4520,500000.0,5.1175645902781
1357,0.02,4524,500000.0,5.10750518689828
1358,0.02,4528,500000.0,5.13091679004605
1359,0.02,4532,500000.0,5.12055167733306
1360,0.02,4536,500000.0,5.1439527597377
1361,0.02,4540,500000.0,5.13327980426306
1362,0.02,4544,500000.0,5.12256271958479
1363,0.02,4548,500000.0,5.1456827864607
1364,0.02,4552,500000.0,5.13465771132958
1365,0.02,4556,500000.0,5.1576681275211
1366,0.02,4560,500000.0,5.14641906260942
1367,0.02,4564,500000.0,5.16931402954164
1368,0.02,4568,500000.0,5.15775437670854
1369,0.02,4572,500000.0,5.18061400122771
1370,0.02,4576,500000.0,5.16882861700551
1371,0.02,4580,500000.0,5.1915616530718
1372,0.02,4584,500000.0,5.17946323672948
1373,0.02,4588,500000.0,5.20206303432673
1374,0.02,4592,500000.0,5.18973800537264
1375,0.02,4596,500000.0,5.21228687976633
1376,0.02,4600,500000.0,5.19955920681184
1377,0.02,4604,500000.0,5.2219628589542
1378,0.02,4608,500000.0,5.2445047944312
1379,0.02,4612,500000.0,5.26709558118764
1380,0.02,4616,500000.0,5.25364767820562
1381,0.02,4620,500000.0,5.27607950618037
1382,0.02,4624,500000.0,5.29864562059142
1383,0.02,4628,500000.0,5.28466777707597
1384,0.02,4632,500000.0,5.307065191817
1385,0.02,4636,500000.0,5.29267211034668
1386,0.02,4640,500000.0,5.31489330159576
1387,0.02,4644,500000.0,5.30026856528107
1388,0.02,4648,500000.0,5.32230777806135
1389,0.02,4652,500000.0,5.30735999175864
1390,0.02,4656,500000.0,5.3293036223888
1391,0.02,4660,500000.0,5.31403296323338
1392,0.02,4664,500000.0,5.3356895043282
1393,0.02,4668,500000.0,5.32009738994355
1394,0.02,4672,500000.0,5.34164610881902
1395,0.02,4676,500000.0,5.32573311381934
1396,0.02,4680,500000.0,5.34698143587146
1397,0.02,4684,500000.0,5.36833588616502
1398,0.02,4688,500000.0,5.35178388415842
1399,0.02,4692,500000.0,5.37292020165274
1400,0.02,4696,500000.0,5.35604891573161
1401,0.02,4700,500000.0,5.37696098997247
1402,0.02,4704,500000.0,5.39777882122344
1403,0.02,4708,500000.0,5.41878793629179
1404,0.02,4712,500000.0,5.43969801215504
1405,0.02,4716,500000.0,5.46070101576382
1406,0.02,4720,500000.0,5.44237510050873
1407,0.02,4724,500000.0,5.46303008791717
1408,0.02,4728,500000.0,5.44428701211393
1409,0.02,4732,500000.0,5.46478379304458
1410,0.02,4736,500000.0,5.48516515738505
1411,0.02,4740,500000.0,5.46576162053198
1412,0.02,4744,500000.0,5.48587488919951
1413,0.02,4748,500000.0,5.46615866795355
1414,0.02,4752,500000.0,5.4859984391373
1415,0.02,4756,500000.0,5.50580877063675
1416,0.02,4760,500000.0,5.48533446395428
1417,0.02,4764,500000.0,5.50496050671994
1418,0.02,4768,500000.0,5.52444989124028
1419,0.02,4772,500000.0,5.50341748279167
1420,0.02,4776,500000.0,5.52251087964269
1421,0.02,4780,500000.0,5.50107846400201
1422,0.02,4784,500000.0,5.51987109109956
1423,0.02,4788,500000.0,5.53871563913792
1424,0.02,4792,500000.0,5.5165308472682
1425,0.02,4796,500000.0,5.53496272363446
1426,0.02,4800,500000.0,5.55323408549147
1427,0.02,4804,500000.0,5.57144347263523
1428,0.02,4808,500000.0,5.58969241095798
1429,0.02,4812,500000.0,5.60776990812506
1430,0.02,4816,500000.0,5.58384346440811
1431,0.02,4820,500000.0,5.60158436369854
1432,0.02,4824,500000.0,5.6192501420806
1433,0.02,4828,500000.0,5.63683783341559
1434,0.02,4832,500000.0,5.61178978301531
1435,0.02,4836,500000.0,5.62892041107954
1436,0.02,4840,500000.0,5.64596423520441
1437,0.02,4844,500000.0,5.66291825693059
1438,0.02,4848,500000.0,5.63675358463856
1439,0.02,4852,500000.0,5.65323565772375
1440,0.02,4856,500000.0,5.66961940354871
1441,0.02,4860,500000.0,5.68579300733066
1442,0.02,4864,500000.0,5.65852190342792
1443,0.02,4868,500000.0,5.67431809448433
1444,0.02,4872,500000.0,5.68989557119815
1445,0.02,4876,500000.0,5.6619115861617
1446,0.02,4880,500000.0,5.67699614247359
1447,0.02,4884,500000.0,5.69196178979214
1448,0.02,4888,500000.0,5.70680556443083
1449,0.02,4892,500000.0,5.72152449543742
1450,0.02,4896,500000.0,5.69197928332433
1451,0.02,4900,500000.0,5.70607918152316
1452,0.02,4904,500000.0,5.72004546624332
1453,0.02,4908,500000.0,5.73398651030738
1454,0.02,4912,500000.0,5.74756554844647
1455,0.02,4916,500000.0,5.7611135223361
1456,0.02,4920,500000.0,5.77440316264329
1457,0.02,4924,500000.0,5.78742980695119
1458,0.02,4928,500000.0,5.80041729773003
1459,0.02,4932,500000.0,5.81313487450946
1460,0.02,4936,500000.0,5.77981050647594
1461,0.02,4940,500000.0,5.79187090357445
1462,0.02,4944,500000.0,5.80365299179295
1463,0.02,4948,500000.0,5.81538260503669
1464,0.02,4952,500000.0,5.82671178404734
1465,0.02,4956,500000.0,5.83786696320222
1466,0.02,4960,500000.0,5.84884547963799
1467,0.02,4964,500000.0,5.81307296170735
1468,0.02,4968,500000.0,5.82338011312988
1469,0.02,4972,500000.0,5.83338829974334
1470,0.02,4976,500000.0,5.84309365791407
1471,0.02,4980,500000.0,5.85260940838092
1472,0.02,4984,500000.0,5.86181570793621
1473,0.02,4988,500000.0,5.87082676854724
1474,0.02,4992,500000.0,5.87940371745893
1475,0.02,4996,500000.0,5.8407075742844
1476,0.02,5000,500000.0,5.84872461721787
1477,0.02,5004,500000.0,5.85630405926947
1478,0.02,5008,500000.0,5.86355946844496
1479,0.02,5012,500000.0,5.87060594974379
1480,0.02,5016,500000.0,5.87732309837458
1481,0.02,5020,500000.0,5.88370805533401
1482,0.02,5024,500000.0,5.88975807021626
1483,0.02,5028,500000.0,5.89535113181971
1484,0.02,5032,500000.0,5.90072318353786
1485,0.02,5036,500000.0,5.95412489714671
1486,0.02,5040,500000.0,5.95890954426831
1487,0.02,5044,500000.0,5.96346383366816
1488,0.02,5048,500000.0,5.9675409677359
1489,0.02,5052,500000.0,5.97126119034715
1490,0.02,5056,500000.0,5.97462265476542
1491,0.02,5060,500000.0,5.97762364573449
1492,0.02,5064,500000.0,5.98026258121263
1493,0.02,5068,500000.0,5.98253801399721
1494,0.02,5072,500000.0,5.98444863322534
1495,0.02,5076,500000.0,5.98586944933189
1496,0.02,5080,500000.0,5.98692305074556
1497,0.02,5084,500000.0,5.98748460733669
1498,0.02,5088,500000.0,5.98767727810912
1499,0.02,5092,500000.0,5.98737647153048
1500,0.02,5096,500000.0,5.98670584712395
1501,0.02,5100,500000.0,5.98566522431033
1502,0.02,5104,500000.0,6.03419528143443
1503,0.02,5108,500000.0,6.03215084341592
1504,0.02,5112,500000.0,6.02973044525498
1505,0.02,5116,500000.0,6.0268085048013
1506,0.02,5120,500000.0,6.02338595343245
1507,0.02,5124,500000.0,6.01958984456694
1508,0.02,5128,500000.0,6.0154212166282
1509,0.02,5132,500000.0,6.01075567379867
1510,0.02,5136,500000.0,6.05619589798946
1511,0.02,5140,500000.0,6.05046240373416
1512,0.02,5144,500000.0,6.04422963563894
1513,0.02,5148,500000.0,6.03762719767526
1514,0.02,5152,500000.0,6.0304038472486
1515,0.02,5156,500000.0,6.02268993778305
1516,0.02,5160,500000.0,6.0654945235486
1517,0.02,5164,500000.0,6.05667571925127
1518,0.02,5168,500000.0,6.04736890631257
1519,0.02,5172,500000.0,6.08879603379939
1520,0.02,5176,500000.0,6.07823469786764
1521,0.02,5180,500000.0,6.06719135785489
1522,0.02,5184,500000.0,6.10740135517502
1523,0.02,5188,500000.0,6.0950853833977
1524,0.02,5192,500000.0,6.08229633598281
1525,0.02,5196,500000.0,6.12093908084711
1526,0.02,5200,500000.0,6.10686612996977
1527,0.02,5204,500000.0,6.14468912975019
1528,0.02,5208,500000.0,6.12918811639963
1529,0.02,5212,500000.0,6.11323470910734
1530,0.02,5216,500000.0,6.14920264259965
1531,0.02,5220,500000.0,6.13182087478199
1532,0.02,5224,500000.0,6.1668549537204
1533,0.02,5228,500000.0,6.14803917409653
1534,0.02,5232,500000.0,6.18209552720576
1535,0.02,5236,500000.0,6.16184361470853
1536,0.02,5240,500000.0,6.19461015383807
1537,0.02,5244,500000.0,6.17292545819091
1538,0.02,5248,500000.0,6.20449298054552
1539,0.02,5252,500000.0,6.18138192107284
1540,0.02,5256,500000.0,6.21171128479502
1541,0.02,5260,500000.0,6.18704915255539
1542,0.02,5264,500000.0,6.21596656257262
1543,0.02,5268,500000.0,6.18990462608841
1544,0.02,5272,500000.0,6.2172392517614
1545,0.02,5276,500000.0,6.18952769457791
1546,0.02,5280,500000.0,6.2153821173497
1547,0.02,5284,500000.0,6.24079561731868
1548,0.02,5288,500000.0,6.21039384921335
1549,0.02,5292,500000.0,6.23413599993871
1550,0.02,5296,500000.0,6.20937265815489
1551,0.02,5300,500000.0,6.20709113408728
1552,0.02,5304,500000.0,6.25987407321181
1553,0.02,5308,500000.0,6.25757647569467
1554,0.02,5312,500000.0,6.25528149445939
1555,0.02,5316,500000.0,6.25298912457681
1556,0.02,5320,500000.0,6.2506993611316
1557,0.02,5324,500000.0,6.24841219922105
1558,0.02,5328,500000.0,6.24612763395536
1559,0.02,5332,500000.0,6.24384566045708
1560,0.02,5336,500000.0,6.29748096597792
1561,0.02,5340,500000.0,6.29518269467762
1562,0.02,5344,500000.0,6.29288702449998
1563,0.02,5348,500000.0,6.29059395057388
1564,0.02,5352,500000.0,6.28830346804157
1565,0.02,5356,500000.0,6.28601557205801
1566,0.02,5360,500000.0,6.28373025779054
1567,0.02,5364,500000.0,6.33826051631989
1568,0.02,5368,500000.0,6.33595865999328
1569,0.02,5372,500000.0,6.33365939499566
1570,0.02,5376,500000.0,6.33136271650017
1571,0.02,5380,500000.0,6.32906861969231
1572,0.02,5384,500000.0,6.32677709977038
1573,0.02,5388,500000.0,6.32448815194473
1574,0.02,5392,500000.0,6.32220177143889
1575,0.02,5396,500000.0,6.37763241748872
1576,0.02,5400,500000.0,6.37532925921169
1577,0.02,5404,500000.0,6.37302867812015
1578,0.02,5408,500000.0,6.37073066944261
1579,0.02,5412,500000.0,6.36843522841886
1580,0.02,5416,500000.0,6.36614235030186
1581,0.02,5420,500000.0,6.36385203035625
1582,0.02,5424,500000.0,6.36156426385903
1583,0.02,5428,500000.0,6.35927904609975
1584,0.02,5432,500000.0,6.4156157550326
1585,0.02,5436,500000.0,6.4133135327007
1586,0.02,5440,500000.0,6.41101386921972
1587,0.02,5444,500000.0,6.40871675988334
1588,0.02,5448,500000.0,6.40642219999669
1589,0.02,5452,500000.0,6.40413018487754
1590,0.02,5456,500000.0,6.40184070985492
1591,0.02,5460,500000.0,6.39955377027064
1592,0.02,5464,500000.0,6.39726936147777
1593,0.02,5468,500000.0,6.39498747884201
1594,0.02,5472,500000.0,6.45223622959226
1595,0.02,5476,500000.0,6.44993712480886
1596,0.02,5480,500000.0,6.44764055653522
1597,0.02,5484,500000.0,6.44534652013959
1598,0.02,5488,500000.0,6.4430550110024
1599,0.02,5492,500000.0,6.44076602451588
1600,0.02,5496,500000.0,6.43847955608377
1601,0.02,5500,500000.0,6.43619560112135
1602,0.02,5504,500000.0,6.43391415505627
1603,0.02,5508,500000.0,6.43163521332734
1604,0.02,5512,500000.0,6.48982229826082
1605,0.02,5516,500000.0,6.48752591115603
1606,0.02,5520,500000.0,6.48523203897956
1607,0.02,5524,500000.0,6.48294067717282
1608,0.02,5528,500000.0,6.48065182118839
1609,0.02,5532,500000.0,6.47836546649061
1610,0.02,5536,500000.0,6.47608160855513
1611,0.02,5540,500000.0,6.47380024286971
1612,0.02,5544,500000.0,6.53299332010985
1613,0.02,5548,500000.0,6.53069424924305
1614,0.02,5552,500000.0,6.52839768147761
1615,0.02,5556,500000.0,6.52610361230283
1616,0.02,5560,500000.0,6.52381203721842
1617,0.02,5564,500000.0,6.52152295173673
1618,0.02,5568,500000.0,6.51923635138007
1619,0.02,5572,500000.0,6.51695223168273
1620,0.02,5576,500000.0,6.51467058819009
1621,0.02,5580,500000.0,6.57487849067915
1622,0.02,5584,500000.0,6.57257889085184
1623,0.02,5588,500000.0,6.57028177833342
1624,0.02,5592,500000.0,6.5679871486699
1625,0.02,5596,500000.0,6.56569499741887
1626,0.02,5600,500000.0,6.56340532014877
1627,0.02,5604,500000.0,6.56111811243925
1628,0.02,5608,500000.0,6.55883336988124
1629,0.02,5612,500000.0,6.55655108807635
1630,0.02,5616,500000.0,6.61780373571361
1631,0.02,5620,500000.0,6.61550323964032
1632,0.02,5624,500000.0,6.61320521567842
1633,0.02,5628,500000.0,6.61090965942974
1634,0.02,5632,500000.0,6.60861656650688
1635,0.02,5636,500000.0,6.60632593253388
1636,0.02,5640,500000.0,6.60403775314558
1637,0.02,5644,500000.0,6.60175202398674
1638,0.02,5648,500000.0,6.59946874071427
1639,0.02,5652,500000.0,6.59718789899479
1640,0.02,5656,500000.0,6.65949546873268
1641,0.02,5660,500000.0,6.65719616369663
1642,0.02,5664,500000.0,6.65489931181729
1643,0.02,5668,500000.0,6.65260490876131
1644,0.02,5672,500000.0,6.65031295020565
1645,0.02,5676,500000.0,6.64802343183811
1646,0.02,5680,500000.0,6.6457363493578
1647,0.02,5684,500000.0,6.57902854472296
1648,0.02,5688,500000.0,6.57676948375766
1649,0.02,5692,500000.0,6.51141553267969
1650,0.02,5696,500000.0,6.5091839297979
1651,0.02,5700,500000.0,6.50695469362058
1652,0.02,5704,500000.0,6.50472781999273
1653,0.02,5708,500000.0,6.50250330476967
1654,0.02,5712,500000.0,6.69310451809342
1655,0.02,5716,500000.0,6.69081571224048
1656,0.02,5720,500000.0,6.62299855954528
1657,0.02,5724,500000.0,6.62073799093153
1658,0.02,5728,500000.0,6.61847980740389
1659,0.02,5732,500000.0,6.55207721187259
1660,0.02,5736,500000.0,6.54984666055737
1661,0.02,5740,500000.0,6.54761845812481
1662,0.02,5744,500000.0,6.54539260048075
1663,0.02,5748,500000.0,6.54316908354035
1664,0.02,5752,500000.0,6.47818811683318
1665,0.02,5756,500000.0,6.47599158286729
1666,0.02,5760,500000.0,6.47379735434086
1667,0.02,5764,500000.0,6.47160542724938
1668,0.02,5768,500000.0,6.46941579759715
1669,0.02,5772,500000.0,6.59379601998749
1670,0.02,5776,500000.0,6.59156613541509
1671,0.02,5780,500000.0,6.58933858255238
1672,0.02,5784,500000.0,6.52326209367924
1673,0.02,5788,500000.0,6.5210617612939
1674,0.02,5792,500000.0,6.51886372533078
1675,0.02,5796,500000.0,6.51666798182304
1676,0.02,5800,500000.0,6.51447452681253
1677,0.02,5804,500000.0,6.51228335635087
1678,0.02,5808,500000.0,6.51009446649982
1679,0.02,5812,500000.0,6.50790785332998
1680,0.02,5816,500000.0,6.44331800086203
1681,0.02,5820,500000.0,6.44115787871136
1682,0.02,5824,500000.0,6.43899999906949
1683,0.02,5828,500000.0,6.43684435808265
1684,0.02,5832,500000.0,6.4346909519073
1685,0.02,5836,500000.0,6.43253977670879
1686,0.02,5840,500000.0,6.43039082866171
1687,0.02,5844,500000.0,6.75252544834341
1688,0.02,5848,500000.0,6.68275100661512
1689,0.02,5852,500000.0,6.68051899056651
1690,0.02,5856,500000.0,6.48400425509237
1691,0.02,5860,500000.0,6.48184465903661
1692,0.02,5864,500000.0,6.47968728943297
1693,0.02,5868,500000.0,6.47753214248278
1694,0.02,5872,500000.0,6.805566799353
1695,0.02,5876,500000.0,6.73452709430865
1696,0.02,5880,500000.0,6.73228770705704
1697,0.02,5884,500000.0,6.73005061935255
1698,0.02,5888,500000.0,6.72781582728495
1699,0.02,5892,500000.0,6.72558332695383
1700,0.02,5896,500000.0,6.40053728632138
1701,0.02,5900,500000.0,6.85985152170491
1702,0.02,5904,500000.0,6.78750687303505
1703,0.02,5908,500000.0,6.78525977418185
1704,0.02,5912,500000.0,6.78301497160964
1705,0.02,5916,500000.0,6.78077246143176
1706,0.02,5920,500000.0,6.77853223977158
1707,0.02,5924,500000.0,6.7078053617333
1708,0.02,5928,500000.0,6.8439846809475
1709,0.02,5932,500000.0,6.77182526726471
1710,0.02,5936,500000.0,6.91085639789351
1711,0.02,5940,500000.0,6.83721920171921
1712,0.02,5944,500000.0,6.97919329704668
1713,0.02,5948,500000.0,6.90403113461705
1714,0.02,5952,500000.0,6.97460005777013
1715,0.02,5956,500000.0,6.97230693130373
1716,0.02,5960,500000.0,7.04440838629858
1717,0.02,5964,500000.0,7.43990094685642
1718,0.02,5968,500000.0,7.522604279947
1719,0.02,5972,500000.0,7.35184377456644
1720,0.02,5976,500000.0,7.43256615550895
1721,0.02,5980,500000.0,7.51518993117889
1722,0.02,5984,500000.0,7.78026610307479
1723,0.02,5988,500000.0,7.77771126427876
1724,0.02,5992,500000.0,7.77515899697181
1725,0.02,5996,500000.0,7.7726092968626
1726,0.02,6000,500000.0,7.77006215966874
