Simulation Number,ExitSlit.openingHeight,SU.photonEnergy,SU.numberRays,SU.electronSigmaX,SU.electronSigmaY,SU.electronSigmaYs,PG.cFactor
0,0.02,500,100000.0,17.15,2.43,0.81,1.1608960446595802
1,0.02,510,100000.0,17.15,2.43,0.81,1.1645847270410128
2,0.02,520,100000.0,17.15,2.43,0.81,1.1681172274392402
3,0.02,530,100000.0,17.15,2.43,0.81,1.1728457270970696
4,0.02,540,100000.0,17.15,2.43,0.81,1.1769739648369482
5,0.02,550,100000.0,17.15,2.43,0.81,1.1788947702347103
6,0.02,560,100000.0,17.15,2.43,0.81,1.1830246093806902
7,0.02,570,100000.0,17.15,2.43,0.81,1.1896419454232
8,0.02,580,100000.0,17.15,2.43,0.81,1.190508908610878
9,0.02,590,100000.0,17.15,2.43,0.81,1.1920445871133745
10,0.02,600,100000.0,17.15,2.43,0.81,1.1937004579368051
11,0.02,610,100000.0,17.15,2.43,0.81,1.1960764897163916
12,0.02,620,100000.0,17.15,2.43,0.81,1.198607556732719
13,0.02,630,100000.0,17.15,2.43,0.81,1.2012994108941464
14,0.02,640,100000.0,17.15,2.43,0.81,1.2041583707096004
15,0.02,650,100000.0,17.15,2.43,0.81,1.2071913574109248
16,0.02,660,100000.0,17.15,2.43,0.81,1.2097180783032273
17,0.02,670,100000.0,17.15,2.43,0.81,1.2123951833932685
18,0.02,680,100000.0,17.15,2.43,0.81,1.2152282360391085
19,0.02,690,100000.0,17.15,2.43,0.81,1.2182232968231954
20,0.02,700,100000.0,17.15,2.43,0.81,1.2213869551635184
21,0.02,710,100000.0,17.15,2.43,0.81,1.223941831892816
22,0.02,720,100000.0,17.15,2.43,0.81,1.2266374169211949
23,0.02,730,100000.0,17.15,2.43,0.81,1.229478621587225
24,0.02,740,100000.0,17.15,2.43,0.81,1.2324707631906469
25,0.02,750,100000.0,17.15,2.43,0.81,1.2347562230259803
26,0.02,760,100000.0,17.15,2.43,0.81,1.2380444696053936
27,0.02,770,100000.0,17.15,2.43,0.81,1.240594508554498
28,0.02,780,100000.0,17.15,2.43,0.81,1.2432735686752114
29,0.02,790,100000.0,17.15,2.43,0.81,1.2460858129743697
30,0.02,800,100000.0,17.15,2.43,0.81,1.2490357206608476
31,0.02,810,100000.0,17.15,2.43,0.81,1.2511385861979998
32,0.02,820,100000.0,17.15,2.43,0.81,1.2543539389756433
33,0.02,830,100000.0,17.15,2.43,0.81,1.2566873064569206
34,0.02,840,100000.0,17.15,2.43,0.81,1.2601856033545715
35,0.02,850,100000.0,17.15,2.43,0.81,1.262764156886772
36,0.02,860,100000.0,17.15,2.43,0.81,1.2654602043467365
37,0.02,870,100000.0,17.15,2.43,0.81,1.2682772400742597
38,0.02,880,100000.0,17.15,2.43,0.81,1.2712189973769052
39,0.02,890,100000.0,17.15,2.43,0.81,1.273117706303165
40,0.02,900,100000.0,17.15,2.43,0.81,1.27629455732646
41,0.02,910,100000.0,17.15,2.43,0.81,1.2796077230682912
42,0.02,920,100000.0,17.15,2.43,0.81,1.281815020120052
43,0.02,930,100000.0,17.15,2.43,0.81,1.2841168225857662
44,0.02,940,100000.0,17.15,2.43,0.81,1.2878064410377517
45,0.02,950,100000.0,17.15,2.43,0.81,1.2903273184414836
46,0.02,960,100000.0,17.15,2.43,0.81,1.2929505959884064
47,0.02,970,100000.0,17.15,2.43,0.81,1.2956789482995912
48,0.02,980,100000.0,17.15,2.43,0.81,1.2985152133703606
49,0.02,990,100000.0,17.15,2.43,0.81,1.3014623997885304
50,0.02,1000,100000.0,17.15,2.43,0.81,1.3030784300337173
51,0.02,1010,100000.0,17.15,2.43,0.81,1.306227946338567
52,0.02,1020,100000.0,17.15,2.43,0.81,1.309497373164899
53,0.02,1030,100000.0,17.15,2.43,0.81,1.3113648498030146
54,0.02,1040,100000.0,17.15,2.43,0.81,1.3148529848069055
55,0.02,1050,100000.0,17.15,2.43,0.81,1.3168912269425
56,0.02,1060,100000.0,17.15,2.43,0.81,1.3190065159908224
57,0.02,1070,100000.0,17.15,2.43,0.81,1.3228273082050117
58,0.02,1080,100000.0,17.15,2.43,0.81,1.325125563662994
59,0.02,1090,100000.0,17.15,2.43,0.81,1.327506224353894
60,0.02,1100,100000.0,17.15,2.43,0.81,1.3299710154832407
61,0.02,1110,100000.0,17.15,2.43,0.81,1.3325217561720653
62,0.02,1120,100000.0,17.15,2.43,0.81,1.3351603627416246
63,0.02,1130,100000.0,17.15,2.43,0.81,1.3378888522403134
64,0.02,1140,100000.0,17.15,2.43,0.81,1.3407093462251414
65,0.02,1150,100000.0,17.15,2.43,0.81,1.3436240748108517
66,0.02,1160,100000.0,17.15,2.43,0.81,1.346635381001531
67,0.02,1170,100000.0,17.15,2.43,0.81,1.349745725320319
68,0.02,1180,100000.0,17.15,2.43,0.81,1.3510128674021782
69,0.02,1190,100000.0,17.15,2.43,0.81,1.3542942215086209
70,0.02,1200,100000.0,17.15,2.43,0.81,1.3556821406148387
71,0.02,1210,100000.0,17.15,2.43,0.81,1.3591415205063846
72,0.02,1220,100000.0,17.15,2.43,0.81,1.3627116538175832
73,0.02,1230,100000.0,17.15,2.43,0.81,1.3642994265946342
74,0.02,1240,100000.0,17.15,2.43,0.81,1.368060425888088
75,0.02,1250,100000.0,17.15,2.43,0.81,1.3697809117111592
76,0.02,1260,100000.0,17.15,2.43,0.81,1.371557861674653
77,0.02,1270,100000.0,17.15,2.43,0.81,1.3756001957185624
78,0.02,1280,100000.0,17.15,2.43,0.81,1.3775173822042546
79,0.02,1290,100000.0,17.15,2.43,0.81,1.379493967137617
80,0.02,1300,100000.0,17.15,2.43,0.81,1.3815308090691876
81,0.02,1310,100000.0,17.15,2.43,0.81,1.385961926303437
82,0.02,1320,100000.0,17.15,2.43,0.81,1.3881502111197048
83,0.02,1330,100000.0,17.15,2.43,0.81,1.3904023170715278
84,0.02,1340,100000.0,17.15,2.43,0.81,1.392719296782896
85,0.02,1350,100000.0,17.15,2.43,0.81,1.3951022498612913
86,0.02,1360,100000.0,17.15,2.43,0.81,1.397552324180963
87,0.02,1370,100000.0,17.15,2.43,0.81,1.400070717244602
88,0.02,1380,100000.0,17.15,2.43,0.81,1.402658677626453
89,0.02,1390,100000.0,17.15,2.43,0.81,1.405317506500382
90,0.02,1400,100000.0,17.15,2.43,0.81,1.4080485592561638
91,0.02,1410,100000.0,17.15,2.43,0.81,1.4108532472080475
92,0.02,1420,100000.0,17.15,2.43,0.81,1.4137330393995524
93,0.02,1430,100000.0,17.15,2.43,0.81,1.4166894645090022
94,0.02,1440,100000.0,17.15,2.43,0.81,1.416960964851457
95,0.02,1450,100000.0,17.15,2.43,0.81,1.4200359308950157
96,0.02,1460,100000.0,17.15,2.43,0.81,1.4231914230394322
97,0.02,1470,100000.0,17.15,2.43,0.81,1.4264291957747344
98,0.02,1480,100000.0,17.15,2.43,0.81,1.4268520068151267
99,0.02,1490,100000.0,17.15,2.43,0.81,1.4302164716300223
100,0.02,1500,100000.0,17.15,2.43,0.81,1.433667712731317
101,0.02,1510,100000.0,17.15,2.43,0.81,1.4342052755410806
102,0.02,1520,100000.0,17.15,2.43,0.81,1.4377897538046622
103,0.02,1530,100000.0,17.15,2.43,0.81,1.4414659808654335
104,0.02,1540,100000.0,17.15,2.43,0.81,1.442122696067739
105,0.02,1550,100000.0,17.15,2.43,0.81,1.4459394609371756
106,0.02,1560,100000.0,17.15,2.43,0.81,1.446672484143814
107,0.02,1570,100000.0,17.15,2.43,0.81,1.4506344231815702
108,0.02,1580,100000.0,17.15,2.43,0.81,1.4514455275971354
109,0.02,1590,100000.0,17.15,2.43,0.81,1.4555575920956088
110,0.02,1600,100000.0,17.15,2.43,0.81,1.45644872329798
111,0.02,1610,100000.0,17.15,2.43,0.81,1.4607161966797657
112,0.02,1620,100000.0,17.15,2.43,0.81,1.461689480167371
113,0.02,1630,100000.0,17.15,2.43,0.81,1.4661179968295197
114,0.02,1640,100000.0,17.15,2.43,0.81,1.4671757464714366
115,0.02,1650,100000.0,17.15,2.43,0.81,1.4682654262167942
116,0.02,1660,100000.0,17.15,2.43,0.81,1.472916039858722
117,0.02,1670,100000.0,17.15,2.43,0.81,1.474093410753626
118,0.02,1680,100000.0,17.15,2.43,0.81,1.475303596328748
119,0.02,1690,100000.0,17.15,2.43,0.81,1.4801873372952423
120,0.02,1700,100000.0,17.15,2.43,0.81,1.4814888250827187
121,0.02,1710,100000.0,17.15,2.43,0.81,1.4828241535162892
122,0.02,1720,100000.0,17.15,2.43,0.81,1.484193543188678
123,0.02,1730,100000.0,17.15,2.43,0.81,1.4893837308043654
124,0.02,1740,100000.0,17.15,2.43,0.81,1.490849401637075
125,0.02,1750,100000.0,17.15,2.43,0.81,1.4923503504315625
126,0.02,1760,100000.0,17.15,2.43,0.81,1.493886850126298
127,0.02,1770,100000.0,17.15,2.43,0.81,1.4994039506586678
128,0.02,1780,100000.0,17.15,2.43,0.81,1.5010424235222162
129,0.02,1790,100000.0,17.15,2.43,0.81,1.502717870241521
130,0.02,1800,100000.0,17.15,2.43,0.81,1.504430619946115
131,0.02,1810,100000.0,17.15,2.43,0.81,1.5061810140465293
132,0.02,1820,100000.0,17.15,2.43,0.81,1.5079694063994111
133,0.02,1830,100000.0,17.15,2.43,0.81,1.5139788773686675
134,0.02,1840,100000.0,17.15,2.43,0.81,1.5158783679339198
135,0.02,1850,100000.0,17.15,2.43,0.81,1.517817603130994
136,0.02,1860,100000.0,17.15,2.43,0.81,1.519796999868974
137,0.02,1870,100000.0,17.15,2.43,0.81,1.521816988780577
138,0.02,1880,100000.0,17.15,2.43,0.81,1.523878014455014
139,0.02,1890,100000.0,17.15,2.43,0.81,1.5259805356815233
140,0.02,1900,100000.0,17.15,2.43,0.81,1.5281250257039851
141,0.02,1910,100000.0,17.15,2.43,0.81,1.5303119724869625
142,0.02,1920,100000.0,17.15,2.43,0.81,1.532541878993534
143,0.02,1930,100000.0,17.15,2.43,0.81,1.534815263474804
144,0.02,1940,100000.0,17.15,2.43,0.81,1.5371326597720596
145,0.02,1950,100000.0,17.15,2.43,0.81,1.5394946176312805
146,0.02,1960,100000.0,17.15,2.43,0.81,1.5419017030307858
147,0.02,1970,100000.0,17.15,2.43,0.81,1.5443544985222362
148,0.02,1980,100000.0,17.15,2.43,0.81,1.5468536035854068
149,0.02,1990,100000.0,17.15,2.43,0.81,1.5493996349971195
150,0.02,2000,100000.0,17.15,2.43,0.81,1.551993227214839
151,0.02,2010,100000.0,17.15,2.43,0.81,1.5546350327754337
152,0.02,2020,100000.0,17.15,2.43,0.81,1.5573257227094102
153,0.02,2030,100000.0,17.15,2.43,0.81,1.5600659869712787
154,0.02,2040,100000.0,17.15,2.43,0.81,1.5578150440698002
155,0.02,2050,100000.0,17.15,2.43,0.81,1.5606069692808129
156,0.02,2060,100000.0,17.15,2.43,0.81,1.5634497295942005
157,0.02,2070,100000.0,17.15,2.43,0.81,1.566344075009539
158,0.02,2080,100000.0,17.15,2.43,0.81,1.5692907762790194
159,0.02,2090,100000.0,17.15,2.43,0.81,1.5722906254273268
160,0.02,2100,100000.0,17.15,2.43,0.81,1.5753444362910587
161,0.02,2110,100000.0,17.15,2.43,0.81,1.5784530450786916
162,0.02,2120,100000.0,17.15,2.43,0.81,1.5762260242817332
163,0.02,2130,100000.0,17.15,2.43,0.81,1.5793903381641194
164,0.02,2140,100000.0,17.15,2.43,0.81,1.5826110186001665
165,0.02,2150,100000.0,17.15,2.43,0.81,1.5858889725268213
166,0.02,2160,100000.0,17.15,2.43,0.81,1.5892251316496036
167,0.02,2170,100000.0,17.15,2.43,0.81,1.5870146840822026
168,0.02,2180,100000.0,17.15,2.43,0.81,1.5904092771148983
169,0.02,2190,100000.0,17.15,2.43,0.81,1.5938638443057251
170,0.02,2200,100000.0,17.15,2.43,0.81,1.5973793955693123
171,0.02,2210,100000.0,17.15,2.43,0.81,1.6009569683792826
172,0.02,2220,100000.0,17.15,2.43,0.81,1.598759473979193
173,0.02,2230,100000.0,17.15,2.43,0.81,1.6023986443879417
174,0.02,2240,100000.0,17.15,2.43,0.81,1.6061018261539863
175,0.02,2250,100000.0,17.15,2.43,0.81,1.609870143718051
176,0.02,2260,100000.0,17.15,2.43,0.81,1.6076841543385003
177,0.02,2270,100000.0,17.15,2.43,0.81,1.611516692150145
178,0.02,2280,100000.0,17.15,2.43,0.81,1.6154165370006153
179,0.02,2290,100000.0,17.15,2.43,0.81,1.6132424043939848
180,0.02,2300,100000.0,17.15,2.43,0.81,1.617208300284999
181,0.02,2310,100000.0,17.15,2.43,0.81,1.621243803737892
182,0.02,2320,100000.0,17.15,2.43,0.81,1.625350200911189
183,0.02,2330,100000.0,17.15,2.43,0.81,1.6231839407654165
184,0.02,2340,100000.0,17.15,2.43,0.81,1.6273595083979884
185,0.02,2350,100000.0,17.15,2.43,0.81,1.6316084778397386
186,0.02,2360,100000.0,17.15,2.43,0.81,1.6294514836276903
187,0.02,2370,100000.0,17.15,2.43,0.81,1.6337718093863978
188,0.02,2380,100000.0,17.15,2.43,0.81,1.6381681933555177
189,0.02,2390,100000.0,17.15,2.43,0.81,1.6360194049840426
190,0.02,2400,100000.0,17.15,2.43,0.81,1.640489486653004
191,0.02,2410,100000.0,17.15,2.43,0.81,1.6383519134983031
192,0.02,2420,100000.0,17.15,2.43,0.81,1.642896816147776
193,0.02,2430,100000.0,17.15,2.43,0.81,1.6475219722801833
194,0.02,2440,100000.0,17.15,2.43,0.81,1.645390927128208
195,0.02,2450,100000.0,17.15,2.43,0.81,1.6500934958333653
196,0.02,2460,100000.0,17.15,2.43,0.81,1.6548793842607046
197,0.02,2470,100000.0,17.15,2.43,0.81,1.6527538557416488
198,0.02,2480,100000.0,17.15,2.43,0.81,1.657619925655453
199,0.02,2490,100000.0,17.15,2.43,0.81,1.6555039524215385
200,0.02,2500,100000.0,17.15,2.43,0.81,1.660451553044291
201,0.02,2510,100000.0,17.15,2.43,0.81,1.6654873291803611
202,0.02,2520,100000.0,17.15,2.43,0.81,1.6633752724132642
203,0.02,2530,100000.0,17.15,2.43,0.81,1.6684956345265751
204,0.02,2540,100000.0,17.15,2.43,0.81,1.6663921477695516
205,0.02,2550,100000.0,17.15,2.43,0.81,1.6715985960079354
206,0.02,2560,100000.0,17.15,2.43,0.81,1.676898522415793
207,0.02,2570,100000.0,17.15,2.43,0.81,1.67479739021763
208,0.02,2580,100000.0,17.15,2.43,0.81,1.680186770372758
209,0.02,2590,100000.0,17.15,2.43,0.81,1.6780932551811467
210,0.02,2600,100000.0,17.15,2.43,0.81,1.6835737534763071
211,0.02,2610,100000.0,17.15,2.43,0.81,1.6814874915512652
212,0.02,2620,100000.0,17.15,2.43,0.81,1.6870608307458617
213,0.02,2630,100000.0,17.15,2.43,0.81,1.684981463897114
214,0.02,2640,100000.0,17.15,2.43,0.81,1.690649426807136
215,0.02,2650,100000.0,17.15,2.43,0.81,1.6885766020884576
216,0.02,2660,100000.0,17.15,2.43,0.81,1.6943410333662732
217,0.02,2670,100000.0,17.15,2.43,0.81,1.7002108839550167
218,0.02,2680,100000.0,17.15,2.43,0.81,1.6981372107867072
219,0.02,2690,100000.0,17.15,2.43,0.81,1.7041076151063972
220,0.02,2700,100000.0,17.15,2.43,0.81,1.702039589771001
221,0.02,2710,100000.0,17.15,2.43,0.81,1.7081125894856282
222,0.02,2720,100000.0,17.15,2.43,0.81,1.7060498731520604
223,0.02,2730,100000.0,17.15,2.43,0.81,1.7122275800092472
224,0.02,2740,100000.0,17.15,2.43,0.81,1.7101698377971126
225,0.02,2750,100000.0,17.15,2.43,0.81,1.7164544359148088
226,0.02,2760,100000.0,17.15,2.43,0.81,1.714401336629182
227,0.02,2770,100000.0,17.15,2.43,0.81,1.7207950848981397
228,0.02,2780,100000.0,17.15,2.43,0.81,1.7187463007699086
229,0.02,2790,100000.0,17.15,2.43,0.81,1.725251535377289
230,0.02,2800,100000.0,17.15,2.43,0.81,1.7232067418091286
231,0.02,2810,100000.0,17.15,2.43,0.81,1.7211740830578872
232,0.02,2820,100000.0,17.15,2.43,0.81,1.727784754206512
233,0.02,2830,100000.0,17.15,2.43,0.81,1.725755650598546
234,0.02,2840,100000.0,17.15,2.43,0.81,1.732482517830678
235,0.02,2850,100000.0,17.15,2.43,0.81,1.730456653737963
236,0.02,2860,100000.0,17.15,2.43,0.81,1.7373023006418744
237,0.02,2870,100000.0,17.15,2.43,0.81,1.7352793627869607
238,0.02,2880,100000.0,17.15,2.43,0.81,1.7422464615252664
239,0.02,2890,100000.0,17.15,2.43,0.81,1.7402261387477802
240,0.02,2900,100000.0,17.15,2.43,0.81,1.747317453281164
241,0.02,2910,100000.0,17.15,2.43,0.81,1.7452994363073877
242,0.02,2920,100000.0,17.15,2.43,0.81,1.7432929151274017
243,0.02,2930,100000.0,17.15,2.43,0.81,1.7505018069954814
244,0.02,2940,100000.0,17.15,2.43,0.81,1.7484971878729925
245,0.02,2950,100000.0,17.15,2.43,0.81,1.7558359025148185
246,0.02,2960,100000.0,17.15,2.43,0.81,1.7538328821918012
247,0.02,2970,100000.0,17.15,2.43,0.81,1.7613044782525276
248,0.02,2980,100000.0,17.15,2.43,0.81,1.7593027546125992
249,0.02,2990,100000.0,17.15,2.43,0.81,1.757312149740715
250,0.02,3000,100000.0,17.15,2.43,0.81,1.7649096688313315
251,0.02,3010,100000.0,17.15,2.43,0.81,1.7629199733189227
252,0.02,3020,100000.0,17.15,2.43,0.81,1.7706565996139254
253,0.02,3030,100000.0,17.15,2.43,0.81,1.7686675156566432
254,0.02,3040,100000.0,17.15,2.43,0.81,1.7666892874892075
255,0.02,3050,100000.0,17.15,2.43,0.81,1.774557867131724
256,0.02,3060,100000.0,17.15,2.43,0.81,1.7725798736533844
257,0.02,3070,100000.0,17.15,2.43,0.81,1.780594237426178
258,0.02,3080,100000.0,17.15,2.43,0.81,1.7786161840067751
259,0.02,3090,100000.0,17.15,2.43,0.81,1.7766487401845403
260,0.02,3100,100000.0,17.15,2.43,0.81,1.7848015520508829
261,0.02,3110,100000.0,17.15,2.43,0.81,1.7828336803569562
262,0.02,3120,100000.0,17.15,2.43,0.81,1.7911394397627125
263,0.02,3130,100000.0,17.15,2.43,0.81,1.7891708476413954
264,0.02,3140,100000.0,17.15,2.43,0.81,1.787212634683398
265,0.02,3150,100000.0,17.15,2.43,0.81,1.7956638370369866
266,0.02,3160,100000.0,17.15,2.43,0.81,1.793704543205999
267,0.02,3170,100000.0,17.15,2.43,0.81,1.7917554769326751
268,0.02,3180,100000.0,17.15,2.43,0.81,1.8003557159727106
269,0.02,3190,100000.0,17.15,2.43,0.81,1.7984052132716832
270,0.02,3200,100000.0,17.15,2.43,0.81,1.8071700299965687
271,0.02,3210,100000.0,17.15,2.43,0.81,1.805217800516276
272,0.02,3220,100000.0,17.15,2.43,0.81,1.8032755915953984
273,0.02,3230,100000.0,17.15,2.43,0.81,1.8121972644823925
274,0.02,3240,100000.0,17.15,2.43,0.81,1.810252978548184
275,0.02,3250,100000.0,17.15,2.43,0.81,1.8083185752307271
276,0.02,3260,100000.0,17.15,2.43,0.81,1.817401133170114
277,0.02,3270,100000.0,17.15,2.43,0.81,1.81546430629344
278,0.02,3280,100000.0,17.15,2.43,0.81,1.8135372289613303
279,0.02,3290,100000.0,17.15,2.43,0.81,1.8227848572822096
280,0.02,3300,100000.0,17.15,2.43,0.81,1.820855013114182
281,0.02,3310,100000.0,17.15,2.43,0.81,1.8189347901145143
282,0.02,3320,100000.0,17.15,2.43,0.81,1.828351836950889
283,0.02,3330,100000.0,17.15,2.43,0.81,1.826428506699268
284,0.02,3340,100000.0,17.15,2.43,0.81,1.8245146737703968
285,0.02,3350,100000.0,17.15,2.43,0.81,1.8341056568034912
286,0.02,3360,100000.0,17.15,2.43,0.81,1.832188378667728
287,0.02,3370,100000.0,17.15,2.43,0.81,1.830280478382876
288,0.02,3380,100000.0,17.15,2.43,0.81,1.8400500919812228
289,0.02,3390,100000.0,17.15,2.43,0.81,1.8381384106044016
290,0.02,3400,100000.0,17.15,2.43,0.81,1.8362359918314088
291,0.02,3410,100000.0,17.15,2.43,0.81,1.8461891146121363
292,0.02,3420,100000.0,17.15,2.43,0.81,1.8442825805473604
293,0.02,3430,100000.0,17.15,2.43,0.81,1.842385197923146
294,0.02,3440,100000.0,17.15,2.43,0.81,1.852526900760176
295,0.02,3450,100000.0,17.15,2.43,0.81,1.8506250699510396
296,0.02,3460,100000.0,17.15,2.43,0.81,1.8487322833690567
297,0.02,3470,100000.0,17.15,2.43,0.81,1.859067837874533
298,0.02,3480,100000.0,17.15,2.43,0.81,1.8571702711474096
299,0.02,3490,100000.0,17.15,2.43,0.81,1.8552816452567584
300,0.02,3500,100000.0,17.15,2.43,0.81,1.8658165327664669
301,0.02,3510,100000.0,17.15,2.43,0.81,1.863922795333515
302,0.02,3520,100000.0,17.15,2.43,0.81,1.8620378990487645
303,0.02,3530,100000.0,17.15,2.43,0.81,1.8601617792683764
304,0.02,3540,100000.0,17.15,2.43,0.81,1.870887481113771
305,0.02,3550,100000.0,17.15,2.43,0.81,1.8690058871334971
306,0.02,3560,100000.0,17.15,2.43,0.81,1.8671329748191288
307,0.02,3570,100000.0,17.15,2.43,0.81,1.8780694036287089
308,0.02,3580,100000.0,17.15,2.43,0.81,1.876190687961922
309,0.02,3590,100000.0,17.15,2.43,0.81,1.8743205625562929
310,0.02,3600,100000.0,17.15,2.43,0.81,1.8724589658581048
311,0.02,3610,100000.0,17.15,2.43,0.81,1.883597625804449
312,0.02,3620,100000.0,17.15,2.43,0.81,1.8817298694928413
313,0.02,3630,100000.0,17.15,2.43,0.81,1.8798705549712225
314,0.02,3640,100000.0,17.15,2.43,0.81,1.8912322811644895
315,0.02,3650,100000.0,17.15,2.43,0.81,1.8893664784185795
316,0.02,3660,100000.0,17.15,2.43,0.81,1.887509033740641
317,0.02,3670,100000.0,17.15,2.43,0.81,1.8856598884175415
318,0.02,3680,100000.0,17.15,2.43,0.81,1.8972362390166708
319,0.02,3690,100000.0,17.15,2.43,0.81,1.895380253594432
320,0.02,3700,100000.0,17.15,2.43,0.81,1.8935324879692652
321,0.02,3710,100000.0,17.15,2.43,0.81,1.9053452797214097
322,0.02,3720,100000.0,17.15,2.43,0.81,1.9034903442667048
323,0.02,3730,100000.0,17.15,2.43,0.81,1.9016435520358452
324,0.02,3740,100000.0,17.15,2.43,0.81,1.8998048469297
325,0.02,3750,100000.0,17.15,2.43,0.81,1.9118457264473587
326,0.02,3760,100000.0,17.15,2.43,0.81,1.9099995020850549
327,0.02,3770,100000.0,17.15,2.43,0.81,1.9081612921502549
328,0.02,3780,100000.0,17.15,2.43,0.81,1.9063310420304307
329,0.02,3790,100000.0,17.15,2.43,0.81,1.9186070635912644
330,0.02,3800,100000.0,17.15,2.43,0.81,1.9167689464386204
331,0.02,3810,100000.0,17.15,2.43,0.81,1.9149387201237864
332,0.02,3820,100000.0,17.15,2.43,0.81,1.913116331454547
333,0.02,3830,100000.0,17.15,2.43,0.81,1.9256348534933585
334,0.02,3840,100000.0,17.15,2.43,0.81,1.9238042511206956
335,0.02,3850,100000.0,17.15,2.43,0.81,1.92198142099036
336,0.02,3860,100000.0,17.15,2.43,0.81,1.920166311267474
337,0.02,3870,100000.0,17.15,2.43,0.81,1.9329350113489463
338,0.02,3880,100000.0,17.15,2.43,0.81,1.9311113418241657
339,0.02,3890,100000.0,17.15,2.43,0.81,1.9292953307405591
340,0.02,3900,100000.0,17.15,2.43,0.81,1.927486927561049
341,0.02,3910,100000.0,17.15,2.43,0.81,1.9405138183462285
342,0.02,3920,100000.0,17.15,2.43,0.81,1.9386965093121085
343,0.02,3930,100000.0,17.15,2.43,0.81,1.936886749524311
344,0.02,3940,100000.0,17.15,2.43,0.81,1.9350844896869648
345,0.02,3950,100000.0,17.15,2.43,0.81,1.948377935962774
346,0.02,3960,100000.0,17.15,2.43,0.81,1.9465664237436828
347,0.02,3970,100000.0,17.15,2.43,0.81,1.944762356005392
348,0.02,3980,100000.0,17.15,2.43,0.81,1.942965684639614
349,0.02,3990,100000.0,17.15,2.43,0.81,1.956534421487116
350,0.02,4000,100000.0,17.15,2.43,0.81,1.9547281502217368
351,0.02,4010,100000.0,17.15,2.43,0.81,1.9529292229344333
352,0.02,4020,100000.0,17.15,2.43,0.81,1.95113759265352
353,0.02,4030,100000.0,17.15,2.43,0.81,1.9649907448379336
354,0.02,4040,100000.0,17.15,2.43,0.81,1.96318916563474
355,0.02,4050,100000.0,17.15,2.43,0.81,1.961394834013073
356,0.02,4060,100000.0,17.15,2.43,0.81,1.95960770408936
357,0.02,4070,100000.0,17.15,2.43,0.81,1.95782773037931
358,0.02,4080,100000.0,17.15,2.43,0.81,1.9719573768742
359,0.02,4090,100000.0,17.15,2.43,0.81,1.9701671021307143
360,0.02,4100,100000.0,17.15,2.43,0.81,1.9683839376893304
361,0.02,4110,100000.0,17.15,2.43,0.81,1.966607839094845
362,0.02,4120,100000.0,17.15,2.43,0.81,1.9810411405171136
363,0.02,4130,100000.0,17.15,2.43,0.81,1.979254389063113
364,0.02,4140,100000.0,17.15,2.43,0.81,1.977474660291654
365,0.02,4150,100000.0,17.15,2.43,0.81,1.9757019107331075
366,0.02,4160,100000.0,17.15,2.43,0.81,1.9739360972879385
367,0.02,4170,100000.0,17.15,2.43,0.81,1.9886655267326885
368,0.02,4180,100000.0,17.15,2.43,0.81,1.986888708103831
369,0.02,4190,100000.0,17.15,2.43,0.81,1.9851187856606425
370,0.02,4200,100000.0,17.15,2.43,0.81,1.983355717236288
371,0.02,4210,100000.0,17.15,2.43,0.81,1.981599461018687
372,0.02,4220,100000.0,17.15,2.43,0.81,1.9966354096423216
373,0.02,4230,100000.0,17.15,2.43,0.81,1.9948677957932583
374,0.02,4240,100000.0,17.15,2.43,0.81,1.993106957317769
375,0.02,4250,100000.0,17.15,2.43,0.81,1.9913528532868687
376,0.02,4260,100000.0,17.15,2.43,0.81,1.989605443111692
377,0.02,4270,100000.0,17.15,2.43,0.81,2.0049587893323046
378,0.02,4280,100000.0,17.15,2.43,0.81,2.003199668271318
379,0.02,4290,100000.0,17.15,2.43,0.81,2.00144720719573
380,0.02,4300,100000.0,17.15,2.43,0.81,1.9997013663530192
381,0.02,4310,100000.0,17.15,2.43,0.81,2.015402157416677
382,0.02,4320,100000.0,17.15,2.43,0.81,2.0136442430326498
383,0.02,4330,100000.0,17.15,2.43,0.81,2.011892917376526
384,0.02,4340,100000.0,17.15,2.43,0.81,2.010148141497687
385,0.02,4350,100000.0,17.15,2.43,0.81,2.008409876762558
386,0.02,4360,100000.0,17.15,2.43,0.81,2.006678084851031
387,0.02,4370,100000.0,17.15,2.43,0.81,2.0227009486419942
388,0.02,4380,100000.0,17.15,2.43,0.81,2.020956734227788
389,0.02,4390,100000.0,17.15,2.43,0.81,2.01921896433524
390,0.02,4400,100000.0,17.15,2.43,0.81,2.0174876013949903
391,0.02,4410,100000.0,17.15,2.43,0.81,2.0157626081393945
392,0.02,4420,100000.0,17.15,2.43,0.81,2.0321387106159494
393,0.02,4430,100000.0,17.15,2.43,0.81,2.030400935163084
394,0.02,4440,100000.0,17.15,2.43,0.81,2.028669503715728
395,0.02,4450,100000.0,17.15,2.43,0.81,2.0269443797177584
396,0.02,4460,100000.0,17.15,2.43,0.81,2.025225526903006
397,0.02,4470,100000.0,17.15,2.43,0.81,2.041967988366289
398,0.02,4480,100000.0,17.15,2.43,0.81,2.0402359901827163
399,0.02,4490,100000.0,17.15,2.43,0.81,2.038510240029526
400,0.02,4500,100000.0,17.15,2.43,0.81,2.036790702315149
401,0.02,4510,100000.0,17.15,2.43,0.81,2.035077341727108
402,0.02,4520,100000.0,17.15,2.43,0.81,2.0521999273376843
403,0.02,4530,100000.0,17.15,2.43,0.81,2.05047305406465
404,0.02,4540,100000.0,17.15,2.43,0.81,2.048752337202054
405,0.02,4550,100000.0,17.15,2.43,0.81,2.047037742076985
406,0.02,4560,100000.0,17.15,2.43,0.81,2.0453292342855085
407,0.02,4570,100000.0,17.15,2.43,0.81,2.0436267796900447
408,0.02,4580,100000.0,17.15,2.43,0.81,2.061124000338705
409,0.02,4590,100000.0,17.15,2.43,0.81,2.0594076767000606
410,0.02,4600,100000.0,17.15,2.43,0.81,2.0576973882359955
411,0.02,4610,100000.0,17.15,2.43,0.81,2.0559931014083284
412,0.02,4620,100000.0,17.15,2.43,0.81,2.054294782935562
413,0.02,4630,100000.0,17.15,2.43,0.81,2.052602399790543
414,0.02,4640,100000.0,17.15,2.43,0.81,2.070488894600847
415,0.02,4650,100000.0,17.15,2.43,0.81,2.068782283462565
416,0.02,4660,100000.0,17.15,2.43,0.81,2.067081592201494
417,0.02,4670,100000.0,17.15,2.43,0.81,2.06538678835234
418,0.02,4680,100000.0,17.15,2.43,0.81,2.063697839695049
419,0.02,4690,100000.0,17.15,2.43,0.81,2.0820094219590546
420,0.02,4700,100000.0,17.15,2.43,0.81,2.0803058642518506
421,0.02,4710,100000.0,17.15,2.43,0.81,2.078608148453966
422,0.02,4720,100000.0,17.15,2.43,0.81,2.0769162428781858
423,0.02,4730,100000.0,17.15,2.43,0.81,2.07523011607404
424,0.02,4740,100000.0,17.15,2.43,0.81,2.073549736825884
425,0.02,4750,100000.0,17.15,2.43,0.81,2.0922824048653323
426,0.02,4760,100000.0,17.15,2.43,0.81,2.090587048593766
427,0.02,4770,100000.0,17.15,2.43,0.81,2.0888974289726074
428,0.02,4780,100000.0,17.15,2.43,0.81,2.08721351528544
429,0.02,4790,100000.0,17.15,2.43,0.81,2.0855352770428066
430,0.02,4800,100000.0,17.15,2.43,0.81,2.083862683979663
431,0.02,4810,100000.0,17.15,2.43,0.81,2.082195706053437
432,0.02,4820,100000.0,17.15,2.43,0.81,2.101345512421525
433,0.02,4830,100000.0,17.15,2.43,0.81,2.099663205914465
434,0.02,4840,100000.0,17.15,2.43,0.81,2.0979865061654563
435,0.02,4850,100000.0,17.15,2.43,0.81,2.096315383594756
436,0.02,4860,100000.0,17.15,2.43,0.81,2.094649808838003
437,0.02,4870,100000.0,17.15,2.43,0.81,2.092989752743823
438,0.02,4880,100000.0,17.15,2.43,0.81,2.1125952907434584
439,0.02,4890,100000.0,17.15,2.43,0.81,2.1109195285666837
440,0.02,4900,100000.0,17.15,2.43,0.81,2.10924927884681
441,0.02,4910,100000.0,17.15,2.43,0.81,2.107584512866436
442,0.02,4920,100000.0,17.15,2.43,0.81,2.105925202114501
443,0.02,4930,100000.0,17.15,2.43,0.81,2.10427131828418
444,0.02,4940,100000.0,17.15,2.43,0.81,2.124351438212875
445,0.02,4950,100000.0,17.15,2.43,0.81,2.1226814641006047
446,0.02,4960,100000.0,17.15,2.43,0.81,2.121016912799301
447,0.02,4970,100000.0,17.15,2.43,0.81,2.1193577564086583
448,0.02,4980,100000.0,17.15,2.43,0.81,2.117703967226822
449,0.02,4990,100000.0,17.15,2.43,0.81,2.116055517747752
450,0.02,5000,100000.0,17.15,2.43,0.81,2.114412380660032
451,0.02,5010,100000.0,17.15,2.43,0.81,2.1349651521228017
452,0.02,5020,100000.0,17.15,2.43,0.81,2.133305558235601
453,0.02,5030,100000.0,17.15,2.43,0.81,2.1316512748390832
454,0.02,5040,100000.0,17.15,2.43,0.81,2.130002274998483
455,0.02,5050,100000.0,17.15,2.43,0.81,2.1283585319675447
456,0.02,5060,100000.0,17.15,2.43,0.81,2.1267200191866475
457,0.02,5070,100000.0,17.15,2.43,0.81,2.125086710281257
458,0.02,5080,100000.0,17.15,2.43,0.81,2.146132496161223
459,0.02,5090,100000.0,17.15,2.43,0.81,2.1444823579328576
460,0.02,5100,100000.0,17.15,2.43,0.81,2.1428374237900423
461,0.02,5110,100000.0,17.15,2.43,0.81,2.141197667707164
462,0.02,5120,100000.0,17.15,2.43,0.81,2.139563063838088
463,0.02,5130,100000.0,17.15,2.43,0.81,2.13793358651488
464,0.02,5140,100000.0,17.15,2.43,0.81,2.13630921024577
465,0.02,5150,100000.0,17.15,2.43,0.81,2.1578694906072515
466,0.02,5160,100000.0,17.15,2.43,0.81,2.156227905515004
467,0.02,5170,100000.0,17.15,2.43,0.81,2.15459142370749
468,0.02,5180,100000.0,17.15,2.43,0.81,2.152960020016001
469,0.02,5190,100000.0,17.15,2.43,0.81,2.1513336694430585
470,0.02,5200,100000.0,17.15,2.43,0.81,2.149712347160856
471,0.02,5210,100000.0,17.15,2.43,0.81,2.148096028510085
472,0.02,5220,100000.0,17.15,2.43,0.81,2.1701934780522643
473,0.02,5230,100000.0,17.15,2.43,0.81,2.1685595631218515
474,0.02,5240,100000.0,17.15,2.43,0.81,2.16693065599338
475,0.02,5250,100000.0,17.15,2.43,0.81,2.1653067323060635
476,0.02,5260,100000.0,17.15,2.43,0.81,2.163687767862611
477,0.02,5270,100000.0,17.15,2.43,0.81,2.162073738628105
478,0.02,5280,100000.0,17.15,2.43,0.81,2.160464620728199
479,0.02,5290,100000.0,17.15,2.43,0.81,2.183123192914991
480,0.02,5300,100000.0,17.15,2.43,0.81,2.1814960823275507
481,0.02,5310,100000.0,17.15,2.43,0.81,2.179873889112677
482,0.02,5320,100000.0,17.15,2.43,0.81,2.1782565896718724
483,0.02,5330,100000.0,17.15,2.43,0.81,2.176644160563192
484,0.02,5340,100000.0,17.15,2.43,0.81,2.1750365784996397
485,0.02,5350,100000.0,17.15,2.43,0.81,2.173433820347859
486,0.02,5360,100000.0,17.15,2.43,0.81,2.171835863127181
487,0.02,5370,100000.0,17.15,2.43,0.81,2.195057681662745
488,0.02,5380,100000.0,17.15,2.43,0.81,2.1934413562002613
489,0.02,5390,100000.0,17.15,2.43,0.81,2.191829839611644
490,0.02,5400,100000.0,17.15,2.43,0.81,2.1902231091679063
491,0.02,5410,100000.0,17.15,2.43,0.81,2.188621142288353
492,0.02,5420,100000.0,17.15,2.43,0.81,2.187023916539372
493,0.02,5430,100000.0,17.15,2.43,0.81,2.185431409633304
494,0.02,5440,100000.0,17.15,2.43,0.81,2.183843599427047
495,0.02,5450,100000.0,17.15,2.43,0.81,2.207654841212306
496,0.02,5460,100000.0,17.15,2.43,0.81,2.2060482782466675
497,0.02,5470,100000.0,17.15,2.43,0.81,2.2044464217435324
498,0.02,5480,100000.0,17.15,2.43,0.81,2.202849249789439
499,0.02,5490,100000.0,17.15,2.43,0.81,2.201256740611648
500,0.02,5500,100000.0,17.15,2.43,0.81,2.199668872577446
501,0.02,5510,100000.0,17.15,2.43,0.81,2.19808562419252
502,0.02,5520,100000.0,17.15,2.43,0.81,2.196506974100088
503,0.02,5530,100000.0,17.15,2.43,0.81,2.220935345818111
504,0.02,5540,100000.0,17.15,2.43,0.81,2.219337548350787
505,0.02,5550,100000.0,17.15,2.43,0.81,2.2177443606827376
506,0.02,5560,100000.0,17.15,2.43,0.81,2.216155761666081
507,0.02,5570,100000.0,17.15,2.43,0.81,2.2145717302868846
508,0.02,5580,100000.0,17.15,2.43,0.81,2.212992245664049
509,0.02,5590,100000.0,17.15,2.43,0.81,2.2114172870486306
510,0.02,5600,100000.0,17.15,2.43,0.81,2.209846833822088
511,0.02,5610,100000.0,17.15,2.43,0.81,2.2349216867099795
512,0.02,5620,100000.0,17.15,2.43,0.81,2.233331680238201
513,0.02,5630,100000.0,17.15,2.43,0.81,2.231746192339633
514,0.02,5640,100000.0,17.15,2.43,0.81,2.2301652025855385
515,0.02,5650,100000.0,17.15,2.43,0.81,2.228588690674746
516,0.02,5660,100000.0,17.15,2.43,0.81,2.227016636432704
517,0.02,5670,100000.0,17.15,2.43,0.81,2.225449019810519
518,0.02,5680,100000.0,17.15,2.43,0.81,2.2238858208837056
519,0.02,5690,100000.0,17.15,2.43,0.81,2.249638276094136
520,0.02,5700,100000.0,17.15,2.43,0.81,2.2480551056091693
521,0.02,5710,100000.0,17.15,2.43,0.81,2.246476367622929
522,0.02,5720,100000.0,17.15,2.43,0.81,2.244902042382723
523,0.02,5730,100000.0,17.15,2.43,0.81,2.243332110257481
524,0.02,5740,100000.0,17.15,2.43,0.81,2.241766551736876
525,0.02,5750,100000.0,17.15,2.43,0.81,2.2402053474302512
526,0.02,5760,100000.0,17.15,2.43,0.81,2.238648478065668
527,0.02,5770,100000.0,17.15,2.43,0.81,2.237095924489215
528,0.02,5780,100000.0,17.15,2.43,0.81,2.2635342908510423
529,0.02,5790,100000.0,17.15,2.43,0.81,2.261961369260056
530,0.02,5800,100000.0,17.15,2.43,0.81,2.2603927798662564
531,0.02,5810,100000.0,17.15,2.43,0.81,2.25882850366865
532,0.02,5820,100000.0,17.15,2.43,0.81,2.2572685217816804
533,0.02,5830,100000.0,17.15,2.43,0.81,2.25571281543406
534,0.02,5840,100000.0,17.15,2.43,0.81,2.2541613659679136
535,0.02,5850,100000.0,17.15,2.43,0.81,2.252614154837579
536,0.02,5860,100000.0,17.15,2.43,0.81,2.251071163609536
537,0.02,5870,100000.0,17.15,2.43,0.81,2.278229842317157
538,0.02,5880,100000.0,17.15,2.43,0.81,2.2766660734228883
539,0.02,5890,100000.0,17.15,2.43,0.81,2.2751065423809465
540,0.02,5900,100000.0,17.15,2.43,0.81,2.2735512308935437
541,0.02,5910,100000.0,17.15,2.43,0.81,2.272000120772465
542,0.02,5920,100000.0,17.15,2.43,0.81,2.270453193937367
543,0.02,5930,100000.0,17.15,2.43,0.81,2.2689104324157943
544,0.02,5940,100000.0,17.15,2.43,0.81,2.2673718183420597
545,0.02,5950,100000.0,17.15,2.43,0.81,2.295312739726749
546,0.02,5960,100000.0,17.15,2.43,0.81,2.293752886612021
547,0.02,5970,100000.0,17.15,2.43,0.81,2.2921972003649644
548,0.02,5980,100000.0,17.15,2.43,0.81,2.290645663241448
549,0.02,5990,100000.0,17.15,2.43,0.81,2.2890982576018
550,0.02,6000,100000.0,17.15,2.43,0.81,2.287554965910078
551,0.02,6010,100000.0,17.15,2.43,0.81,2.286015770733267
552,0.02,6020,100000.0,17.15,2.43,0.81,2.2844806547404937
553,0.02,6030,100000.0,17.15,2.43,0.81,2.313243484334953
554,0.02,6040,100000.0,17.15,2.43,0.81,2.3116866502588485
555,0.02,6050,100000.0,17.15,2.43,0.81,2.310133916227808
556,0.02,6060,100000.0,17.15,2.43,0.81,2.308585265019038
557,0.02,6070,100000.0,17.15,2.43,0.81,2.3070406795100484
558,0.02,6080,100000.0,17.15,2.43,0.81,2.30550014267716
559,0.02,6090,100000.0,17.15,2.43,0.81,2.3039636375958352
560,0.02,6100,100000.0,17.15,2.43,0.81,2.302431147438875
561,0.02,6110,100000.0,17.15,2.43,0.81,2.300902655476677
562,0.02,6120,100000.0,17.15,2.43,0.81,2.2993781450756914
563,0.02,6130,100000.0,17.15,2.43,0.81,2.2978575996983155
564,0.02,6140,100000.0,17.15,2.43,0.81,2.3274061248208118
565,0.02,6150,100000.0,17.15,2.43,0.81,2.325863479916027
566,0.02,6160,100000.0,17.15,2.43,0.81,2.324324822308006
567,0.02,6170,100000.0,17.15,2.43,0.81,2.322790135550586
568,0.02,6180,100000.0,17.15,2.43,0.81,2.3212594032918408
569,0.02,6190,100000.0,17.15,2.43,0.81,2.3197326092727617
570,0.02,6200,100000.0,17.15,2.43,0.81,2.3182097373270403
571,0.02,6210,100000.0,17.15,2.43,0.81,2.3166907713798968
572,0.02,6220,100000.0,17.15,2.43,0.81,2.315175695447904
573,0.02,6230,100000.0,17.15,2.43,0.81,2.313664493637853
574,0.02,6240,100000.0,17.15,2.43,0.81,2.34406794071432
575,0.02,6250,100000.0,17.15,2.43,0.81,2.3425342024549995
576,0.02,6260,100000.0,17.15,2.43,0.81,2.341004361946401
577,0.02,6270,100000.0,17.15,2.43,0.81,2.3394784033737257
578,0.02,6280,100000.0,17.15,2.43,0.81,2.337956311010492
579,0.02,6290,100000.0,17.15,2.43,0.81,2.3364380692188496
580,0.02,6300,100000.0,17.15,2.43,0.81,2.334923662448145
581,0.02,6310,100000.0,17.15,2.43,0.81,2.3334130752344744
582,0.02,6320,100000.0,17.15,2.43,0.81,2.3319062922006037
583,0.02,6330,100000.0,17.15,2.43,0.81,2.330403298054593
584,0.02,6340,100000.0,17.15,2.43,0.81,2.3289040775899053
585,0.02,6350,100000.0,17.15,2.43,0.81,2.360182032288035
586,0.02,6360,100000.0,17.15,2.43,0.81,2.3586598596140207
587,0.02,6370,100000.0,17.15,2.43,0.81,2.357141485545342
588,0.02,6380,100000.0,17.15,2.43,0.81,2.3556268949394177
589,0.02,6390,100000.0,17.15,2.43,0.81,2.3541160727373893
590,0.02,6400,100000.0,17.15,2.43,0.81,2.3526090039634027
591,0.02,6410,100000.0,17.15,2.43,0.81,2.351105673723938
592,0.02,6420,100000.0,17.15,2.43,0.81,2.3496060672070844
593,0.02,6430,100000.0,17.15,2.43,0.81,2.348110169682327
594,0.02,6440,100000.0,17.15,2.43,0.81,2.3466179664996374
595,0.02,6450,100000.0,17.15,2.43,0.81,2.345129443089185
596,0.02,6460,100000.0,17.15,2.43,0.81,2.3436445849605776
597,0.02,6470,100000.0,17.15,2.43,0.81,2.375818766807716
598,0.02,6480,100000.0,17.15,2.43,0.81,2.374310562048481
599,0.02,6490,100000.0,17.15,2.43,0.81,2.3728060487150877
600,0.02,6500,100000.0,17.15,2.43,0.81,2.371305212368107
601,0.02,6510,100000.0,17.15,2.43,0.81,2.369808038646438
602,0.02,6520,100000.0,17.15,2.43,0.81,2.36831451326648
603,0.02,6530,100000.0,17.15,2.43,0.81,2.3668246220219653
604,0.02,6540,100000.0,17.15,2.43,0.81,2.365338350782923
605,0.02,6550,100000.0,17.15,2.43,0.81,2.363855685495657
606,0.02,6560,100000.0,17.15,2.43,0.81,2.3623766121816283
607,0.02,6570,100000.0,17.15,2.43,0.81,2.360901116937624
608,0.02,6580,100000.0,17.15,2.43,0.81,2.394050340338338
609,0.02,6590,100000.0,17.15,2.43,0.81,2.392551042932321
610,0.02,6600,100000.0,17.15,2.43,0.81,2.391055350942581
611,0.02,6610,100000.0,17.15,2.43,0.81,2.3895632505055637
612,0.02,6620,100000.0,17.15,2.43,0.81,2.388074727831341
613,0.02,6630,100000.0,17.15,2.43,0.81,2.386589769203438
614,0.02,6640,100000.0,17.15,2.43,0.81,2.385108360977854
615,0.02,6650,100000.0,17.15,2.43,0.81,2.3836304895832447
616,0.02,6660,100000.0,17.15,2.43,0.81,2.3821561415199457
617,0.02,6670,100000.0,17.15,2.43,0.81,2.380685303359783
618,0.02,6680,100000.0,17.15,2.43,0.81,2.379217961744984
619,0.02,6690,100000.0,17.15,2.43,0.81,2.377754103388791
620,0.02,6700,100000.0,17.15,2.43,0.81,2.4119063706834747
621,0.02,6710,100000.0,17.15,2.43,0.81,2.4104182735439736
622,0.02,6720,100000.0,17.15,2.43,0.81,2.4089336881413352
623,0.02,6730,100000.0,17.15,2.43,0.81,2.4074526012169564
624,0.02,6740,100000.0,17.15,2.43,0.81,2.405974999581545
625,0.02,6750,100000.0,17.15,2.43,0.81,2.404500870114869
626,0.02,6760,100000.0,17.15,2.43,0.81,2.403030199764657
627,0.02,6770,100000.0,17.15,2.43,0.81,2.401562975547088
628,0.02,6780,100000.0,17.15,2.43,0.81,2.400099184545418
629,0.02,6790,100000.0,17.15,2.43,0.81,2.398638813910296
630,0.02,6800,100000.0,17.15,2.43,0.81,2.3971818508585567
631,0.02,6810,100000.0,17.15,2.43,0.81,2.395728282673427
632,0.02,6820,100000.0,17.15,2.43,0.81,2.394278096703791
633,0.02,6830,100000.0,17.15,2.43,0.81,2.4294642941085653
634,0.02,6840,100000.0,17.15,2.43,0.81,2.427989451307532
635,0.02,6850,100000.0,17.15,2.43,0.81,2.4265180202523147
636,0.02,6860,100000.0,17.15,2.43,0.81,2.4250499883098118
637,0.02,6870,100000.0,17.15,2.43,0.81,2.4235853429114327
638,0.02,6880,100000.0,17.15,2.43,0.81,2.4221240715532475
639,0.02,6890,100000.0,17.15,2.43,0.81,2.4206661617950345
640,0.02,6900,100000.0,17.15,2.43,0.81,2.4192116012605243
641,0.02,6910,100000.0,17.15,2.43,0.81,2.41776037763586
642,0.02,6920,100000.0,17.15,2.43,0.81,2.4163124786705823
643,0.02,6930,100000.0,17.15,2.43,0.81,2.414867892176176
644,0.02,6940,100000.0,17.15,2.43,0.81,2.413426606025882
645,0.02,6950,100000.0,17.15,2.43,0.81,2.41198860815461
646,0.02,6960,100000.0,17.15,2.43,0.81,2.4482712325799225
647,0.02,6970,100000.0,17.15,2.43,0.81,2.4468081351465014
648,0.02,6980,100000.0,17.15,2.43,0.81,2.445348356539299
649,0.02,6990,100000.0,17.15,2.43,0.81,2.4438918847014435
650,0.02,7000,100000.0,17.15,2.43,0.81,2.44243870763696
651,0.02,7010,100000.0,17.15,2.43,0.81,2.440988813409772
652,0.02,7020,100000.0,17.15,2.43,0.81,2.439542190143873
653,0.02,7030,100000.0,17.15,2.43,0.81,2.4380988260230354
654,0.02,7040,100000.0,17.15,2.43,0.81,2.4366587092898424
655,0.02,7050,100000.0,17.15,2.43,0.81,2.4352218282455627
656,0.02,7060,100000.0,17.15,2.43,0.81,2.433788171250274
657,0.02,7070,100000.0,17.15,2.43,0.81,2.4323577267215515
658,0.02,7080,100000.0,17.15,2.43,0.81,2.430930483134777
659,0.02,7090,100000.0,17.15,2.43,0.81,2.468376626451226
660,0.02,7100,100000.0,17.15,2.43,0.81,2.466923813806859
661,0.02,7110,100000.0,17.15,2.43,0.81,2.465474233643515
662,0.02,7120,100000.0,17.15,2.43,0.81,2.4640278744357498
663,0.02,7130,100000.0,17.15,2.43,0.81,2.4625847247157733
664,0.02,7140,100000.0,17.15,2.43,0.81,2.4611447730719327
665,0.02,7150,100000.0,17.15,2.43,0.81,2.459708008149041
666,0.02,7160,100000.0,17.15,2.43,0.81,2.4582744186475742
667,0.02,7170,100000.0,17.15,2.43,0.81,2.456843993323478
668,0.02,7180,100000.0,17.15,2.43,0.81,2.455416720988046
669,0.02,7190,100000.0,17.15,2.43,0.81,2.4539925905075
670,0.02,7200,100000.0,17.15,2.43,0.81,2.4525715908021164
671,0.02,7210,100000.0,17.15,2.43,0.81,2.4511537108465093
672,0.02,7220,100000.0,17.15,2.43,0.81,2.449738939669379
673,0.02,7230,100000.0,17.15,2.43,0.81,2.4883915651624817
674,0.02,7240,100000.0,17.15,2.43,0.81,2.486950769935965
675,0.02,7250,100000.0,17.15,2.43,0.81,2.4855131159395008
676,0.02,7260,100000.0,17.15,2.43,0.81,2.4840785921928004
677,0.02,7270,100000.0,17.15,2.43,0.81,2.482647187768678
678,0.02,7280,100000.0,17.15,2.43,0.81,2.481218891792837
679,0.02,7290,100000.0,17.15,2.43,0.81,2.479793693443625
680,0.02,7300,100000.0,17.15,2.43,0.81,2.4783715819516576
681,0.02,7310,100000.0,17.15,2.43,0.81,2.4769525465990787
682,0.02,7320,100000.0,17.15,2.43,0.81,2.4755365767199136
683,0.02,7330,100000.0,17.15,2.43,0.81,2.4741236616994104
684,0.02,7340,100000.0,17.15,2.43,0.81,2.472713790973559
685,0.02,7350,100000.0,17.15,2.43,0.81,2.471306954029141
686,0.02,7360,100000.0,17.15,2.43,0.81,2.469903140403237
687,0.02,7370,100000.0,17.15,2.43,0.81,2.468502339683013
688,0.02,7380,100000.0,17.15,2.43,0.81,2.5084087633492334
689,0.02,7390,100000.0,17.15,2.43,0.81,2.506981496889886
690,0.02,7400,100000.0,17.15,2.43,0.81,2.505557276618137
691,0.02,7410,100000.0,17.15,2.43,0.81,2.5041360921045857
692,0.02,7420,100000.0,17.15,2.43,0.81,2.502717932969474
693,0.02,7430,100000.0,17.15,2.43,0.81,2.501302788882137
694,0.02,7440,100000.0,17.15,2.43,0.81,2.4998906495605
695,0.02,7450,100000.0,17.15,2.43,0.81,2.498481504771513
696,0.02,7460,100000.0,17.15,2.43,0.81,2.4970753443302214
697,0.02,7470,100000.0,17.15,2.43,0.81,2.4956721580996013
698,0.02,7480,100000.0,17.15,2.43,0.81,2.4942719359908416
699,0.02,7490,100000.0,17.15,2.43,0.81,2.492874667961755
700,0.02,7500,100000.0,17.15,2.43,0.81,2.491480344018054
701,0.02,7510,100000.0,17.15,2.43,0.81,2.4900889542119966
702,0.02,7520,100000.0,17.15,2.43,0.81,2.4887004886423187
703,0.02,7530,100000.0,17.15,2.43,0.81,2.529942727629489
704,0.02,7540,100000.0,17.15,2.43,0.81,2.528527322434917
705,0.02,7550,100000.0,17.15,2.43,0.81,2.527114875574344
706,0.02,7560,100000.0,17.15,2.43,0.81,2.5257053771233093
707,0.02,7570,100000.0,17.15,2.43,0.81,2.524298817203652
708,0.02,7580,100000.0,17.15,2.43,0.81,2.5228951859825623
709,0.02,7590,100000.0,17.15,2.43,0.81,2.5214944736733504
710,0.02,7600,100000.0,17.15,2.43,0.81,2.5200966705344725
711,0.02,7610,100000.0,17.15,2.43,0.81,2.5187017668693867
712,0.02,7620,100000.0,17.15,2.43,0.81,2.517309753026559
713,0.02,7630,100000.0,17.15,2.43,0.81,2.5159206193988477
714,0.02,7640,100000.0,17.15,2.43,0.81,2.514534356423117
715,0.02,7650,100000.0,17.15,2.43,0.81,2.513150954580949
716,0.02,7660,100000.0,17.15,2.43,0.81,2.511770404397004
717,0.02,7670,100000.0,17.15,2.43,0.81,2.510392696439745
718,0.02,7680,100000.0,17.15,2.43,0.81,2.5530592756829544
719,0.02,7690,100000.0,17.15,2.43,0.81,2.5516541194597138
720,0.02,7700,100000.0,17.15,2.43,0.81,2.5502518403709007
721,0.02,7710,100000.0,17.15,2.43,0.81,2.548852428955274
722,0.02,7720,100000.0,17.15,2.43,0.81,2.547455875794496
723,0.02,7730,100000.0,17.15,2.43,0.81,2.5460621715135843
724,0.02,7740,100000.0,17.15,2.43,0.81,2.5446713067796773
725,0.02,7750,100000.0,17.15,2.43,0.81,2.5432832723029457
726,0.02,7760,100000.0,17.15,2.43,0.81,2.541898058835
727,0.02,7770,100000.0,17.15,2.43,0.81,2.540515657169849
728,0.02,7780,100000.0,17.15,2.43,0.81,2.5391360581431344
729,0.02,7790,100000.0,17.15,2.43,0.81,2.5377592526316546
730,0.02,7800,100000.0,17.15,2.43,0.81,2.536385231553545
731,0.02,7810,100000.0,17.15,2.43,0.81,2.535013985867806
732,0.02,7820,100000.0,17.15,2.43,0.81,2.533645506574314
733,0.02,7830,100000.0,17.15,2.43,0.81,2.532279784713044
734,0.02,7840,100000.0,17.15,2.43,0.81,2.5309168113648037
735,0.02,7850,100000.0,17.15,2.43,0.81,2.575042010828953
736,0.02,7860,100000.0,17.15,2.43,0.81,2.5736511322876114
737,0.02,7870,100000.0,17.15,2.43,0.81,2.572263037828264
738,0.02,7880,100000.0,17.15,2.43,0.81,2.570877718495419
739,0.02,7890,100000.0,17.15,2.43,0.81,2.5694951653741853
740,0.02,7900,100000.0,17.15,2.43,0.81,2.568115369589147
741,0.02,7910,100000.0,17.15,2.43,0.81,2.566738322304418
742,0.02,7920,100000.0,17.15,2.43,0.81,2.565364014723224
743,0.02,7930,100000.0,17.15,2.43,0.81,2.563992438088217
744,0.02,7940,100000.0,17.15,2.43,0.81,2.5626235836804505
745,0.02,7950,100000.0,17.15,2.43,0.81,2.561257442819848
746,0.02,7960,100000.0,17.15,2.43,0.81,2.5598940068645804
747,0.02,7970,100000.0,17.15,2.43,0.81,2.55853326721118
748,0.02,7980,100000.0,17.15,2.43,0.81,2.557175215294021
749,0.02,7990,100000.0,17.15,2.43,0.81,2.5558198425848664
750,0.02,8000,100000.0,17.15,2.43,0.81,2.5544671405937187
