Simulation Number,PG.cFactor,ExitSlit.openingHeight,UE65.photonEnergy,UE65.numberRays,UE65.electronSigmaX,UE65.electronSigmaY,UE65.electronSigmaYs
0,2.5,0.01,100,100000.0,17.15,2.43,0.81
1,2.5,0.01,101,100000.0,17.15,2.43,0.81
2,2.5,0.01,102,100000.0,17.15,2.43,0.81
3,2.5,0.01,103,100000.0,17.15,2.43,0.81
4,2.5,0.01,104,100000.0,17.15,2.43,0.81
5,2.5,0.01,105,100000.0,17.15,2.43,0.81
6,2.5,0.01,106,100000.0,17.15,2.43,0.81
7,2.5,0.01,107,100000.0,17.15,2.43,0.81
8,2.5,0.01,108,100000.0,17.15,2.43,0.81
9,2.5,0.01,109,100000.0,17.15,2.43,0.81
10,2.5,0.01,110,100000.0,17.15,2.43,0.81
11,2.5,0.01,111,100000.0,17.15,2.43,0.81
12,2.5,0.01,112,100000.0,17.15,2.43,0.81
13,2.5,0.01,113,100000.0,17.15,2.43,0.81
14,2.5,0.01,114,100000.0,17.15,2.43,0.81
15,2.5,0.01,115,100000.0,17.15,2.43,0.81
16,2.5,0.01,116,100000.0,17.15,2.43,0.81
17,2.5,0.01,117,100000.0,17.15,2.43,0.81
18,2.5,0.01,118,100000.0,17.15,2.43,0.81
19,2.5,0.01,119,100000.0,17.15,2.43,0.81
20,2.5,0.01,120,100000.0,17.15,2.43,0.81
21,2.5,0.01,121,100000.0,17.15,2.43,0.81
22,2.5,0.01,122,100000.0,17.15,2.43,0.81
23,2.5,0.01,123,100000.0,17.15,2.43,0.81
24,2.5,0.01,124,100000.0,17.15,2.43,0.81
25,2.5,0.01,125,100000.0,17.15,2.43,0.81
26,2.5,0.01,126,100000.0,17.15,2.43,0.81
27,2.5,0.01,127,100000.0,17.15,2.43,0.81
28,2.5,0.01,128,100000.0,17.15,2.43,0.81
29,2.5,0.01,129,100000.0,17.15,2.43,0.81
30,2.5,0.01,130,100000.0,17.15,2.43,0.81
31,2.5,0.01,131,100000.0,17.15,2.43,0.81
32,2.5,0.01,132,100000.0,17.15,2.43,0.81
33,2.5,0.01,133,100000.0,17.15,2.43,0.81
34,2.5,0.01,134,100000.0,17.15,2.43,0.81
35,2.5,0.01,135,100000.0,17.15,2.43,0.81
36,2.5,0.01,136,100000.0,17.15,2.43,0.81
37,2.5,0.01,137,100000.0,17.15,2.43,0.81
38,2.5,0.01,138,100000.0,17.15,2.43,0.81
39,2.5,0.01,139,100000.0,17.15,2.43,0.81
40,2.5,0.01,140,100000.0,17.15,2.43,0.81
41,2.5,0.01,141,100000.0,17.15,2.43,0.81
42,2.5,0.01,142,100000.0,17.15,2.43,0.81
43,2.5,0.01,143,100000.0,17.15,2.43,0.81
44,2.5,0.01,144,100000.0,17.15,2.43,0.81
45,2.5,0.01,145,100000.0,17.15,2.43,0.81
46,2.5,0.01,146,100000.0,17.15,2.43,0.81
47,2.5,0.01,147,100000.0,17.15,2.43,0.81
48,2.5,0.01,148,100000.0,17.15,2.43,0.81
49,2.5,0.01,149,100000.0,17.15,2.43,0.81
50,2.5,0.01,150,100000.0,17.15,2.43,0.81
51,2.5,0.01,151,100000.0,17.15,2.43,0.81
52,2.5,0.01,152,100000.0,17.15,2.43,0.81
53,2.5,0.01,153,100000.0,17.15,2.43,0.81
54,2.5,0.01,154,100000.0,17.15,2.43,0.81
55,2.5,0.01,155,100000.0,17.15,2.43,0.81
56,2.5,0.01,156,100000.0,17.15,2.43,0.81
57,2.5,0.01,157,100000.0,17.15,2.43,0.81
58,2.5,0.01,158,100000.0,17.15,2.43,0.81
59,2.5,0.01,159,100000.0,17.15,2.43,0.81
60,2.5,0.01,160,100000.0,17.15,2.43,0.81
61,2.5,0.01,161,100000.0,17.15,2.43,0.81
62,2.5,0.01,162,100000.0,17.15,2.43,0.81
63,2.5,0.01,163,100000.0,17.15,2.43,0.81
64,2.5,0.01,164,100000.0,17.15,2.43,0.81
65,2.5,0.01,165,100000.0,17.15,2.43,0.81
66,2.5,0.01,166,100000.0,17.15,2.43,0.81
67,2.5,0.01,167,100000.0,17.15,2.43,0.81
68,2.5,0.01,168,100000.0,17.15,2.43,0.81
69,2.5,0.01,169,100000.0,17.15,2.43,0.81
70,2.5,0.01,170,100000.0,17.15,2.43,0.81
71,2.5,0.01,171,100000.0,17.15,2.43,0.81
72,2.5,0.01,172,100000.0,17.15,2.43,0.81
73,2.5,0.01,173,100000.0,17.15,2.43,0.81
74,2.5,0.01,174,100000.0,17.15,2.43,0.81
75,2.5,0.01,175,100000.0,17.15,2.43,0.81
76,2.5,0.01,176,100000.0,17.15,2.43,0.81
77,2.5,0.01,177,100000.0,17.15,2.43,0.81
78,2.5,0.01,178,100000.0,17.15,2.43,0.81
79,2.5,0.01,179,100000.0,17.15,2.43,0.81
80,2.5,0.01,180,100000.0,17.15,2.43,0.81
81,2.5,0.01,181,100000.0,17.15,2.43,0.81
82,2.5,0.01,182,100000.0,17.15,2.43,0.81
83,2.5,0.01,183,100000.0,17.15,2.43,0.81
84,2.5,0.01,184,100000.0,17.15,2.43,0.81
85,2.5,0.01,185,100000.0,17.15,2.43,0.81
86,2.5,0.01,186,100000.0,17.15,2.43,0.81
87,2.5,0.01,187,100000.0,17.15,2.43,0.81
88,2.5,0.01,188,100000.0,17.15,2.43,0.81
89,2.5,0.01,189,100000.0,17.15,2.43,0.81
90,2.5,0.01,190,100000.0,17.15,2.43,0.81
91,2.5,0.01,191,100000.0,17.15,2.43,0.81
92,2.5,0.01,192,100000.0,17.15,2.43,0.81
93,2.5,0.01,193,100000.0,17.15,2.43,0.81
94,2.5,0.01,194,100000.0,17.15,2.43,0.81
95,2.5,0.01,195,100000.0,17.15,2.43,0.81
96,2.5,0.01,196,100000.0,17.15,2.43,0.81
97,2.5,0.01,197,100000.0,17.15,2.43,0.81
98,2.5,0.01,198,100000.0,17.15,2.43,0.81
99,2.5,0.01,199,100000.0,17.15,2.43,0.81
100,2.5,0.01,200,100000.0,17.15,2.43,0.81
101,2.5,0.01,201,100000.0,17.15,2.43,0.81
102,2.5,0.01,202,100000.0,17.15,2.43,0.81
103,2.5,0.01,203,100000.0,17.15,2.43,0.81
104,2.5,0.01,204,100000.0,17.15,2.43,0.81
105,2.5,0.01,205,100000.0,17.15,2.43,0.81
106,2.5,0.01,206,100000.0,17.15,2.43,0.81
107,2.5,0.01,207,100000.0,17.15,2.43,0.81
108,2.5,0.01,208,100000.0,17.15,2.43,0.81
109,2.5,0.01,209,100000.0,17.15,2.43,0.81
110,2.5,0.01,210,100000.0,17.15,2.43,0.81
111,2.5,0.01,211,100000.0,17.15,2.43,0.81
112,2.5,0.01,212,100000.0,17.15,2.43,0.81
113,2.5,0.01,213,100000.0,17.15,2.43,0.81
114,2.5,0.01,214,100000.0,17.15,2.43,0.81
115,2.5,0.01,215,100000.0,17.15,2.43,0.81
116,2.5,0.01,216,100000.0,17.15,2.43,0.81
117,2.5,0.01,217,100000.0,17.15,2.43,0.81
118,2.5,0.01,218,100000.0,17.15,2.43,0.81
119,2.5,0.01,219,100000.0,17.15,2.43,0.81
120,2.5,0.01,220,100000.0,17.15,2.43,0.81
121,2.5,0.01,221,100000.0,17.15,2.43,0.81
122,2.5,0.01,222,100000.0,17.15,2.43,0.81
123,2.5,0.01,223,100000.0,17.15,2.43,0.81
124,2.5,0.01,224,100000.0,17.15,2.43,0.81
125,2.5,0.01,225,100000.0,17.15,2.43,0.81
126,2.5,0.01,226,100000.0,17.15,2.43,0.81
127,2.5,0.01,227,100000.0,17.15,2.43,0.81
128,2.5,0.01,228,100000.0,17.15,2.43,0.81
129,2.5,0.01,229,100000.0,17.15,2.43,0.81
130,2.5,0.01,230,100000.0,17.15,2.43,0.81
131,2.5,0.01,231,100000.0,17.15,2.43,0.81
132,2.5,0.01,232,100000.0,17.15,2.43,0.81
133,2.5,0.01,233,100000.0,17.15,2.43,0.81
134,2.5,0.01,234,100000.0,17.15,2.43,0.81
135,2.5,0.01,235,100000.0,17.15,2.43,0.81
136,2.5,0.01,236,100000.0,17.15,2.43,0.81
137,2.5,0.01,237,100000.0,17.15,2.43,0.81
138,2.5,0.01,238,100000.0,17.15,2.43,0.81
139,2.5,0.01,239,100000.0,17.15,2.43,0.81
140,2.5,0.01,240,100000.0,17.15,2.43,0.81
141,2.5,0.01,241,100000.0,17.15,2.43,0.81
142,2.5,0.01,242,100000.0,17.15,2.43,0.81
143,2.5,0.01,243,100000.0,17.15,2.43,0.81
144,2.5,0.01,244,100000.0,17.15,2.43,0.81
145,2.5,0.01,245,100000.0,17.15,2.43,0.81
146,2.5,0.01,246,100000.0,17.15,2.43,0.81
147,2.5,0.01,247,100000.0,17.15,2.43,0.81
148,2.5,0.01,248,100000.0,17.15,2.43,0.81
149,2.5,0.01,249,100000.0,17.15,2.43,0.81
150,2.5,0.01,250,100000.0,17.15,2.43,0.81
151,2.5,0.01,251,100000.0,17.15,2.43,0.81
152,2.5,0.01,252,100000.0,17.15,2.43,0.81
153,2.5,0.01,253,100000.0,17.15,2.43,0.81
154,2.5,0.01,254,100000.0,17.15,2.43,0.81
155,2.5,0.01,255,100000.0,17.15,2.43,0.81
156,2.5,0.01,256,100000.0,17.15,2.43,0.81
157,2.5,0.01,257,100000.0,17.15,2.43,0.81
158,2.5,0.01,258,100000.0,17.15,2.43,0.81
159,2.5,0.01,259,100000.0,17.15,2.43,0.81
160,2.5,0.01,260,100000.0,17.15,2.43,0.81
161,2.5,0.01,261,100000.0,17.15,2.43,0.81
162,2.5,0.01,262,100000.0,17.15,2.43,0.81
163,2.5,0.01,263,100000.0,17.15,2.43,0.81
164,2.5,0.01,264,100000.0,17.15,2.43,0.81
165,2.5,0.01,265,100000.0,17.15,2.43,0.81
166,2.5,0.01,266,100000.0,17.15,2.43,0.81
167,2.5,0.01,267,100000.0,17.15,2.43,0.81
168,2.5,0.01,268,100000.0,17.15,2.43,0.81
169,2.5,0.01,269,100000.0,17.15,2.43,0.81
170,2.5,0.01,270,100000.0,17.15,2.43,0.81
171,2.5,0.01,271,100000.0,17.15,2.43,0.81
172,2.5,0.01,272,100000.0,17.15,2.43,0.81
173,2.5,0.01,273,100000.0,17.15,2.43,0.81
174,2.5,0.01,274,100000.0,17.15,2.43,0.81
175,2.5,0.01,275,100000.0,17.15,2.43,0.81
176,2.5,0.01,276,100000.0,17.15,2.43,0.81
177,2.5,0.01,277,100000.0,17.15,2.43,0.81
178,2.5,0.01,278,100000.0,17.15,2.43,0.81
179,2.5,0.01,279,100000.0,17.15,2.43,0.81
180,2.5,0.01,280,100000.0,17.15,2.43,0.81
181,2.5,0.01,281,100000.0,17.15,2.43,0.81
182,2.5,0.01,282,100000.0,17.15,2.43,0.81
183,2.5,0.01,283,100000.0,17.15,2.43,0.81
184,2.5,0.01,284,100000.0,17.15,2.43,0.81
185,2.5,0.01,285,100000.0,17.15,2.43,0.81
186,2.5,0.01,286,100000.0,17.15,2.43,0.81
187,2.5,0.01,287,100000.0,17.15,2.43,0.81
188,2.5,0.01,288,100000.0,17.15,2.43,0.81
189,2.5,0.01,289,100000.0,17.15,2.43,0.81
190,2.5,0.01,290,100000.0,17.15,2.43,0.81
191,2.5,0.01,291,100000.0,17.15,2.43,0.81
192,2.5,0.01,292,100000.0,17.15,2.43,0.81
193,2.5,0.01,293,100000.0,17.15,2.43,0.81
194,2.5,0.01,294,100000.0,17.15,2.43,0.81
195,2.5,0.01,295,100000.0,17.15,2.43,0.81
196,2.5,0.01,296,100000.0,17.15,2.43,0.81
197,2.5,0.01,297,100000.0,17.15,2.43,0.81
198,2.5,0.01,298,100000.0,17.15,2.43,0.81
199,2.5,0.01,299,100000.0,17.15,2.43,0.81
200,2.5,0.01,300,100000.0,17.15,2.43,0.81
201,2.5,0.01,301,100000.0,17.15,2.43,0.81
202,2.5,0.01,302,100000.0,17.15,2.43,0.81
203,2.5,0.01,303,100000.0,17.15,2.43,0.81
204,2.5,0.01,304,100000.0,17.15,2.43,0.81
205,2.5,0.01,305,100000.0,17.15,2.43,0.81
206,2.5,0.01,306,100000.0,17.15,2.43,0.81
207,2.5,0.01,307,100000.0,17.15,2.43,0.81
208,2.5,0.01,308,100000.0,17.15,2.43,0.81
209,2.5,0.01,309,100000.0,17.15,2.43,0.81
210,2.5,0.01,310,100000.0,17.15,2.43,0.81
211,2.5,0.01,311,100000.0,17.15,2.43,0.81
212,2.5,0.01,312,100000.0,17.15,2.43,0.81
213,2.5,0.01,313,100000.0,17.15,2.43,0.81
214,2.5,0.01,314,100000.0,17.15,2.43,0.81
215,2.5,0.01,315,100000.0,17.15,2.43,0.81
216,2.5,0.01,316,100000.0,17.15,2.43,0.81
217,2.5,0.01,317,100000.0,17.15,2.43,0.81
218,2.5,0.01,318,100000.0,17.15,2.43,0.81
219,2.5,0.01,319,100000.0,17.15,2.43,0.81
220,2.5,0.01,320,100000.0,17.15,2.43,0.81
221,2.5,0.01,321,100000.0,17.15,2.43,0.81
222,2.5,0.01,322,100000.0,17.15,2.43,0.81
223,2.5,0.01,323,100000.0,17.15,2.43,0.81
224,2.5,0.01,324,100000.0,17.15,2.43,0.81
225,2.5,0.01,325,100000.0,17.15,2.43,0.81
226,2.5,0.01,326,100000.0,17.15,2.43,0.81
227,2.5,0.01,327,100000.0,17.15,2.43,0.81
228,2.5,0.01,328,100000.0,17.15,2.43,0.81
229,2.5,0.01,329,100000.0,17.15,2.43,0.81
230,2.5,0.01,330,100000.0,17.15,2.43,0.81
231,2.5,0.01,331,100000.0,17.15,2.43,0.81
232,2.5,0.01,332,100000.0,17.15,2.43,0.81
233,2.5,0.01,333,100000.0,17.15,2.43,0.81
234,2.5,0.01,334,100000.0,17.15,2.43,0.81
235,2.5,0.01,335,100000.0,17.15,2.43,0.81
236,2.5,0.01,336,100000.0,17.15,2.43,0.81
237,2.5,0.01,337,100000.0,17.15,2.43,0.81
238,2.5,0.01,338,100000.0,17.15,2.43,0.81
239,2.5,0.01,339,100000.0,17.15,2.43,0.81
240,2.5,0.01,340,100000.0,17.15,2.43,0.81
241,2.5,0.01,341,100000.0,17.15,2.43,0.81
242,2.5,0.01,342,100000.0,17.15,2.43,0.81
243,2.5,0.01,343,100000.0,17.15,2.43,0.81
244,2.5,0.01,344,100000.0,17.15,2.43,0.81
245,2.5,0.01,345,100000.0,17.15,2.43,0.81
246,2.5,0.01,346,100000.0,17.15,2.43,0.81
247,2.5,0.01,347,100000.0,17.15,2.43,0.81
248,2.5,0.01,348,100000.0,17.15,2.43,0.81
249,2.5,0.01,349,100000.0,17.15,2.43,0.81
250,2.5,0.01,350,100000.0,17.15,2.43,0.81
251,2.5,0.01,351,100000.0,17.15,2.43,0.81
252,2.5,0.01,352,100000.0,17.15,2.43,0.81
253,2.5,0.01,353,100000.0,17.15,2.43,0.81
254,2.5,0.01,354,100000.0,17.15,2.43,0.81
255,2.5,0.01,355,100000.0,17.15,2.43,0.81
256,2.5,0.01,356,100000.0,17.15,2.43,0.81
257,2.5,0.01,357,100000.0,17.15,2.43,0.81
258,2.5,0.01,358,100000.0,17.15,2.43,0.81
259,2.5,0.01,359,100000.0,17.15,2.43,0.81
260,2.5,0.01,360,100000.0,17.15,2.43,0.81
261,2.5,0.01,361,100000.0,17.15,2.43,0.81
262,2.5,0.01,362,100000.0,17.15,2.43,0.81
263,2.5,0.01,363,100000.0,17.15,2.43,0.81
264,2.5,0.01,364,100000.0,17.15,2.43,0.81
265,2.5,0.01,365,100000.0,17.15,2.43,0.81
266,2.5,0.01,366,100000.0,17.15,2.43,0.81
267,2.5,0.01,367,100000.0,17.15,2.43,0.81
268,2.5,0.01,368,100000.0,17.15,2.43,0.81
269,2.5,0.01,369,100000.0,17.15,2.43,0.81
270,2.5,0.01,370,100000.0,17.15,2.43,0.81
271,2.5,0.01,371,100000.0,17.15,2.43,0.81
272,2.5,0.01,372,100000.0,17.15,2.43,0.81
273,2.5,0.01,373,100000.0,17.15,2.43,0.81
274,2.5,0.01,374,100000.0,17.15,2.43,0.81
275,2.5,0.01,375,100000.0,17.15,2.43,0.81
276,2.5,0.01,376,100000.0,17.15,2.43,0.81
277,2.5,0.01,377,100000.0,17.15,2.43,0.81
278,2.5,0.01,378,100000.0,17.15,2.43,0.81
279,2.5,0.01,379,100000.0,17.15,2.43,0.81
280,2.5,0.01,380,100000.0,17.15,2.43,0.81
281,2.5,0.01,381,100000.0,17.15,2.43,0.81
282,2.5,0.01,382,100000.0,17.15,2.43,0.81
283,2.5,0.01,383,100000.0,17.15,2.43,0.81
284,2.5,0.01,384,100000.0,17.15,2.43,0.81
285,2.5,0.01,385,100000.0,17.15,2.43,0.81
286,2.5,0.01,386,100000.0,17.15,2.43,0.81
287,2.5,0.01,387,100000.0,17.15,2.43,0.81
288,2.5,0.01,388,100000.0,17.15,2.43,0.81
289,2.5,0.01,389,100000.0,17.15,2.43,0.81
290,2.5,0.01,390,100000.0,17.15,2.43,0.81
291,2.5,0.01,391,100000.0,17.15,2.43,0.81
292,2.5,0.01,392,100000.0,17.15,2.43,0.81
293,2.5,0.01,393,100000.0,17.15,2.43,0.81
294,2.5,0.01,394,100000.0,17.15,2.43,0.81
295,2.5,0.01,395,100000.0,17.15,2.43,0.81
296,2.5,0.01,396,100000.0,17.15,2.43,0.81
297,2.5,0.01,397,100000.0,17.15,2.43,0.81
298,2.5,0.01,398,100000.0,17.15,2.43,0.81
299,2.5,0.01,399,100000.0,17.15,2.43,0.81
300,2.5,0.01,400,100000.0,17.15,2.43,0.81
301,2.5,0.01,401,100000.0,17.15,2.43,0.81
302,2.5,0.01,402,100000.0,17.15,2.43,0.81
303,2.5,0.01,403,100000.0,17.15,2.43,0.81
304,2.5,0.01,404,100000.0,17.15,2.43,0.81
305,2.5,0.01,405,100000.0,17.15,2.43,0.81
306,2.5,0.01,406,100000.0,17.15,2.43,0.81
307,2.5,0.01,407,100000.0,17.15,2.43,0.81
308,2.5,0.01,408,100000.0,17.15,2.43,0.81
309,2.5,0.01,409,100000.0,17.15,2.43,0.81
310,2.5,0.01,410,100000.0,17.15,2.43,0.81
311,2.5,0.01,411,100000.0,17.15,2.43,0.81
312,2.5,0.01,412,100000.0,17.15,2.43,0.81
313,2.5,0.01,413,100000.0,17.15,2.43,0.81
314,2.5,0.01,414,100000.0,17.15,2.43,0.81
315,2.5,0.01,415,100000.0,17.15,2.43,0.81
316,2.5,0.01,416,100000.0,17.15,2.43,0.81
317,2.5,0.01,417,100000.0,17.15,2.43,0.81
318,2.5,0.01,418,100000.0,17.15,2.43,0.81
319,2.5,0.01,419,100000.0,17.15,2.43,0.81
320,2.5,0.01,420,100000.0,17.15,2.43,0.81
321,2.5,0.01,421,100000.0,17.15,2.43,0.81
322,2.5,0.01,422,100000.0,17.15,2.43,0.81
323,2.5,0.01,423,100000.0,17.15,2.43,0.81
324,2.5,0.01,424,100000.0,17.15,2.43,0.81
325,2.5,0.01,425,100000.0,17.15,2.43,0.81
326,2.5,0.01,426,100000.0,17.15,2.43,0.81
327,2.5,0.01,427,100000.0,17.15,2.43,0.81
328,2.5,0.01,428,100000.0,17.15,2.43,0.81
329,2.5,0.01,429,100000.0,17.15,2.43,0.81
330,2.5,0.01,430,100000.0,17.15,2.43,0.81
331,2.5,0.01,431,100000.0,17.15,2.43,0.81
332,2.5,0.01,432,100000.0,17.15,2.43,0.81
333,2.5,0.01,433,100000.0,17.15,2.43,0.81
334,2.5,0.01,434,100000.0,17.15,2.43,0.81
335,2.5,0.01,435,100000.0,17.15,2.43,0.81
336,2.5,0.01,436,100000.0,17.15,2.43,0.81
337,2.5,0.01,437,100000.0,17.15,2.43,0.81
338,2.5,0.01,438,100000.0,17.15,2.43,0.81
339,2.5,0.01,439,100000.0,17.15,2.43,0.81
340,2.5,0.01,440,100000.0,17.15,2.43,0.81
341,2.5,0.01,441,100000.0,17.15,2.43,0.81
342,2.5,0.01,442,100000.0,17.15,2.43,0.81
343,2.5,0.01,443,100000.0,17.15,2.43,0.81
344,2.5,0.01,444,100000.0,17.15,2.43,0.81
345,2.5,0.01,445,100000.0,17.15,2.43,0.81
346,2.5,0.01,446,100000.0,17.15,2.43,0.81
347,2.5,0.01,447,100000.0,17.15,2.43,0.81
348,2.5,0.01,448,100000.0,17.15,2.43,0.81
349,2.5,0.01,449,100000.0,17.15,2.43,0.81
350,2.5,0.01,450,100000.0,17.15,2.43,0.81
351,2.5,0.01,451,100000.0,17.15,2.43,0.81
352,2.5,0.01,452,100000.0,17.15,2.43,0.81
353,2.5,0.01,453,100000.0,17.15,2.43,0.81
354,2.5,0.01,454,100000.0,17.15,2.43,0.81
355,2.5,0.01,455,100000.0,17.15,2.43,0.81
356,2.5,0.01,456,100000.0,17.15,2.43,0.81
357,2.5,0.01,457,100000.0,17.15,2.43,0.81
358,2.5,0.01,458,100000.0,17.15,2.43,0.81
359,2.5,0.01,459,100000.0,17.15,2.43,0.81
360,2.5,0.01,460,100000.0,17.15,2.43,0.81
361,2.5,0.01,461,100000.0,17.15,2.43,0.81
362,2.5,0.01,462,100000.0,17.15,2.43,0.81
363,2.5,0.01,463,100000.0,17.15,2.43,0.81
364,2.5,0.01,464,100000.0,17.15,2.43,0.81
365,2.5,0.01,465,100000.0,17.15,2.43,0.81
366,2.5,0.01,466,100000.0,17.15,2.43,0.81
367,2.5,0.01,467,100000.0,17.15,2.43,0.81
368,2.5,0.01,468,100000.0,17.15,2.43,0.81
369,2.5,0.01,469,100000.0,17.15,2.43,0.81
370,2.5,0.01,470,100000.0,17.15,2.43,0.81
371,2.5,0.01,471,100000.0,17.15,2.43,0.81
372,2.5,0.01,472,100000.0,17.15,2.43,0.81
373,2.5,0.01,473,100000.0,17.15,2.43,0.81
374,2.5,0.01,474,100000.0,17.15,2.43,0.81
375,2.5,0.01,475,100000.0,17.15,2.43,0.81
376,2.5,0.01,476,100000.0,17.15,2.43,0.81
377,2.5,0.01,477,100000.0,17.15,2.43,0.81
378,2.5,0.01,478,100000.0,17.15,2.43,0.81
379,2.5,0.01,479,100000.0,17.15,2.43,0.81
380,2.5,0.01,480,100000.0,17.15,2.43,0.81
381,2.5,0.01,481,100000.0,17.15,2.43,0.81
382,2.5,0.01,482,100000.0,17.15,2.43,0.81
383,2.5,0.01,483,100000.0,17.15,2.43,0.81
384,2.5,0.01,484,100000.0,17.15,2.43,0.81
385,2.5,0.01,485,100000.0,17.15,2.43,0.81
386,2.5,0.01,486,100000.0,17.15,2.43,0.81
387,2.5,0.01,487,100000.0,17.15,2.43,0.81
388,2.5,0.01,488,100000.0,17.15,2.43,0.81
389,2.5,0.01,489,100000.0,17.15,2.43,0.81
390,2.5,0.01,490,100000.0,17.15,2.43,0.81
391,2.5,0.01,491,100000.0,17.15,2.43,0.81
392,2.5,0.01,492,100000.0,17.15,2.43,0.81
393,2.5,0.01,493,100000.0,17.15,2.43,0.81
394,2.5,0.01,494,100000.0,17.15,2.43,0.81
395,2.5,0.01,495,100000.0,17.15,2.43,0.81
396,2.5,0.01,496,100000.0,17.15,2.43,0.81
397,2.5,0.01,497,100000.0,17.15,2.43,0.81
398,2.5,0.01,498,100000.0,17.15,2.43,0.81
399,2.5,0.01,499,100000.0,17.15,2.43,0.81
400,2.5,0.01,500,100000.0,17.15,2.43,0.81
401,2.5,0.01,501,100000.0,17.15,2.43,0.81
402,2.5,0.01,502,100000.0,17.15,2.43,0.81
403,2.5,0.01,503,100000.0,17.15,2.43,0.81
404,2.5,0.01,504,100000.0,17.15,2.43,0.81
405,2.5,0.01,505,100000.0,17.15,2.43,0.81
406,2.5,0.01,506,100000.0,17.15,2.43,0.81
407,2.5,0.01,507,100000.0,17.15,2.43,0.81
408,2.5,0.01,508,100000.0,17.15,2.43,0.81
409,2.5,0.01,509,100000.0,17.15,2.43,0.81
410,2.5,0.01,510,100000.0,17.15,2.43,0.81
411,2.5,0.01,511,100000.0,17.15,2.43,0.81
412,2.5,0.01,512,100000.0,17.15,2.43,0.81
413,2.5,0.01,513,100000.0,17.15,2.43,0.81
414,2.5,0.01,514,100000.0,17.15,2.43,0.81
415,2.5,0.01,515,100000.0,17.15,2.43,0.81
416,2.5,0.01,516,100000.0,17.15,2.43,0.81
417,2.5,0.01,517,100000.0,17.15,2.43,0.81
418,2.5,0.01,518,100000.0,17.15,2.43,0.81
419,2.5,0.01,519,100000.0,17.15,2.43,0.81
420,2.5,0.01,520,100000.0,17.15,2.43,0.81
421,2.5,0.01,521,100000.0,17.15,2.43,0.81
422,2.5,0.01,522,100000.0,17.15,2.43,0.81
423,2.5,0.01,523,100000.0,17.15,2.43,0.81
424,2.5,0.01,524,100000.0,17.15,2.43,0.81
425,2.5,0.01,525,100000.0,17.15,2.43,0.81
426,2.5,0.01,526,100000.0,17.15,2.43,0.81
427,2.5,0.01,527,100000.0,17.15,2.43,0.81
428,2.5,0.01,528,100000.0,17.15,2.43,0.81
429,2.5,0.01,529,100000.0,17.15,2.43,0.81
430,2.5,0.01,530,100000.0,17.15,2.43,0.81
431,2.5,0.01,531,100000.0,17.15,2.43,0.81
432,2.5,0.01,532,100000.0,17.15,2.43,0.81
433,2.5,0.01,533,100000.0,17.15,2.43,0.81
434,2.5,0.01,534,100000.0,17.15,2.43,0.81
435,2.5,0.01,535,100000.0,17.15,2.43,0.81
436,2.5,0.01,536,100000.0,17.15,2.43,0.81
437,2.5,0.01,537,100000.0,17.15,2.43,0.81
438,2.5,0.01,538,100000.0,17.15,2.43,0.81
439,2.5,0.01,539,100000.0,17.15,2.43,0.81
440,2.5,0.01,540,100000.0,17.15,2.43,0.81
441,2.5,0.01,541,100000.0,17.15,2.43,0.81
442,2.5,0.01,542,100000.0,17.15,2.43,0.81
443,2.5,0.01,543,100000.0,17.15,2.43,0.81
444,2.5,0.01,544,100000.0,17.15,2.43,0.81
445,2.5,0.01,545,100000.0,17.15,2.43,0.81
446,2.5,0.01,546,100000.0,17.15,2.43,0.81
447,2.5,0.01,547,100000.0,17.15,2.43,0.81
448,2.5,0.01,548,100000.0,17.15,2.43,0.81
449,2.5,0.01,549,100000.0,17.15,2.43,0.81
450,2.5,0.01,550,100000.0,17.15,2.43,0.81
451,2.5,0.01,551,100000.0,17.15,2.43,0.81
452,2.5,0.01,552,100000.0,17.15,2.43,0.81
453,2.5,0.01,553,100000.0,17.15,2.43,0.81
454,2.5,0.01,554,100000.0,17.15,2.43,0.81
455,2.5,0.01,555,100000.0,17.15,2.43,0.81
456,2.5,0.01,556,100000.0,17.15,2.43,0.81
457,2.5,0.01,557,100000.0,17.15,2.43,0.81
458,2.5,0.01,558,100000.0,17.15,2.43,0.81
459,2.5,0.01,559,100000.0,17.15,2.43,0.81
460,2.5,0.01,560,100000.0,17.15,2.43,0.81
461,2.5,0.01,561,100000.0,17.15,2.43,0.81
462,2.5,0.01,562,100000.0,17.15,2.43,0.81
463,2.5,0.01,563,100000.0,17.15,2.43,0.81
464,2.5,0.01,564,100000.0,17.15,2.43,0.81
465,2.5,0.01,565,100000.0,17.15,2.43,0.81
466,2.5,0.01,566,100000.0,17.15,2.43,0.81
467,2.5,0.01,567,100000.0,17.15,2.43,0.81
468,2.5,0.01,568,100000.0,17.15,2.43,0.81
469,2.5,0.01,569,100000.0,17.15,2.43,0.81
470,2.5,0.01,570,100000.0,17.15,2.43,0.81
471,2.5,0.01,571,100000.0,17.15,2.43,0.81
472,2.5,0.01,572,100000.0,17.15,2.43,0.81
473,2.5,0.01,573,100000.0,17.15,2.43,0.81
474,2.5,0.01,574,100000.0,17.15,2.43,0.81
475,2.5,0.01,575,100000.0,17.15,2.43,0.81
476,2.5,0.01,576,100000.0,17.15,2.43,0.81
477,2.5,0.01,577,100000.0,17.15,2.43,0.81
478,2.5,0.01,578,100000.0,17.15,2.43,0.81
479,2.5,0.01,579,100000.0,17.15,2.43,0.81
480,2.5,0.01,580,100000.0,17.15,2.43,0.81
481,2.5,0.01,581,100000.0,17.15,2.43,0.81
482,2.5,0.01,582,100000.0,17.15,2.43,0.81
483,2.5,0.01,583,100000.0,17.15,2.43,0.81
484,2.5,0.01,584,100000.0,17.15,2.43,0.81
485,2.5,0.01,585,100000.0,17.15,2.43,0.81
486,2.5,0.01,586,100000.0,17.15,2.43,0.81
487,2.5,0.01,587,100000.0,17.15,2.43,0.81
488,2.5,0.01,588,100000.0,17.15,2.43,0.81
489,2.5,0.01,589,100000.0,17.15,2.43,0.81
490,2.5,0.01,590,100000.0,17.15,2.43,0.81
491,2.5,0.01,591,100000.0,17.15,2.43,0.81
492,2.5,0.01,592,100000.0,17.15,2.43,0.81
493,2.5,0.01,593,100000.0,17.15,2.43,0.81
494,2.5,0.01,594,100000.0,17.15,2.43,0.81
495,2.5,0.01,595,100000.0,17.15,2.43,0.81
496,2.5,0.01,596,100000.0,17.15,2.43,0.81
497,2.5,0.01,597,100000.0,17.15,2.43,0.81
498,2.5,0.01,598,100000.0,17.15,2.43,0.81
499,2.5,0.01,599,100000.0,17.15,2.43,0.81
500,2.5,0.01,600,100000.0,17.15,2.43,0.81
501,2.5,0.01,601,100000.0,17.15,2.43,0.81
502,2.5,0.01,602,100000.0,17.15,2.43,0.81
503,2.5,0.01,603,100000.0,17.15,2.43,0.81
504,2.5,0.01,604,100000.0,17.15,2.43,0.81
505,2.5,0.01,605,100000.0,17.15,2.43,0.81
506,2.5,0.01,606,100000.0,17.15,2.43,0.81
507,2.5,0.01,607,100000.0,17.15,2.43,0.81
508,2.5,0.01,608,100000.0,17.15,2.43,0.81
509,2.5,0.01,609,100000.0,17.15,2.43,0.81
510,2.5,0.01,610,100000.0,17.15,2.43,0.81
511,2.5,0.01,611,100000.0,17.15,2.43,0.81
512,2.5,0.01,612,100000.0,17.15,2.43,0.81
513,2.5,0.01,613,100000.0,17.15,2.43,0.81
514,2.5,0.01,614,100000.0,17.15,2.43,0.81
515,2.5,0.01,615,100000.0,17.15,2.43,0.81
516,2.5,0.01,616,100000.0,17.15,2.43,0.81
517,2.5,0.01,617,100000.0,17.15,2.43,0.81
518,2.5,0.01,618,100000.0,17.15,2.43,0.81
519,2.5,0.01,619,100000.0,17.15,2.43,0.81
520,2.5,0.01,620,100000.0,17.15,2.43,0.81
521,2.5,0.01,621,100000.0,17.15,2.43,0.81
522,2.5,0.01,622,100000.0,17.15,2.43,0.81
523,2.5,0.01,623,100000.0,17.15,2.43,0.81
524,2.5,0.01,624,100000.0,17.15,2.43,0.81
525,2.5,0.01,625,100000.0,17.15,2.43,0.81
526,2.5,0.01,626,100000.0,17.15,2.43,0.81
527,2.5,0.01,627,100000.0,17.15,2.43,0.81
528,2.5,0.01,628,100000.0,17.15,2.43,0.81
529,2.5,0.01,629,100000.0,17.15,2.43,0.81
530,2.5,0.01,630,100000.0,17.15,2.43,0.81
531,2.5,0.01,631,100000.0,17.15,2.43,0.81
532,2.5,0.01,632,100000.0,17.15,2.43,0.81
533,2.5,0.01,633,100000.0,17.15,2.43,0.81
534,2.5,0.01,634,100000.0,17.15,2.43,0.81
535,2.5,0.01,635,100000.0,17.15,2.43,0.81
536,2.5,0.01,636,100000.0,17.15,2.43,0.81
537,2.5,0.01,637,100000.0,17.15,2.43,0.81
538,2.5,0.01,638,100000.0,17.15,2.43,0.81
539,2.5,0.01,639,100000.0,17.15,2.43,0.81
540,2.5,0.01,640,100000.0,17.15,2.43,0.81
541,2.5,0.01,641,100000.0,17.15,2.43,0.81
542,2.5,0.01,642,100000.0,17.15,2.43,0.81
543,2.5,0.01,643,100000.0,17.15,2.43,0.81
544,2.5,0.01,644,100000.0,17.15,2.43,0.81
545,2.5,0.01,645,100000.0,17.15,2.43,0.81
546,2.5,0.01,646,100000.0,17.15,2.43,0.81
547,2.5,0.01,647,100000.0,17.15,2.43,0.81
548,2.5,0.01,648,100000.0,17.15,2.43,0.81
549,2.5,0.01,649,100000.0,17.15,2.43,0.81
550,2.5,0.01,650,100000.0,17.15,2.43,0.81
551,2.5,0.01,651,100000.0,17.15,2.43,0.81
552,2.5,0.01,652,100000.0,17.15,2.43,0.81
553,2.5,0.01,653,100000.0,17.15,2.43,0.81
554,2.5,0.01,654,100000.0,17.15,2.43,0.81
555,2.5,0.01,655,100000.0,17.15,2.43,0.81
556,2.5,0.01,656,100000.0,17.15,2.43,0.81
557,2.5,0.01,657,100000.0,17.15,2.43,0.81
558,2.5,0.01,658,100000.0,17.15,2.43,0.81
559,2.5,0.01,659,100000.0,17.15,2.43,0.81
560,2.5,0.01,660,100000.0,17.15,2.43,0.81
561,2.5,0.01,661,100000.0,17.15,2.43,0.81
562,2.5,0.01,662,100000.0,17.15,2.43,0.81
563,2.5,0.01,663,100000.0,17.15,2.43,0.81
564,2.5,0.01,664,100000.0,17.15,2.43,0.81
565,2.5,0.01,665,100000.0,17.15,2.43,0.81
566,2.5,0.01,666,100000.0,17.15,2.43,0.81
567,2.5,0.01,667,100000.0,17.15,2.43,0.81
568,2.5,0.01,668,100000.0,17.15,2.43,0.81
569,2.5,0.01,669,100000.0,17.15,2.43,0.81
570,2.5,0.01,670,100000.0,17.15,2.43,0.81
571,2.5,0.01,671,100000.0,17.15,2.43,0.81
572,2.5,0.01,672,100000.0,17.15,2.43,0.81
573,2.5,0.01,673,100000.0,17.15,2.43,0.81
574,2.5,0.01,674,100000.0,17.15,2.43,0.81
575,2.5,0.01,675,100000.0,17.15,2.43,0.81
576,2.5,0.01,676,100000.0,17.15,2.43,0.81
577,2.5,0.01,677,100000.0,17.15,2.43,0.81
578,2.5,0.01,678,100000.0,17.15,2.43,0.81
579,2.5,0.01,679,100000.0,17.15,2.43,0.81
580,2.5,0.01,680,100000.0,17.15,2.43,0.81
581,2.5,0.01,681,100000.0,17.15,2.43,0.81
582,2.5,0.01,682,100000.0,17.15,2.43,0.81
583,2.5,0.01,683,100000.0,17.15,2.43,0.81
584,2.5,0.01,684,100000.0,17.15,2.43,0.81
585,2.5,0.01,685,100000.0,17.15,2.43,0.81
586,2.5,0.01,686,100000.0,17.15,2.43,0.81
587,2.5,0.01,687,100000.0,17.15,2.43,0.81
588,2.5,0.01,688,100000.0,17.15,2.43,0.81
589,2.5,0.01,689,100000.0,17.15,2.43,0.81
590,2.5,0.01,690,100000.0,17.15,2.43,0.81
591,2.5,0.01,691,100000.0,17.15,2.43,0.81
592,2.5,0.01,692,100000.0,17.15,2.43,0.81
593,2.5,0.01,693,100000.0,17.15,2.43,0.81
594,2.5,0.01,694,100000.0,17.15,2.43,0.81
595,2.5,0.01,695,100000.0,17.15,2.43,0.81
596,2.5,0.01,696,100000.0,17.15,2.43,0.81
597,2.5,0.01,697,100000.0,17.15,2.43,0.81
598,2.5,0.01,698,100000.0,17.15,2.43,0.81
599,2.5,0.01,699,100000.0,17.15,2.43,0.81
600,2.5,0.01,700,100000.0,17.15,2.43,0.81
601,2.5,0.01,701,100000.0,17.15,2.43,0.81
602,2.5,0.01,702,100000.0,17.15,2.43,0.81
603,2.5,0.01,703,100000.0,17.15,2.43,0.81
604,2.5,0.01,704,100000.0,17.15,2.43,0.81
605,2.5,0.01,705,100000.0,17.15,2.43,0.81
606,2.5,0.01,706,100000.0,17.15,2.43,0.81
607,2.5,0.01,707,100000.0,17.15,2.43,0.81
608,2.5,0.01,708,100000.0,17.15,2.43,0.81
609,2.5,0.01,709,100000.0,17.15,2.43,0.81
610,2.5,0.01,710,100000.0,17.15,2.43,0.81
611,2.5,0.01,711,100000.0,17.15,2.43,0.81
612,2.5,0.01,712,100000.0,17.15,2.43,0.81
613,2.5,0.01,713,100000.0,17.15,2.43,0.81
614,2.5,0.01,714,100000.0,17.15,2.43,0.81
615,2.5,0.01,715,100000.0,17.15,2.43,0.81
616,2.5,0.01,716,100000.0,17.15,2.43,0.81
617,2.5,0.01,717,100000.0,17.15,2.43,0.81
618,2.5,0.01,718,100000.0,17.15,2.43,0.81
619,2.5,0.01,719,100000.0,17.15,2.43,0.81
620,2.5,0.01,720,100000.0,17.15,2.43,0.81
621,2.5,0.01,721,100000.0,17.15,2.43,0.81
622,2.5,0.01,722,100000.0,17.15,2.43,0.81
623,2.5,0.01,723,100000.0,17.15,2.43,0.81
624,2.5,0.01,724,100000.0,17.15,2.43,0.81
625,2.5,0.01,725,100000.0,17.15,2.43,0.81
626,2.5,0.01,726,100000.0,17.15,2.43,0.81
627,2.5,0.01,727,100000.0,17.15,2.43,0.81
628,2.5,0.01,728,100000.0,17.15,2.43,0.81
629,2.5,0.01,729,100000.0,17.15,2.43,0.81
630,2.5,0.01,730,100000.0,17.15,2.43,0.81
631,2.5,0.01,731,100000.0,17.15,2.43,0.81
632,2.5,0.01,732,100000.0,17.15,2.43,0.81
633,2.5,0.01,733,100000.0,17.15,2.43,0.81
634,2.5,0.01,734,100000.0,17.15,2.43,0.81
635,2.5,0.01,735,100000.0,17.15,2.43,0.81
636,2.5,0.01,736,100000.0,17.15,2.43,0.81
637,2.5,0.01,737,100000.0,17.15,2.43,0.81
638,2.5,0.01,738,100000.0,17.15,2.43,0.81
639,2.5,0.01,739,100000.0,17.15,2.43,0.81
640,2.5,0.01,740,100000.0,17.15,2.43,0.81
641,2.5,0.01,741,100000.0,17.15,2.43,0.81
642,2.5,0.01,742,100000.0,17.15,2.43,0.81
643,2.5,0.01,743,100000.0,17.15,2.43,0.81
644,2.5,0.01,744,100000.0,17.15,2.43,0.81
645,2.5,0.01,745,100000.0,17.15,2.43,0.81
646,2.5,0.01,746,100000.0,17.15,2.43,0.81
647,2.5,0.01,747,100000.0,17.15,2.43,0.81
648,2.5,0.01,748,100000.0,17.15,2.43,0.81
649,2.5,0.01,749,100000.0,17.15,2.43,0.81
650,2.5,0.01,750,100000.0,17.15,2.43,0.81
651,2.5,0.01,751,100000.0,17.15,2.43,0.81
652,2.5,0.01,752,100000.0,17.15,2.43,0.81
653,2.5,0.01,753,100000.0,17.15,2.43,0.81
654,2.5,0.01,754,100000.0,17.15,2.43,0.81
655,2.5,0.01,755,100000.0,17.15,2.43,0.81
656,2.5,0.01,756,100000.0,17.15,2.43,0.81
657,2.5,0.01,757,100000.0,17.15,2.43,0.81
658,2.5,0.01,758,100000.0,17.15,2.43,0.81
659,2.5,0.01,759,100000.0,17.15,2.43,0.81
660,2.5,0.01,760,100000.0,17.15,2.43,0.81
661,2.5,0.01,761,100000.0,17.15,2.43,0.81
662,2.5,0.01,762,100000.0,17.15,2.43,0.81
663,2.5,0.01,763,100000.0,17.15,2.43,0.81
664,2.5,0.01,764,100000.0,17.15,2.43,0.81
665,2.5,0.01,765,100000.0,17.15,2.43,0.81
666,2.5,0.01,766,100000.0,17.15,2.43,0.81
667,2.5,0.01,767,100000.0,17.15,2.43,0.81
668,2.5,0.01,768,100000.0,17.15,2.43,0.81
669,2.5,0.01,769,100000.0,17.15,2.43,0.81
670,2.5,0.01,770,100000.0,17.15,2.43,0.81
671,2.5,0.01,771,100000.0,17.15,2.43,0.81
672,2.5,0.01,772,100000.0,17.15,2.43,0.81
673,2.5,0.01,773,100000.0,17.15,2.43,0.81
674,2.5,0.01,774,100000.0,17.15,2.43,0.81
675,2.5,0.01,775,100000.0,17.15,2.43,0.81
676,2.5,0.01,776,100000.0,17.15,2.43,0.81
677,2.5,0.01,777,100000.0,17.15,2.43,0.81
678,2.5,0.01,778,100000.0,17.15,2.43,0.81
679,2.5,0.01,779,100000.0,17.15,2.43,0.81
680,2.5,0.01,780,100000.0,17.15,2.43,0.81
681,2.5,0.01,781,100000.0,17.15,2.43,0.81
682,2.5,0.01,782,100000.0,17.15,2.43,0.81
683,2.5,0.01,783,100000.0,17.15,2.43,0.81
684,2.5,0.01,784,100000.0,17.15,2.43,0.81
685,2.5,0.01,785,100000.0,17.15,2.43,0.81
686,2.5,0.01,786,100000.0,17.15,2.43,0.81
687,2.5,0.01,787,100000.0,17.15,2.43,0.81
688,2.5,0.01,788,100000.0,17.15,2.43,0.81
689,2.5,0.01,789,100000.0,17.15,2.43,0.81
690,2.5,0.01,790,100000.0,17.15,2.43,0.81
691,2.5,0.01,791,100000.0,17.15,2.43,0.81
692,2.5,0.01,792,100000.0,17.15,2.43,0.81
693,2.5,0.01,793,100000.0,17.15,2.43,0.81
694,2.5,0.01,794,100000.0,17.15,2.43,0.81
695,2.5,0.01,795,100000.0,17.15,2.43,0.81
696,2.5,0.01,796,100000.0,17.15,2.43,0.81
697,2.5,0.01,797,100000.0,17.15,2.43,0.81
698,2.5,0.01,798,100000.0,17.15,2.43,0.81
699,2.5,0.01,799,100000.0,17.15,2.43,0.81
700,2.5,0.01,800,100000.0,17.15,2.43,0.81
701,2.5,0.01,801,100000.0,17.15,2.43,0.81
702,2.5,0.01,802,100000.0,17.15,2.43,0.81
703,2.5,0.01,803,100000.0,17.15,2.43,0.81
704,2.5,0.01,804,100000.0,17.15,2.43,0.81
705,2.5,0.01,805,100000.0,17.15,2.43,0.81
706,2.5,0.01,806,100000.0,17.15,2.43,0.81
707,2.5,0.01,807,100000.0,17.15,2.43,0.81
708,2.5,0.01,808,100000.0,17.15,2.43,0.81
709,2.5,0.01,809,100000.0,17.15,2.43,0.81
710,2.5,0.01,810,100000.0,17.15,2.43,0.81
711,2.5,0.01,811,100000.0,17.15,2.43,0.81
712,2.5,0.01,812,100000.0,17.15,2.43,0.81
713,2.5,0.01,813,100000.0,17.15,2.43,0.81
714,2.5,0.01,814,100000.0,17.15,2.43,0.81
715,2.5,0.01,815,100000.0,17.15,2.43,0.81
716,2.5,0.01,816,100000.0,17.15,2.43,0.81
717,2.5,0.01,817,100000.0,17.15,2.43,0.81
718,2.5,0.01,818,100000.0,17.15,2.43,0.81
719,2.5,0.01,819,100000.0,17.15,2.43,0.81
720,2.5,0.01,820,100000.0,17.15,2.43,0.81
721,2.5,0.01,821,100000.0,17.15,2.43,0.81
722,2.5,0.01,822,100000.0,17.15,2.43,0.81
723,2.5,0.01,823,100000.0,17.15,2.43,0.81
724,2.5,0.01,824,100000.0,17.15,2.43,0.81
725,2.5,0.01,825,100000.0,17.15,2.43,0.81
726,2.5,0.01,826,100000.0,17.15,2.43,0.81
727,2.5,0.01,827,100000.0,17.15,2.43,0.81
728,2.5,0.01,828,100000.0,17.15,2.43,0.81
729,2.5,0.01,829,100000.0,17.15,2.43,0.81
730,2.5,0.01,830,100000.0,17.15,2.43,0.81
731,2.5,0.01,831,100000.0,17.15,2.43,0.81
732,2.5,0.01,832,100000.0,17.15,2.43,0.81
733,2.5,0.01,833,100000.0,17.15,2.43,0.81
734,2.5,0.01,834,100000.0,17.15,2.43,0.81
735,2.5,0.01,835,100000.0,17.15,2.43,0.81
736,2.5,0.01,836,100000.0,17.15,2.43,0.81
737,2.5,0.01,837,100000.0,17.15,2.43,0.81
738,2.5,0.01,838,100000.0,17.15,2.43,0.81
739,2.5,0.01,839,100000.0,17.15,2.43,0.81
740,2.5,0.01,840,100000.0,17.15,2.43,0.81
741,2.5,0.01,841,100000.0,17.15,2.43,0.81
742,2.5,0.01,842,100000.0,17.15,2.43,0.81
743,2.5,0.01,843,100000.0,17.15,2.43,0.81
744,2.5,0.01,844,100000.0,17.15,2.43,0.81
745,2.5,0.01,845,100000.0,17.15,2.43,0.81
746,2.5,0.01,846,100000.0,17.15,2.43,0.81
747,2.5,0.01,847,100000.0,17.15,2.43,0.81
748,2.5,0.01,848,100000.0,17.15,2.43,0.81
749,2.5,0.01,849,100000.0,17.15,2.43,0.81
750,2.5,0.01,850,100000.0,17.15,2.43,0.81
751,2.5,0.01,851,100000.0,17.15,2.43,0.81
752,2.5,0.01,852,100000.0,17.15,2.43,0.81
753,2.5,0.01,853,100000.0,17.15,2.43,0.81
754,2.5,0.01,854,100000.0,17.15,2.43,0.81
755,2.5,0.01,855,100000.0,17.15,2.43,0.81
756,2.5,0.01,856,100000.0,17.15,2.43,0.81
757,2.5,0.01,857,100000.0,17.15,2.43,0.81
758,2.5,0.01,858,100000.0,17.15,2.43,0.81
759,2.5,0.01,859,100000.0,17.15,2.43,0.81
760,2.5,0.01,860,100000.0,17.15,2.43,0.81
761,2.5,0.01,861,100000.0,17.15,2.43,0.81
762,2.5,0.01,862,100000.0,17.15,2.43,0.81
763,2.5,0.01,863,100000.0,17.15,2.43,0.81
764,2.5,0.01,864,100000.0,17.15,2.43,0.81
765,2.5,0.01,865,100000.0,17.15,2.43,0.81
766,2.5,0.01,866,100000.0,17.15,2.43,0.81
767,2.5,0.01,867,100000.0,17.15,2.43,0.81
768,2.5,0.01,868,100000.0,17.15,2.43,0.81
769,2.5,0.01,869,100000.0,17.15,2.43,0.81
770,2.5,0.01,870,100000.0,17.15,2.43,0.81
771,2.5,0.01,871,100000.0,17.15,2.43,0.81
772,2.5,0.01,872,100000.0,17.15,2.43,0.81
773,2.5,0.01,873,100000.0,17.15,2.43,0.81
774,2.5,0.01,874,100000.0,17.15,2.43,0.81
775,2.5,0.01,875,100000.0,17.15,2.43,0.81
776,2.5,0.01,876,100000.0,17.15,2.43,0.81
777,2.5,0.01,877,100000.0,17.15,2.43,0.81
778,2.5,0.01,878,100000.0,17.15,2.43,0.81
779,2.5,0.01,879,100000.0,17.15,2.43,0.81
780,2.5,0.01,880,100000.0,17.15,2.43,0.81
781,2.5,0.01,881,100000.0,17.15,2.43,0.81
782,2.5,0.01,882,100000.0,17.15,2.43,0.81
783,2.5,0.01,883,100000.0,17.15,2.43,0.81
784,2.5,0.01,884,100000.0,17.15,2.43,0.81
785,2.5,0.01,885,100000.0,17.15,2.43,0.81
786,2.5,0.01,886,100000.0,17.15,2.43,0.81
787,2.5,0.01,887,100000.0,17.15,2.43,0.81
788,2.5,0.01,888,100000.0,17.15,2.43,0.81
789,2.5,0.01,889,100000.0,17.15,2.43,0.81
790,2.5,0.01,890,100000.0,17.15,2.43,0.81
791,2.5,0.01,891,100000.0,17.15,2.43,0.81
792,2.5,0.01,892,100000.0,17.15,2.43,0.81
793,2.5,0.01,893,100000.0,17.15,2.43,0.81
794,2.5,0.01,894,100000.0,17.15,2.43,0.81
795,2.5,0.01,895,100000.0,17.15,2.43,0.81
796,2.5,0.01,896,100000.0,17.15,2.43,0.81
797,2.5,0.01,897,100000.0,17.15,2.43,0.81
798,2.5,0.01,898,100000.0,17.15,2.43,0.81
799,2.5,0.01,899,100000.0,17.15,2.43,0.81
800,2.5,0.01,900,100000.0,17.15,2.43,0.81
801,2.5,0.01,901,100000.0,17.15,2.43,0.81
802,2.5,0.01,902,100000.0,17.15,2.43,0.81
803,2.5,0.01,903,100000.0,17.15,2.43,0.81
804,2.5,0.01,904,100000.0,17.15,2.43,0.81
805,2.5,0.01,905,100000.0,17.15,2.43,0.81
806,2.5,0.01,906,100000.0,17.15,2.43,0.81
807,2.5,0.01,907,100000.0,17.15,2.43,0.81
808,2.5,0.01,908,100000.0,17.15,2.43,0.81
809,2.5,0.01,909,100000.0,17.15,2.43,0.81
810,2.5,0.01,910,100000.0,17.15,2.43,0.81
811,2.5,0.01,911,100000.0,17.15,2.43,0.81
812,2.5,0.01,912,100000.0,17.15,2.43,0.81
813,2.5,0.01,913,100000.0,17.15,2.43,0.81
814,2.5,0.01,914,100000.0,17.15,2.43,0.81
815,2.5,0.01,915,100000.0,17.15,2.43,0.81
816,2.5,0.01,916,100000.0,17.15,2.43,0.81
817,2.5,0.01,917,100000.0,17.15,2.43,0.81
818,2.5,0.01,918,100000.0,17.15,2.43,0.81
819,2.5,0.01,919,100000.0,17.15,2.43,0.81
820,2.5,0.01,920,100000.0,17.15,2.43,0.81
821,2.5,0.01,921,100000.0,17.15,2.43,0.81
822,2.5,0.01,922,100000.0,17.15,2.43,0.81
823,2.5,0.01,923,100000.0,17.15,2.43,0.81
824,2.5,0.01,924,100000.0,17.15,2.43,0.81
825,2.5,0.01,925,100000.0,17.15,2.43,0.81
826,2.5,0.01,926,100000.0,17.15,2.43,0.81
827,2.5,0.01,927,100000.0,17.15,2.43,0.81
828,2.5,0.01,928,100000.0,17.15,2.43,0.81
829,2.5,0.01,929,100000.0,17.15,2.43,0.81
830,2.5,0.01,930,100000.0,17.15,2.43,0.81
831,2.5,0.01,931,100000.0,17.15,2.43,0.81
832,2.5,0.01,932,100000.0,17.15,2.43,0.81
833,2.5,0.01,933,100000.0,17.15,2.43,0.81
834,2.5,0.01,934,100000.0,17.15,2.43,0.81
835,2.5,0.01,935,100000.0,17.15,2.43,0.81
836,2.5,0.01,936,100000.0,17.15,2.43,0.81
837,2.5,0.01,937,100000.0,17.15,2.43,0.81
838,2.5,0.01,938,100000.0,17.15,2.43,0.81
839,2.5,0.01,939,100000.0,17.15,2.43,0.81
840,2.5,0.01,940,100000.0,17.15,2.43,0.81
841,2.5,0.01,941,100000.0,17.15,2.43,0.81
842,2.5,0.01,942,100000.0,17.15,2.43,0.81
843,2.5,0.01,943,100000.0,17.15,2.43,0.81
844,2.5,0.01,944,100000.0,17.15,2.43,0.81
845,2.5,0.01,945,100000.0,17.15,2.43,0.81
846,2.5,0.01,946,100000.0,17.15,2.43,0.81
847,2.5,0.01,947,100000.0,17.15,2.43,0.81
848,2.5,0.01,948,100000.0,17.15,2.43,0.81
849,2.5,0.01,949,100000.0,17.15,2.43,0.81
850,2.5,0.01,950,100000.0,17.15,2.43,0.81
851,2.5,0.01,951,100000.0,17.15,2.43,0.81
852,2.5,0.01,952,100000.0,17.15,2.43,0.81
853,2.5,0.01,953,100000.0,17.15,2.43,0.81
854,2.5,0.01,954,100000.0,17.15,2.43,0.81
855,2.5,0.01,955,100000.0,17.15,2.43,0.81
856,2.5,0.01,956,100000.0,17.15,2.43,0.81
857,2.5,0.01,957,100000.0,17.15,2.43,0.81
858,2.5,0.01,958,100000.0,17.15,2.43,0.81
859,2.5,0.01,959,100000.0,17.15,2.43,0.81
860,2.5,0.01,960,100000.0,17.15,2.43,0.81
861,2.5,0.01,961,100000.0,17.15,2.43,0.81
862,2.5,0.01,962,100000.0,17.15,2.43,0.81
863,2.5,0.01,963,100000.0,17.15,2.43,0.81
864,2.5,0.01,964,100000.0,17.15,2.43,0.81
865,2.5,0.01,965,100000.0,17.15,2.43,0.81
866,2.5,0.01,966,100000.0,17.15,2.43,0.81
867,2.5,0.01,967,100000.0,17.15,2.43,0.81
868,2.5,0.01,968,100000.0,17.15,2.43,0.81
869,2.5,0.01,969,100000.0,17.15,2.43,0.81
870,2.5,0.01,970,100000.0,17.15,2.43,0.81
871,2.5,0.01,971,100000.0,17.15,2.43,0.81
872,2.5,0.01,972,100000.0,17.15,2.43,0.81
873,2.5,0.01,973,100000.0,17.15,2.43,0.81
874,2.5,0.01,974,100000.0,17.15,2.43,0.81
875,2.5,0.01,975,100000.0,17.15,2.43,0.81
876,2.5,0.01,976,100000.0,17.15,2.43,0.81
877,2.5,0.01,977,100000.0,17.15,2.43,0.81
878,2.5,0.01,978,100000.0,17.15,2.43,0.81
879,2.5,0.01,979,100000.0,17.15,2.43,0.81
880,2.5,0.01,980,100000.0,17.15,2.43,0.81
881,2.5,0.01,981,100000.0,17.15,2.43,0.81
882,2.5,0.01,982,100000.0,17.15,2.43,0.81
883,2.5,0.01,983,100000.0,17.15,2.43,0.81
884,2.5,0.01,984,100000.0,17.15,2.43,0.81
885,2.5,0.01,985,100000.0,17.15,2.43,0.81
886,2.5,0.01,986,100000.0,17.15,2.43,0.81
887,2.5,0.01,987,100000.0,17.15,2.43,0.81
888,2.5,0.01,988,100000.0,17.15,2.43,0.81
889,2.5,0.01,989,100000.0,17.15,2.43,0.81
890,2.5,0.01,990,100000.0,17.15,2.43,0.81
891,2.5,0.01,991,100000.0,17.15,2.43,0.81
892,2.5,0.01,992,100000.0,17.15,2.43,0.81
893,2.5,0.01,993,100000.0,17.15,2.43,0.81
894,2.5,0.01,994,100000.0,17.15,2.43,0.81
895,2.5,0.01,995,100000.0,17.15,2.43,0.81
896,2.5,0.01,996,100000.0,17.15,2.43,0.81
897,2.5,0.01,997,100000.0,17.15,2.43,0.81
898,2.5,0.01,998,100000.0,17.15,2.43,0.81
899,2.5,0.01,999,100000.0,17.15,2.43,0.81
