Energy1[eV],Photons1,Energy3[eV],Photons3,Energy5[eV],Photons5
756.231079,3.23E+15,2268.69312,1.75E+15,3781.15552,1.16E+15
765.056885,3.23E+15,2295.17065,1.74E+15,3825.28467,1.14E+15
773.88269,3.22E+15,2321.64795,1.73E+15,3869.41382,1.13E+15
782.708557,3.22E+15,2348.12549,1.72E+15,3913.54272,1.12E+15
791.534363,3.21E+15,2374.60303,1.71E+15,3957.67188,1.10E+15
800.360168,3.21E+15,2401.08032,1.70E+15,4001.80103,1.09E+15
809.185974,3.20E+15,2427.55786,1.68E+15,4045.93018,1.08E+15
818.011841,3.19E+15,2454.0354,1.67E+15,4090.05933,1.06E+15
826.837646,3.19E+15,2480.5127,1.66E+15,4134.18848,1.05E+15
835.663452,3.18E+15,2506.99023,1.65E+15,4178.31738,1.04E+15
844.489258,3.18E+15,2533.46777,1.64E+15,4222.44629,1.03E+15
853.315125,3.17E+15,2559.94531,1.63E+15,4266.57568,1.01E+15
862.14093,3.16E+15,2586.42261,1.62E+15,4310.70459,9.99E+14
870.966736,3.16E+15,2612.90015,1.60E+15,4354.83398,9.86E+14
879.792542,3.15E+15,2639.37744,1.59E+15,4398.96289,9.74E+14
888.618408,3.15E+15,2665.85498,1.58E+15,4443.09229,9.61E+14
897.444214,3.14E+15,2692.33252,1.57E+15,4487.22119,9.48E+14
906.27002,3.13E+15,2718.81006,1.56E+15,4531.3501,9.35E+14
915.095825,3.13E+15,2745.28735,1.55E+15,4575.47949,9.22E+14
923.921631,3.12E+15,2771.76489,1.53E+15,4619.6084,9.09E+14
932.747498,3.11E+15,2798.24243,1.52E+15,4663.7373,8.96E+14
941.573303,3.11E+15,2824.71973,1.51E+15,4707.8667,8.84E+14
950.399109,3.10E+15,2851.19727,1.50E+15,4751.99561,8.71E+14
959.224976,3.09E+15,2877.6748,1.49E+15,4796.125,8.58E+14
968.050781,3.09E+15,2904.1521,1.47E+15,4840.25391,8.46E+14
976.876587,3.08E+15,2930.62964,1.46E+15,4884.38281,8.33E+14
985.702393,3.07E+15,2957.10693,1.45E+15,4928.51221,8.21E+14
994.528198,3.06E+15,2983.58447,1.44E+15,4972.6416,8.09E+14
1003.35406,3.06E+15,3010.06201,1.42E+15,5016.77051,7.96E+14
1012.17987,3.05E+15,3036.53955,1.41E+15,5060.89941,7.84E+14
1021.00574,3.04E+15,3063.01685,1.40E+15,5105.02881,7.72E+14
1029.83154,3.03E+15,3089.49438,1.39E+15,5149.15771,7.60E+14
1038.65735,3.03E+15,3115.97192,1.37E+15,5193.28662,7.48E+14
1047.48315,3.02E+15,3142.44922,1.36E+15,5237.41602,7.36E+14
1056.30896,3.01E+15,3168.92676,1.35E+15,5281.54492,7.24E+14
1065.13477,3.00E+15,3195.4043,1.34E+15,5325.67383,7.12E+14
1073.96057,3.00E+15,3221.88184,1.33E+15,5369.80322,7.00E+14
1082.78638,2.99E+15,3248.35913,1.31E+15,5413.93262,6.89E+14
1091.6123,2.98E+15,3274.83667,1.30E+15,5458.06152,6.77E+14
1100.43811,2.97E+15,3301.31396,1.29E+15,5502.19043,6.65E+14
1109.26392,2.96E+15,3327.7915,1.28E+15,5546.31934,6.54E+14
1118.08972,2.96E+15,3354.26904,1.26E+15,5590.44873,6.43E+14
1126.91553,2.95E+15,3380.74658,1.25E+15,5634.57764,6.31E+14
1135.74133,2.94E+15,3407.22388,1.24E+15,5678.70703,6.20E+14
1144.56714,2.93E+15,3433.70142,1.23E+15,5722.83594,6.09E+14
1153.39294,2.92E+15,3460.17871,1.21E+15,5766.96533,5.98E+14
1162.21887,2.91E+15,3486.65625,1.20E+15,5811.09424,5.87E+14
1171.04468,2.91E+15,3513.13379,1.19E+15,5855.22363,5.76E+14
1179.87048,2.90E+15,3539.61133,1.18E+15,5899.35254,5.66E+14
1188.69629,2.89E+15,3566.08887,1.16E+15,5943.48145,5.55E+14
1197.52209,2.88E+15,3592.56592,1.15E+15,5987.61035,5.45E+14
1206.3479,2.87E+15,3619.04346,1.14E+15,6031.73975,5.34E+14
1215.17371,2.86E+15,3645.521,1.13E+15,6075.86865,5.24E+14
1223.99951,2.85E+15,3671.99854,1.11E+15,6119.99805,5.14E+14
1232.82544,2.84E+15,3698.47607,1.10E+15,6164.12695,5.04E+14
1241.65112,2.83E+15,3724.95361,1.09E+15,6208.25586,4.94E+14
1250.47705,2.82E+15,3751.43091,1.08E+15,6252.38525,4.84E+14
1259.30286,2.81E+15,3777.90845,1.06E+15,6296.51465,4.74E+14
1268.12866,2.81E+15,3804.38574,1.05E+15,6340.64355,4.64E+14
1276.95459,2.80E+15,3830.86328,1.04E+15,6384.77246,4.55E+14
1285.78027,2.79E+15,3857.34082,1.03E+15,6428.90186,4.45E+14
1294.6062,2.78E+15,3883.81836,1.01E+15,6473.03076,4.36E+14
1303.43188,2.77E+15,3910.29565,1.00E+15,6517.16016,4.27E+14
1312.25781,2.76E+15,3936.77319,9.89E+14,6561.28906,4.18E+14
1321.0835,2.75E+15,3963.25049,9.77E+14,6605.41797,4.09E+14
1329.90942,2.74E+15,3989.72803,9.65E+14,6649.54688,4.00E+14
1338.73523,2.73E+15,4016.20557,9.53E+14,6693.67627,3.91E+14
1347.56104,2.72E+15,4042.68286,9.41E+14,6737.80566,3.82E+14
1356.38684,2.71E+15,4069.1604,9.29E+14,6781.93457,3.74E+14
1365.21265,2.70E+15,4095.6377,9.17E+14,6826.06348,3.65E+14
1374.03857,2.69E+15,4122.11523,9.05E+14,6870.19238,3.57E+14
1382.86426,2.68E+15,4148.59277,8.93E+14,6914.32178,3.49E+14
1391.69019,2.67E+15,4175.07031,8.81E+14,6958.45068,3.41E+14
1400.51599,2.66E+15,4201.54785,8.69E+14,7002.58008,3.33E+14
1409.3418,2.65E+15,4228.02539,8.57E+14,7046.70898,3.25E+14
1418.16772,2.63E+15,4254.50293,8.45E+14,7090.83838,3.17E+14
1426.99341,2.62E+15,4280.98047,8.34E+14,7134.96729,3.09E+14
1435.81934,2.61E+15,4307.45752,8.22E+14,7179.09668,3.02E+14
1444.64502,2.60E+15,4333.93506,8.10E+14,7223.22559,2.94E+14
1453.47095,2.59E+15,4360.4126,7.99E+14,7267.35449,2.87E+14
1462.29663,2.58E+15,4386.89014,7.87E+14,7311.4834,2.80E+14
1471.12256,2.57E+15,4413.36719,7.76E+14,7355.61279,2.73E+14
1479.94836,2.56E+15,4439.84473,7.64E+14,7399.74219,2.66E+14
1488.77417,2.55E+15,4466.32227,7.53E+14,7443.87109,2.59E+14
1497.59998,2.54E+15,4492.7998,7.42E+14,7488,2.52E+14
1506.42578,2.52E+15,4519.27734,7.31E+14,7532.12891,2.46E+14
1515.25171,2.51E+15,4545.75488,7.19E+14,7576.2583,2.39E+14
1524.07739,2.50E+15,4572.23242,7.08E+14,7620.38721,2.33E+14
1532.90332,2.49E+15,4598.70996,6.97E+14,7664.5166,2.26E+14
1541.72913,2.48E+15,4625.1875,6.86E+14,7708.64551,2.20E+14
1550.55493,2.47E+15,4651.66455,6.75E+14,7752.7749,2.14E+14
1559.38074,2.45E+15,4678.14209,6.64E+14,7796.9043,2.08E+14
1568.20654,2.44E+15,4704.61914,6.54E+14,7841.0332,2.02E+14
1577.03235,2.43E+15,4731.09668,6.43E+14,7885.16211,1.97E+14
1585.85815,2.42E+15,4757.57422,6.32E+14,7929.29102,1.91E+14
1594.68408,2.41E+15,4784.05176,6.22E+14,7973.41992,1.85E+14
1603.50977,2.39E+15,4810.5293,6.11E+14,8017.5498,1.80E+14
1612.33569,2.38E+15,4837.00684,6.01E+14,8061.67871,1.75E+14
1621.1615,2.37E+15,4863.48438,5.90E+14,8105.80762,1.70E+14
1629.9873,2.36E+15,4889.96191,5.80E+14,8149.93652,1.64E+14
1638.81311,2.35E+15,4916.43896,5.70E+14,8194.06543,1.59E+14
1647.63892,2.33E+15,4942.91699,5.60E+14,8238.19434,1.55E+14
1656.46472,2.32E+15,4969.39404,5.50E+14,8282.32422,1.50E+14
1665.29053,2.31E+15,4995.87158,5.40E+14,8326.45312,1.45E+14
1674.11646,2.29E+15,5022.34863,5.30E+14,8370.58203,1.41E+14
1682.94214,2.28E+15,5048.82666,5.20E+14,8414.71094,1.36E+14
1691.76807,2.27E+15,5075.30371,5.10E+14,8458.84082,1.32E+14
1700.59375,2.26E+15,5101.78125,5.01E+14,8502.96973,1.27E+14
1709.41968,2.24E+15,5128.25879,4.91E+14,8547.09863,1.23E+14
1718.24561,2.23E+15,5154.73633,4.81E+14,8591.22754,1.19E+14
1727.07129,2.22E+15,5181.21387,4.72E+14,8635.35645,1.15E+14
1735.89722,2.20E+15,5207.69141,4.63E+14,8679.48633,1.11E+14
1744.7229,2.19E+15,5234.16895,4.54E+14,8723.61523,1.07E+14
1753.54883,2.18E+15,5260.646,4.44E+14,8767.74414,1.04E+14
1762.37463,2.16E+15,5287.12402,4.35E+14,8811.87305,1.00E+14
1771.20044,2.15E+15,5313.60107,4.26E+14,8856.00195,9.66E+13
1780.02625,2.14E+15,5340.07812,4.17E+14,8900.13086,9.32E+13
1788.85205,2.12E+15,5366.55566,4.09E+14,8944.26074,8.98E+13
1797.67798,2.11E+15,5393.0332,4.00E+14,8988.38965,8.65E+13
1806.50366,2.09E+15,5419.51074,3.91E+14,9032.51855,8.34E+13
1815.32959,2.08E+15,5445.98828,3.83E+14,9076.64844,8.03E+13
1824.15527,2.07E+15,5472.46582,3.74E+14,9120.77637,7.73E+13
1832.9812,2.05E+15,5498.94336,3.66E+14,9164.90625,7.43E+13
1841.80701,2.04E+15,5525.4209,3.58E+14,9209.03516,7.15E+13
1850.63281,2.02E+15,5551.89844,3.50E+14,9253.16406,6.87E+13
1859.45862,2.01E+15,5578.37549,3.42E+14,9297.29297,6.60E+13
1868.28442,2.00E+15,5604.85352,3.34E+14,9341.42285,6.34E+13
1877.11023,1.98E+15,5631.33057,3.26E+14,9385.55078,6.09E+13
1885.93604,1.97E+15,5657.80811,3.18E+14,9429.68066,5.84E+13
1894.76196,1.95E+15,5684.28516,3.11E+14,9473.80957,5.60E+13
1903.58765,1.94E+15,5710.7627,3.03E+14,9517.93848,5.37E+13
1912.41357,1.92E+15,5737.24023,2.96E+14,9562.06836,5.14E+13
1921.23938,1.91E+15,5763.71777,2.88E+14,9606.19727,4.93E+13
1930.06519,1.89E+15,5790.19531,2.81E+14,9650.32617,4.72E+13
1938.89099,1.88E+15,5816.67285,2.74E+14,9694.45508,4.51E+13
1947.71692,1.86E+15,5843.15039,2.67E+14,9738.58496,4.31E+13
1956.5426,1.85E+15,5869.62793,2.60E+14,9782.71289,4.12E+13
1965.36853,1.83E+15,5896.10547,2.53E+14,9826.84277,3.94E+13
1974.19421,1.82E+15,5922.58252,2.46E+14,9870.97168,3.76E+13
1983.02014,1.80E+15,5949.06055,2.39E+14,9915.10059,3.59E+13
1991.84595,1.79E+15,5975.5376,2.33E+14,9959.22949,3.42E+13
2000.67175,1.77E+15,6002.01514,2.26E+14,10003.3594,3.26E+13
2009.49756,1.76E+15,6028.49219,2.20E+14,10047.4883,3.10E+13
2018.32336,1.74E+15,6054.97021,2.14E+14,10091.6172,2.95E+13
2027.14917,1.72E+15,6081.44727,2.08E+14,10135.7461,2.81E+13
2035.97498,1.71E+15,6107.9248,2.02E+14,10179.875,2.67E+13
2044.8009,1.69E+15,6134.40234,1.96E+14,10224.0049,2.54E+13
2053.62671,1.68E+15,6160.87988,1.90E+14,10268.1338,2.41E+13
2062.45264,1.66E+15,6187.35742,1.84E+14,10312.2627,2.29E+13
2071.27832,1.64E+15,6213.83496,1.78E+14,10356.3916,2.17E+13
2080.10425,1.63E+15,6240.3125,1.73E+14,10400.5215,2.05E+13
2088.92993,1.61E+15,6266.78955,1.67E+14,10444.6494,1.94E+13
2097.75586,1.60E+15,6293.26758,1.62E+14,10488.7793,1.84E+13
2106.58154,1.58E+15,6319.74463,1.57E+14,10532.9082,1.74E+13
2115.40747,1.56E+15,6346.22168,1.52E+14,10577.0371,1.64E+13
2124.2334,1.55E+15,6372.69922,1.46E+14,10621.166,1.55E+13
2133.05908,1.53E+15,6399.17676,1.41E+14,10665.2959,1.46E+13
2141.88477,1.51E+15,6425.6543,1.37E+14,10709.4248,1.38E+13
2150.71069,1.50E+15,6452.13184,1.32E+14,10753.5537,1.30E+13
2159.53662,1.48E+15,6478.60938,1.27E+14,10797.6826,1.22E+13
2168.3623,1.46E+15,6505.08691,1.23E+14,10841.8115,1.15E+13
2177.18823,1.45E+15,6531.56445,1.18E+14,10885.9414,1.08E+13
2186.01416,1.43E+15,6558.04199,1.14E+14,10930.0703,1.01E+13
2194.83984,1.41E+15,6584.51953,1.10E+14,10974.1992,9.46E+12
2203.66553,1.39E+15,6610.99609,1.05E+14,11018.3281,8.86E+12
2212.49146,1.38E+15,6637.47461,1.01E+14,11062.458,8.28E+12
2221.31738,1.36E+15,6663.95117,9.73E+13,11106.5859,7.74E+12
2230.14307,1.34E+15,6690.42871,9.34E+13,11150.7158,7.22E+12
2238.96875,1.33E+15,6716.90625,8.96E+13,11194.8447,6.73E+12
2247.79468,1.31E+15,6743.38379,8.59E+13,11238.9736,6.27E+12
2256.62061,1.29E+15,6769.86133,8.23E+13,11283.1025,5.83E+12
2265.44629,1.27E+15,6796.33887,7.88E+13,11327.2324,5.41E+12
2274.27222,1.25E+15,6822.81641,7.54E+13,11371.3613,5.02E+12
2283.09814,1.24E+15,6849.29395,7.21E+13,11415.4902,4.65E+12
2291.92383,1.22E+15,6875.77148,6.89E+13,11459.6191,4.30E+12
2300.74951,1.20E+15,6902.24902,6.57E+13,11503.748,3.98E+12
2309.57544,1.18E+15,6928.72656,6.27E+13,11547.8779,3.67E+12
2318.40137,1.16E+15,6955.20312,5.97E+13,11592.0068,3.38E+12
2327.22705,1.15E+15,6981.68164,5.68E+13,11636.1357,3.11E+12
2336.05298,1.13E+15,7008.1582,5.40E+13,11680.2646,2.85E+12
2344.87866,1.11E+15,7034.63574,5.13E+13,11724.3945,2.62E+12
2353.70459,1.09E+15,7061.11328,4.87E+13,11768.5234,2.39E+12
2362.53027,1.07E+15,7087.59082,4.62E+13,11812.6523,2.19E+12
2371.3562,1.05E+15,7114.06836,4.37E+13,11856.7812,2.00E+12
2380.18213,1.04E+15,7140.5459,4.13E+13,11900.9102,1.82E+12
2389.00781,1.02E+15,7167.02344,3.91E+13,11945.0391,1.65E+12
2397.8335,9.98E+14,7193.50098,3.69E+13,11989.1689,1.50E+12
2406.65942,9.80E+14,7219.97852,3.47E+13,12033.2969,1.35E+12
2415.48535,9.61E+14,7246.45605,3.27E+13,12077.4268,1.22E+12
2424.31104,9.42E+14,7272.93262,3.07E+13,12121.5557,1.10E+12
2433.13696,9.23E+14,7299.41113,2.88E+13,12165.6846,9.88E+11
2441.96265,9.04E+14,7325.8877,2.70E+13,12209.8135,8.85E+11
2450.78857,8.84E+14,7352.36523,2.53E+13,12253.9434,7.91E+11
2459.61426,8.65E+14,7378.84277,2.36E+13,12298.0723,7.05E+11
2468.44043,8.46E+14,7405.32031,2.20E+13,12342.2012,6.26E+11
2477.26611,8.26E+14,7431.79785,2.05E+13,12386.3301,5.55E+11
2486.0918,8.07E+14,7458.27539,1.90E+13,12430.459,4.90E+11
2494.91748,7.87E+14,7484.75293,1.76E+13,12474.5889,4.31E+11
2503.74365,7.67E+14,7511.23047,1.63E+13,12518.7178,3.78E+11
