Simulation Number,M3.radius,PG.cFactor,ExitSlit.openingHeight,SU.photonEnergy,SU.numberRays,SU.electronSigmaX,SU.electronSigmaY,SU.electronSigmaYs
0,300.0,2.25,10,1000,100000.0,17.15,2.43,0.81
1,300.0,5.0,10,1000,100000.0,17.15,2.43,0.81
2,300.0,10.0,10,1000,100000.0,17.15,2.43,0.81
3,300.0,20.0,10,1000,100000.0,17.15,2.43,0.81
4,300.5,2.25,10,1000,100000.0,17.15,2.43,0.81
5,300.5,5.0,10,1000,100000.0,17.15,2.43,0.81
6,300.5,10.0,10,1000,100000.0,17.15,2.43,0.81
7,300.5,20.0,10,1000,100000.0,17.15,2.43,0.81
8,301.0,2.25,10,1000,100000.0,17.15,2.43,0.81
9,301.0,5.0,10,1000,100000.0,17.15,2.43,0.81
10,301.0,10.0,10,1000,100000.0,17.15,2.43,0.81
11,301.0,20.0,10,1000,100000.0,17.15,2.43,0.81
12,301.5,2.25,10,1000,100000.0,17.15,2.43,0.81
13,301.5,5.0,10,1000,100000.0,17.15,2.43,0.81
14,301.5,10.0,10,1000,100000.0,17.15,2.43,0.81
15,301.5,20.0,10,1000,100000.0,17.15,2.43,0.81
16,302.0,2.25,10,1000,100000.0,17.15,2.43,0.81
17,302.0,5.0,10,1000,100000.0,17.15,2.43,0.81
18,302.0,10.0,10,1000,100000.0,17.15,2.43,0.81
19,302.0,20.0,10,1000,100000.0,17.15,2.43,0.81
20,302.5,2.25,10,1000,100000.0,17.15,2.43,0.81
21,302.5,5.0,10,1000,100000.0,17.15,2.43,0.81
22,302.5,10.0,10,1000,100000.0,17.15,2.43,0.81
23,302.5,20.0,10,1000,100000.0,17.15,2.43,0.81
24,303.0,2.25,10,1000,100000.0,17.15,2.43,0.81
25,303.0,5.0,10,1000,100000.0,17.15,2.43,0.81
26,303.0,10.0,10,1000,100000.0,17.15,2.43,0.81
27,303.0,20.0,10,1000,100000.0,17.15,2.43,0.81
28,303.5,2.25,10,1000,100000.0,17.15,2.43,0.81
29,303.5,5.0,10,1000,100000.0,17.15,2.43,0.81
30,303.5,10.0,10,1000,100000.0,17.15,2.43,0.81
31,303.5,20.0,10,1000,100000.0,17.15,2.43,0.81
32,304.0,2.25,10,1000,100000.0,17.15,2.43,0.81
33,304.0,5.0,10,1000,100000.0,17.15,2.43,0.81
34,304.0,10.0,10,1000,100000.0,17.15,2.43,0.81
35,304.0,20.0,10,1000,100000.0,17.15,2.43,0.81
36,304.5,2.25,10,1000,100000.0,17.15,2.43,0.81
37,304.5,5.0,10,1000,100000.0,17.15,2.43,0.81
38,304.5,10.0,10,1000,100000.0,17.15,2.43,0.81
39,304.5,20.0,10,1000,100000.0,17.15,2.43,0.81
40,305.0,2.25,10,1000,100000.0,17.15,2.43,0.81
41,305.0,5.0,10,1000,100000.0,17.15,2.43,0.81
42,305.0,10.0,10,1000,100000.0,17.15,2.43,0.81
43,305.0,20.0,10,1000,100000.0,17.15,2.43,0.81
44,305.5,2.25,10,1000,100000.0,17.15,2.43,0.81
45,305.5,5.0,10,1000,100000.0,17.15,2.43,0.81
46,305.5,10.0,10,1000,100000.0,17.15,2.43,0.81
47,305.5,20.0,10,1000,100000.0,17.15,2.43,0.81
48,306.0,2.25,10,1000,100000.0,17.15,2.43,0.81
49,306.0,5.0,10,1000,100000.0,17.15,2.43,0.81
50,306.0,10.0,10,1000,100000.0,17.15,2.43,0.81
51,306.0,20.0,10,1000,100000.0,17.15,2.43,0.81
52,306.5,2.25,10,1000,100000.0,17.15,2.43,0.81
53,306.5,5.0,10,1000,100000.0,17.15,2.43,0.81
54,306.5,10.0,10,1000,100000.0,17.15,2.43,0.81
55,306.5,20.0,10,1000,100000.0,17.15,2.43,0.81
56,307.0,2.25,10,1000,100000.0,17.15,2.43,0.81
57,307.0,5.0,10,1000,100000.0,17.15,2.43,0.81
58,307.0,10.0,10,1000,100000.0,17.15,2.43,0.81
59,307.0,20.0,10,1000,100000.0,17.15,2.43,0.81
60,307.5,2.25,10,1000,100000.0,17.15,2.43,0.81
61,307.5,5.0,10,1000,100000.0,17.15,2.43,0.81
62,307.5,10.0,10,1000,100000.0,17.15,2.43,0.81
63,307.5,20.0,10,1000,100000.0,17.15,2.43,0.81
64,308.0,2.25,10,1000,100000.0,17.15,2.43,0.81
65,308.0,5.0,10,1000,100000.0,17.15,2.43,0.81
66,308.0,10.0,10,1000,100000.0,17.15,2.43,0.81
67,308.0,20.0,10,1000,100000.0,17.15,2.43,0.81
68,308.5,2.25,10,1000,100000.0,17.15,2.43,0.81
69,308.5,5.0,10,1000,100000.0,17.15,2.43,0.81
70,308.5,10.0,10,1000,100000.0,17.15,2.43,0.81
71,308.5,20.0,10,1000,100000.0,17.15,2.43,0.81
72,309.0,2.25,10,1000,100000.0,17.15,2.43,0.81
73,309.0,5.0,10,1000,100000.0,17.15,2.43,0.81
74,309.0,10.0,10,1000,100000.0,17.15,2.43,0.81
75,309.0,20.0,10,1000,100000.0,17.15,2.43,0.81
76,309.5,2.25,10,1000,100000.0,17.15,2.43,0.81
77,309.5,5.0,10,1000,100000.0,17.15,2.43,0.81
78,309.5,10.0,10,1000,100000.0,17.15,2.43,0.81
79,309.5,20.0,10,1000,100000.0,17.15,2.43,0.81
80,310.0,2.25,10,1000,100000.0,17.15,2.43,0.81
81,310.0,5.0,10,1000,100000.0,17.15,2.43,0.81
82,310.0,10.0,10,1000,100000.0,17.15,2.43,0.81
83,310.0,20.0,10,1000,100000.0,17.15,2.43,0.81
84,310.5,2.25,10,1000,100000.0,17.15,2.43,0.81
85,310.5,5.0,10,1000,100000.0,17.15,2.43,0.81
86,310.5,10.0,10,1000,100000.0,17.15,2.43,0.81
87,310.5,20.0,10,1000,100000.0,17.15,2.43,0.81
88,311.0,2.25,10,1000,100000.0,17.15,2.43,0.81
89,311.0,5.0,10,1000,100000.0,17.15,2.43,0.81
90,311.0,10.0,10,1000,100000.0,17.15,2.43,0.81
91,311.0,20.0,10,1000,100000.0,17.15,2.43,0.81
92,311.5,2.25,10,1000,100000.0,17.15,2.43,0.81
93,311.5,5.0,10,1000,100000.0,17.15,2.43,0.81
94,311.5,10.0,10,1000,100000.0,17.15,2.43,0.81
95,311.5,20.0,10,1000,100000.0,17.15,2.43,0.81
96,312.0,2.25,10,1000,100000.0,17.15,2.43,0.81
97,312.0,5.0,10,1000,100000.0,17.15,2.43,0.81
98,312.0,10.0,10,1000,100000.0,17.15,2.43,0.81
99,312.0,20.0,10,1000,100000.0,17.15,2.43,0.81
100,312.5,2.25,10,1000,100000.0,17.15,2.43,0.81
101,312.5,5.0,10,1000,100000.0,17.15,2.43,0.81
102,312.5,10.0,10,1000,100000.0,17.15,2.43,0.81
103,312.5,20.0,10,1000,100000.0,17.15,2.43,0.81
104,313.0,2.25,10,1000,100000.0,17.15,2.43,0.81
105,313.0,5.0,10,1000,100000.0,17.15,2.43,0.81
106,313.0,10.0,10,1000,100000.0,17.15,2.43,0.81
107,313.0,20.0,10,1000,100000.0,17.15,2.43,0.81
108,313.5,2.25,10,1000,100000.0,17.15,2.43,0.81
109,313.5,5.0,10,1000,100000.0,17.15,2.43,0.81
110,313.5,10.0,10,1000,100000.0,17.15,2.43,0.81
111,313.5,20.0,10,1000,100000.0,17.15,2.43,0.81
112,314.0,2.25,10,1000,100000.0,17.15,2.43,0.81
113,314.0,5.0,10,1000,100000.0,17.15,2.43,0.81
114,314.0,10.0,10,1000,100000.0,17.15,2.43,0.81
115,314.0,20.0,10,1000,100000.0,17.15,2.43,0.81
116,314.5,2.25,10,1000,100000.0,17.15,2.43,0.81
117,314.5,5.0,10,1000,100000.0,17.15,2.43,0.81
118,314.5,10.0,10,1000,100000.0,17.15,2.43,0.81
119,314.5,20.0,10,1000,100000.0,17.15,2.43,0.81
120,315.0,2.25,10,1000,100000.0,17.15,2.43,0.81
121,315.0,5.0,10,1000,100000.0,17.15,2.43,0.81
122,315.0,10.0,10,1000,100000.0,17.15,2.43,0.81
123,315.0,20.0,10,1000,100000.0,17.15,2.43,0.81
124,315.5,2.25,10,1000,100000.0,17.15,2.43,0.81
125,315.5,5.0,10,1000,100000.0,17.15,2.43,0.81
126,315.5,10.0,10,1000,100000.0,17.15,2.43,0.81
127,315.5,20.0,10,1000,100000.0,17.15,2.43,0.81
128,316.0,2.25,10,1000,100000.0,17.15,2.43,0.81
129,316.0,5.0,10,1000,100000.0,17.15,2.43,0.81
130,316.0,10.0,10,1000,100000.0,17.15,2.43,0.81
131,316.0,20.0,10,1000,100000.0,17.15,2.43,0.81
132,316.5,2.25,10,1000,100000.0,17.15,2.43,0.81
133,316.5,5.0,10,1000,100000.0,17.15,2.43,0.81
134,316.5,10.0,10,1000,100000.0,17.15,2.43,0.81
135,316.5,20.0,10,1000,100000.0,17.15,2.43,0.81
136,317.0,2.25,10,1000,100000.0,17.15,2.43,0.81
137,317.0,5.0,10,1000,100000.0,17.15,2.43,0.81
138,317.0,10.0,10,1000,100000.0,17.15,2.43,0.81
139,317.0,20.0,10,1000,100000.0,17.15,2.43,0.81
140,317.5,2.25,10,1000,100000.0,17.15,2.43,0.81
141,317.5,5.0,10,1000,100000.0,17.15,2.43,0.81
142,317.5,10.0,10,1000,100000.0,17.15,2.43,0.81
143,317.5,20.0,10,1000,100000.0,17.15,2.43,0.81
144,318.0,2.25,10,1000,100000.0,17.15,2.43,0.81
145,318.0,5.0,10,1000,100000.0,17.15,2.43,0.81
146,318.0,10.0,10,1000,100000.0,17.15,2.43,0.81
147,318.0,20.0,10,1000,100000.0,17.15,2.43,0.81
148,318.5,2.25,10,1000,100000.0,17.15,2.43,0.81
149,318.5,5.0,10,1000,100000.0,17.15,2.43,0.81
150,318.5,10.0,10,1000,100000.0,17.15,2.43,0.81
151,318.5,20.0,10,1000,100000.0,17.15,2.43,0.81
152,319.0,2.25,10,1000,100000.0,17.15,2.43,0.81
153,319.0,5.0,10,1000,100000.0,17.15,2.43,0.81
154,319.0,10.0,10,1000,100000.0,17.15,2.43,0.81
155,319.0,20.0,10,1000,100000.0,17.15,2.43,0.81
156,319.5,2.25,10,1000,100000.0,17.15,2.43,0.81
157,319.5,5.0,10,1000,100000.0,17.15,2.43,0.81
158,319.5,10.0,10,1000,100000.0,17.15,2.43,0.81
159,319.5,20.0,10,1000,100000.0,17.15,2.43,0.81
160,320.0,2.25,10,1000,100000.0,17.15,2.43,0.81
161,320.0,5.0,10,1000,100000.0,17.15,2.43,0.81
162,320.0,10.0,10,1000,100000.0,17.15,2.43,0.81
163,320.0,20.0,10,1000,100000.0,17.15,2.43,0.81
164,320.5,2.25,10,1000,100000.0,17.15,2.43,0.81
165,320.5,5.0,10,1000,100000.0,17.15,2.43,0.81
166,320.5,10.0,10,1000,100000.0,17.15,2.43,0.81
167,320.5,20.0,10,1000,100000.0,17.15,2.43,0.81
168,321.0,2.25,10,1000,100000.0,17.15,2.43,0.81
169,321.0,5.0,10,1000,100000.0,17.15,2.43,0.81
170,321.0,10.0,10,1000,100000.0,17.15,2.43,0.81
171,321.0,20.0,10,1000,100000.0,17.15,2.43,0.81
172,321.5,2.25,10,1000,100000.0,17.15,2.43,0.81
173,321.5,5.0,10,1000,100000.0,17.15,2.43,0.81
174,321.5,10.0,10,1000,100000.0,17.15,2.43,0.81
175,321.5,20.0,10,1000,100000.0,17.15,2.43,0.81
176,322.0,2.25,10,1000,100000.0,17.15,2.43,0.81
177,322.0,5.0,10,1000,100000.0,17.15,2.43,0.81
178,322.0,10.0,10,1000,100000.0,17.15,2.43,0.81
179,322.0,20.0,10,1000,100000.0,17.15,2.43,0.81
180,322.5,2.25,10,1000,100000.0,17.15,2.43,0.81
181,322.5,5.0,10,1000,100000.0,17.15,2.43,0.81
182,322.5,10.0,10,1000,100000.0,17.15,2.43,0.81
183,322.5,20.0,10,1000,100000.0,17.15,2.43,0.81
184,323.0,2.25,10,1000,100000.0,17.15,2.43,0.81
185,323.0,5.0,10,1000,100000.0,17.15,2.43,0.81
186,323.0,10.0,10,1000,100000.0,17.15,2.43,0.81
187,323.0,20.0,10,1000,100000.0,17.15,2.43,0.81
188,323.5,2.25,10,1000,100000.0,17.15,2.43,0.81
189,323.5,5.0,10,1000,100000.0,17.15,2.43,0.81
190,323.5,10.0,10,1000,100000.0,17.15,2.43,0.81
191,323.5,20.0,10,1000,100000.0,17.15,2.43,0.81
192,324.0,2.25,10,1000,100000.0,17.15,2.43,0.81
193,324.0,5.0,10,1000,100000.0,17.15,2.43,0.81
194,324.0,10.0,10,1000,100000.0,17.15,2.43,0.81
195,324.0,20.0,10,1000,100000.0,17.15,2.43,0.81
196,324.5,2.25,10,1000,100000.0,17.15,2.43,0.81
197,324.5,5.0,10,1000,100000.0,17.15,2.43,0.81
198,324.5,10.0,10,1000,100000.0,17.15,2.43,0.81
199,324.5,20.0,10,1000,100000.0,17.15,2.43,0.81
200,325.0,2.25,10,1000,100000.0,17.15,2.43,0.81
201,325.0,5.0,10,1000,100000.0,17.15,2.43,0.81
202,325.0,10.0,10,1000,100000.0,17.15,2.43,0.81
203,325.0,20.0,10,1000,100000.0,17.15,2.43,0.81
204,325.5,2.25,10,1000,100000.0,17.15,2.43,0.81
205,325.5,5.0,10,1000,100000.0,17.15,2.43,0.81
206,325.5,10.0,10,1000,100000.0,17.15,2.43,0.81
207,325.5,20.0,10,1000,100000.0,17.15,2.43,0.81
208,326.0,2.25,10,1000,100000.0,17.15,2.43,0.81
209,326.0,5.0,10,1000,100000.0,17.15,2.43,0.81
210,326.0,10.0,10,1000,100000.0,17.15,2.43,0.81
211,326.0,20.0,10,1000,100000.0,17.15,2.43,0.81
212,326.5,2.25,10,1000,100000.0,17.15,2.43,0.81
213,326.5,5.0,10,1000,100000.0,17.15,2.43,0.81
214,326.5,10.0,10,1000,100000.0,17.15,2.43,0.81
215,326.5,20.0,10,1000,100000.0,17.15,2.43,0.81
216,327.0,2.25,10,1000,100000.0,17.15,2.43,0.81
217,327.0,5.0,10,1000,100000.0,17.15,2.43,0.81
218,327.0,10.0,10,1000,100000.0,17.15,2.43,0.81
219,327.0,20.0,10,1000,100000.0,17.15,2.43,0.81
220,327.5,2.25,10,1000,100000.0,17.15,2.43,0.81
221,327.5,5.0,10,1000,100000.0,17.15,2.43,0.81
222,327.5,10.0,10,1000,100000.0,17.15,2.43,0.81
223,327.5,20.0,10,1000,100000.0,17.15,2.43,0.81
224,328.0,2.25,10,1000,100000.0,17.15,2.43,0.81
225,328.0,5.0,10,1000,100000.0,17.15,2.43,0.81
226,328.0,10.0,10,1000,100000.0,17.15,2.43,0.81
227,328.0,20.0,10,1000,100000.0,17.15,2.43,0.81
228,328.5,2.25,10,1000,100000.0,17.15,2.43,0.81
229,328.5,5.0,10,1000,100000.0,17.15,2.43,0.81
230,328.5,10.0,10,1000,100000.0,17.15,2.43,0.81
231,328.5,20.0,10,1000,100000.0,17.15,2.43,0.81
232,329.0,2.25,10,1000,100000.0,17.15,2.43,0.81
233,329.0,5.0,10,1000,100000.0,17.15,2.43,0.81
234,329.0,10.0,10,1000,100000.0,17.15,2.43,0.81
235,329.0,20.0,10,1000,100000.0,17.15,2.43,0.81
236,329.5,2.25,10,1000,100000.0,17.15,2.43,0.81
237,329.5,5.0,10,1000,100000.0,17.15,2.43,0.81
238,329.5,10.0,10,1000,100000.0,17.15,2.43,0.81
239,329.5,20.0,10,1000,100000.0,17.15,2.43,0.81
240,330.0,2.25,10,1000,100000.0,17.15,2.43,0.81
241,330.0,5.0,10,1000,100000.0,17.15,2.43,0.81
242,330.0,10.0,10,1000,100000.0,17.15,2.43,0.81
243,330.0,20.0,10,1000,100000.0,17.15,2.43,0.81
244,330.5,2.25,10,1000,100000.0,17.15,2.43,0.81
245,330.5,5.0,10,1000,100000.0,17.15,2.43,0.81
246,330.5,10.0,10,1000,100000.0,17.15,2.43,0.81
247,330.5,20.0,10,1000,100000.0,17.15,2.43,0.81
248,331.0,2.25,10,1000,100000.0,17.15,2.43,0.81
249,331.0,5.0,10,1000,100000.0,17.15,2.43,0.81
250,331.0,10.0,10,1000,100000.0,17.15,2.43,0.81
251,331.0,20.0,10,1000,100000.0,17.15,2.43,0.81
252,331.5,2.25,10,1000,100000.0,17.15,2.43,0.81
253,331.5,5.0,10,1000,100000.0,17.15,2.43,0.81
254,331.5,10.0,10,1000,100000.0,17.15,2.43,0.81
255,331.5,20.0,10,1000,100000.0,17.15,2.43,0.81
256,332.0,2.25,10,1000,100000.0,17.15,2.43,0.81
257,332.0,5.0,10,1000,100000.0,17.15,2.43,0.81
258,332.0,10.0,10,1000,100000.0,17.15,2.43,0.81
259,332.0,20.0,10,1000,100000.0,17.15,2.43,0.81
260,332.5,2.25,10,1000,100000.0,17.15,2.43,0.81
261,332.5,5.0,10,1000,100000.0,17.15,2.43,0.81
262,332.5,10.0,10,1000,100000.0,17.15,2.43,0.81
263,332.5,20.0,10,1000,100000.0,17.15,2.43,0.81
264,333.0,2.25,10,1000,100000.0,17.15,2.43,0.81
265,333.0,5.0,10,1000,100000.0,17.15,2.43,0.81
266,333.0,10.0,10,1000,100000.0,17.15,2.43,0.81
267,333.0,20.0,10,1000,100000.0,17.15,2.43,0.81
268,333.5,2.25,10,1000,100000.0,17.15,2.43,0.81
269,333.5,5.0,10,1000,100000.0,17.15,2.43,0.81
270,333.5,10.0,10,1000,100000.0,17.15,2.43,0.81
271,333.5,20.0,10,1000,100000.0,17.15,2.43,0.81
272,334.0,2.25,10,1000,100000.0,17.15,2.43,0.81
273,334.0,5.0,10,1000,100000.0,17.15,2.43,0.81
274,334.0,10.0,10,1000,100000.0,17.15,2.43,0.81
275,334.0,20.0,10,1000,100000.0,17.15,2.43,0.81
276,334.5,2.25,10,1000,100000.0,17.15,2.43,0.81
277,334.5,5.0,10,1000,100000.0,17.15,2.43,0.81
278,334.5,10.0,10,1000,100000.0,17.15,2.43,0.81
279,334.5,20.0,10,1000,100000.0,17.15,2.43,0.81
280,335.0,2.25,10,1000,100000.0,17.15,2.43,0.81
281,335.0,5.0,10,1000,100000.0,17.15,2.43,0.81
282,335.0,10.0,10,1000,100000.0,17.15,2.43,0.81
283,335.0,20.0,10,1000,100000.0,17.15,2.43,0.81
284,335.5,2.25,10,1000,100000.0,17.15,2.43,0.81
285,335.5,5.0,10,1000,100000.0,17.15,2.43,0.81
286,335.5,10.0,10,1000,100000.0,17.15,2.43,0.81
287,335.5,20.0,10,1000,100000.0,17.15,2.43,0.81
288,336.0,2.25,10,1000,100000.0,17.15,2.43,0.81
289,336.0,5.0,10,1000,100000.0,17.15,2.43,0.81
290,336.0,10.0,10,1000,100000.0,17.15,2.43,0.81
291,336.0,20.0,10,1000,100000.0,17.15,2.43,0.81
292,336.5,2.25,10,1000,100000.0,17.15,2.43,0.81
293,336.5,5.0,10,1000,100000.0,17.15,2.43,0.81
294,336.5,10.0,10,1000,100000.0,17.15,2.43,0.81
295,336.5,20.0,10,1000,100000.0,17.15,2.43,0.81
296,337.0,2.25,10,1000,100000.0,17.15,2.43,0.81
297,337.0,5.0,10,1000,100000.0,17.15,2.43,0.81
298,337.0,10.0,10,1000,100000.0,17.15,2.43,0.81
299,337.0,20.0,10,1000,100000.0,17.15,2.43,0.81
300,337.5,2.25,10,1000,100000.0,17.15,2.43,0.81
301,337.5,5.0,10,1000,100000.0,17.15,2.43,0.81
302,337.5,10.0,10,1000,100000.0,17.15,2.43,0.81
303,337.5,20.0,10,1000,100000.0,17.15,2.43,0.81
304,338.0,2.25,10,1000,100000.0,17.15,2.43,0.81
305,338.0,5.0,10,1000,100000.0,17.15,2.43,0.81
306,338.0,10.0,10,1000,100000.0,17.15,2.43,0.81
307,338.0,20.0,10,1000,100000.0,17.15,2.43,0.81
308,338.5,2.25,10,1000,100000.0,17.15,2.43,0.81
309,338.5,5.0,10,1000,100000.0,17.15,2.43,0.81
310,338.5,10.0,10,1000,100000.0,17.15,2.43,0.81
311,338.5,20.0,10,1000,100000.0,17.15,2.43,0.81
312,339.0,2.25,10,1000,100000.0,17.15,2.43,0.81
313,339.0,5.0,10,1000,100000.0,17.15,2.43,0.81
314,339.0,10.0,10,1000,100000.0,17.15,2.43,0.81
315,339.0,20.0,10,1000,100000.0,17.15,2.43,0.81
316,339.5,2.25,10,1000,100000.0,17.15,2.43,0.81
317,339.5,5.0,10,1000,100000.0,17.15,2.43,0.81
318,339.5,10.0,10,1000,100000.0,17.15,2.43,0.81
319,339.5,20.0,10,1000,100000.0,17.15,2.43,0.81
320,340.0,2.25,10,1000,100000.0,17.15,2.43,0.81
321,340.0,5.0,10,1000,100000.0,17.15,2.43,0.81
322,340.0,10.0,10,1000,100000.0,17.15,2.43,0.81
323,340.0,20.0,10,1000,100000.0,17.15,2.43,0.81
324,340.5,2.25,10,1000,100000.0,17.15,2.43,0.81
325,340.5,5.0,10,1000,100000.0,17.15,2.43,0.81
326,340.5,10.0,10,1000,100000.0,17.15,2.43,0.81
327,340.5,20.0,10,1000,100000.0,17.15,2.43,0.81
328,341.0,2.25,10,1000,100000.0,17.15,2.43,0.81
329,341.0,5.0,10,1000,100000.0,17.15,2.43,0.81
330,341.0,10.0,10,1000,100000.0,17.15,2.43,0.81
331,341.0,20.0,10,1000,100000.0,17.15,2.43,0.81
332,341.5,2.25,10,1000,100000.0,17.15,2.43,0.81
333,341.5,5.0,10,1000,100000.0,17.15,2.43,0.81
334,341.5,10.0,10,1000,100000.0,17.15,2.43,0.81
335,341.5,20.0,10,1000,100000.0,17.15,2.43,0.81
336,342.0,2.25,10,1000,100000.0,17.15,2.43,0.81
337,342.0,5.0,10,1000,100000.0,17.15,2.43,0.81
338,342.0,10.0,10,1000,100000.0,17.15,2.43,0.81
339,342.0,20.0,10,1000,100000.0,17.15,2.43,0.81
340,342.5,2.25,10,1000,100000.0,17.15,2.43,0.81
341,342.5,5.0,10,1000,100000.0,17.15,2.43,0.81
342,342.5,10.0,10,1000,100000.0,17.15,2.43,0.81
343,342.5,20.0,10,1000,100000.0,17.15,2.43,0.81
344,343.0,2.25,10,1000,100000.0,17.15,2.43,0.81
345,343.0,5.0,10,1000,100000.0,17.15,2.43,0.81
346,343.0,10.0,10,1000,100000.0,17.15,2.43,0.81
347,343.0,20.0,10,1000,100000.0,17.15,2.43,0.81
348,343.5,2.25,10,1000,100000.0,17.15,2.43,0.81
349,343.5,5.0,10,1000,100000.0,17.15,2.43,0.81
350,343.5,10.0,10,1000,100000.0,17.15,2.43,0.81
351,343.5,20.0,10,1000,100000.0,17.15,2.43,0.81
352,344.0,2.25,10,1000,100000.0,17.15,2.43,0.81
353,344.0,5.0,10,1000,100000.0,17.15,2.43,0.81
354,344.0,10.0,10,1000,100000.0,17.15,2.43,0.81
355,344.0,20.0,10,1000,100000.0,17.15,2.43,0.81
356,344.5,2.25,10,1000,100000.0,17.15,2.43,0.81
357,344.5,5.0,10,1000,100000.0,17.15,2.43,0.81
358,344.5,10.0,10,1000,100000.0,17.15,2.43,0.81
359,344.5,20.0,10,1000,100000.0,17.15,2.43,0.81
360,345.0,2.25,10,1000,100000.0,17.15,2.43,0.81
361,345.0,5.0,10,1000,100000.0,17.15,2.43,0.81
362,345.0,10.0,10,1000,100000.0,17.15,2.43,0.81
363,345.0,20.0,10,1000,100000.0,17.15,2.43,0.81
364,345.5,2.25,10,1000,100000.0,17.15,2.43,0.81
365,345.5,5.0,10,1000,100000.0,17.15,2.43,0.81
366,345.5,10.0,10,1000,100000.0,17.15,2.43,0.81
367,345.5,20.0,10,1000,100000.0,17.15,2.43,0.81
368,346.0,2.25,10,1000,100000.0,17.15,2.43,0.81
369,346.0,5.0,10,1000,100000.0,17.15,2.43,0.81
370,346.0,10.0,10,1000,100000.0,17.15,2.43,0.81
371,346.0,20.0,10,1000,100000.0,17.15,2.43,0.81
372,346.5,2.25,10,1000,100000.0,17.15,2.43,0.81
373,346.5,5.0,10,1000,100000.0,17.15,2.43,0.81
374,346.5,10.0,10,1000,100000.0,17.15,2.43,0.81
375,346.5,20.0,10,1000,100000.0,17.15,2.43,0.81
376,347.0,2.25,10,1000,100000.0,17.15,2.43,0.81
377,347.0,5.0,10,1000,100000.0,17.15,2.43,0.81
378,347.0,10.0,10,1000,100000.0,17.15,2.43,0.81
379,347.0,20.0,10,1000,100000.0,17.15,2.43,0.81
380,347.5,2.25,10,1000,100000.0,17.15,2.43,0.81
381,347.5,5.0,10,1000,100000.0,17.15,2.43,0.81
382,347.5,10.0,10,1000,100000.0,17.15,2.43,0.81
383,347.5,20.0,10,1000,100000.0,17.15,2.43,0.81
384,348.0,2.25,10,1000,100000.0,17.15,2.43,0.81
385,348.0,5.0,10,1000,100000.0,17.15,2.43,0.81
386,348.0,10.0,10,1000,100000.0,17.15,2.43,0.81
387,348.0,20.0,10,1000,100000.0,17.15,2.43,0.81
388,348.5,2.25,10,1000,100000.0,17.15,2.43,0.81
389,348.5,5.0,10,1000,100000.0,17.15,2.43,0.81
390,348.5,10.0,10,1000,100000.0,17.15,2.43,0.81
391,348.5,20.0,10,1000,100000.0,17.15,2.43,0.81
392,349.0,2.25,10,1000,100000.0,17.15,2.43,0.81
393,349.0,5.0,10,1000,100000.0,17.15,2.43,0.81
394,349.0,10.0,10,1000,100000.0,17.15,2.43,0.81
395,349.0,20.0,10,1000,100000.0,17.15,2.43,0.81
396,349.5,2.25,10,1000,100000.0,17.15,2.43,0.81
397,349.5,5.0,10,1000,100000.0,17.15,2.43,0.81
398,349.5,10.0,10,1000,100000.0,17.15,2.43,0.81
399,349.5,20.0,10,1000,100000.0,17.15,2.43,0.81
