,Simulation Number,ExitSlit.totalHeight,Dipole.photonEnergy,PG.cFactor,Dipole.numberRays,SourcePhotonFlux,NumberRaysSurvived,PercentageRaysSurvived,PhotonEnergy,Bandwidth,HorizontalFocusFWHM,VerticalFocusFWHM,PhotonFlux,EnergyPerMilPerBw,FluxPerMilPerBwPerc,FluxPerMilPerBwAbs,AXUVCurrentAmp,GaAsPCurrentAmp
0,0,0.1,50,2.25,100000.0,608888000000.0,104.0,0.104,50.0,0.0016169979628553,0.0428821208586132,0.0060494034630624,633243520.0,,,,1.3057510689784255e-09,3.698355477943968e-10
1,1,0.1,55,2.25,100000.0,627664000000.0,133.0,0.133,55.0,0.0019427204356504,0.0380883292120872,0.0085637916273193,834793120.0,,,,1.911063286692573e-09,5.427342511174317e-10
2,2,0.1,60,2.25,100000.0,645257000000.0,137.0,0.1369999999999999,60.0,0.0026814009271886,0.0162189436849828,0.0068094531070779,884002089.9999999,,,,2.2232411505546e-09,6.480858711749091e-10
3,3,0.1,65,2.25,100000.0,661828000000.0,183.0,0.183,65.0,0.0029924367231088,0.0271666967298973,0.0056564390109155,1211145240.0,,,,3.315596688929628e-09,1.033781869162468e-09
4,4,0.1,70,2.25,100000.0,677504000000.0,193.0,0.193,70.0,0.0041066942477859,0.0320301734116855,0.0033125953279696,1307582720.0,,,,3.871966375352998e-09,1.3354740965055172e-09
5,5,0.1,75,2.25,100000.0,692390000000.0,242.0,0.242,75.0,0.003587171053441,0.0332859327828174,0.0053190075713212,1675583800.0,,,,5.343868800119217e-09,1.970464850041071e-09
6,6,0.1,80,2.25,100000.0,706572000000.0,274.0,0.2739999999999999,80.0,0.0042560811343753,0.0259153120083177,0.0073403546965842,1936007280.0,,,,6.617569457475289e-09,2.682996407902614e-09
7,7,0.1,85,2.25,100000.0,720122000000.0,289.0,0.289,85.0,0.0045595634166537,0.0205654635896574,0.0059518915935692,2081152580.0,,,,7.580411408199957e-09,3.21601519961862e-09
8,8,0.1,90,2.25,100000.0,733100000000.0,369.0,0.369,90.0,0.0062315917547596,0.0329166219502447,0.0071605875737249,2705139000.0,,,,1.0452330968904136e-08,4.723821680965461e-09
9,9,0.1,95,2.25,100000.0,745559000000.0,416.0,0.416,95.0,0.0067612417153435,0.0332771632900796,0.0062402955294788,3101525440.0,,,,1.2666688402547756e-08,5.770714705014982e-09
10,10,0.1,100,2.25,100000.0,757543000000.0,395.0,0.395,100.0,0.0073028620918692,0.0365046573388294,0.0081371651498828,2992294850.0,,,,1.2381481714954914e-08,5.9576610719547646e-09
11,11,0.1,105,2.25,100000.0,769092000000.0,417.0,0.417,105.0,0.0081222000178659,0.0336266163399072,0.0084050247963692,3207113640.0000005,,,,1.4021817357684644e-08,7.115605387433981e-09
12,12,0.1,110,2.25,100000.0,780239000000.0,491.0,0.491,110.0,0.0091287080955301,0.0405332439334093,0.0078223764485471,3830973490.000001,,,,1.7351860360086485e-08,9.597324179361729e-09
13,13,0.1,115,2.25,100000.0,791015000000.0,503.0,0.503,115.0,0.0093522996837049,0.0271180509747286,0.0053442729358107,3978805450.0,,,,1.8696181015004145e-08,1.0857762765794876e-08
14,14,0.1,120,2.25,100000.0,801446000000.0,509.0,0.509,120.0,0.0100194388899337,0.03588660662371,0.0077988832127299,4079360140.0,,,,1.9820928540226072e-08,1.2223717551876545e-08
15,15,0.1,125,2.25,100000.0,811555000000.0,527.0,0.527,125.0,0.0095926518805424,0.0375316904623337,0.0068618098350762,4276894850.0,,,,2.1637157863190168e-08,1.3470704670295058e-08
16,16,0.1,130,2.25,100000.0,821364000000.0,564.0,0.5640000000000001,130.0,0.0114569810916679,0.0344152994282096,0.0054369480399904,4632492960.0,,,,2.433983335738352e-08,1.537670226078528e-08
17,17,0.1,135,2.25,100000.0,830892000000.0,584.0,0.584,135.0,0.0125487850151441,0.0337408311760577,0.0066947611251143,4852409280.0,,,,2.6507382856479343e-08,1.6851013007037448e-08
18,18,0.1,140,2.25,100000.0,840156000000.0,578.0,0.5780000000000001,140.0,0.0126320256840687,0.0313494194529322,0.0065983160265546,4856101680.000001,,,,2.7665817913938275e-08,1.7680925971775195e-08
19,19,0.1,145,2.25,100000.0,849171000000.0,619.0,0.619,145.0,0.0130721982844376,0.0383446848785234,0.0074282709431496,5256368490.0,,,,3.1029127167874244e-08,1.9945088410955368e-08
20,20,0.1,150,2.25,100000.0,857952000000.0,590.0,0.59,150.0,0.0138689166549697,0.0404848091891872,0.0086219414024046,5061916800.0,,,,3.089095701604899e-08,2.0052595550484884e-08
21,21,0.1,155,2.25,100000.0,866512000000.0,615.0,0.615,155.0,0.0140340285119717,0.0294610505192021,0.0081528618203353,5329048800.0,,,,3.3729600952626764e-08,2.169772805003176e-08
22,22,0.1,160,2.25,100000.0,874862000000.0,570.0,0.5700000000000001,160.0,0.0149707859640871,0.0346187848512473,0.0086536364778789,4986713400.000001,,,,3.2569479164634534e-08,2.088448336516233e-08
23,23,0.1,165,2.25,100000.0,883013000000.0,607.0,0.607,165.0,0.0154386732198181,0.0280622730408402,0.0063348134323663,5359888910.0,,,,3.601572792909388e-08,2.2995228863042563e-08
24,24,0.1,170,2.25,100000.0,890975000000.0,481.0,0.481,170.0,0.0160167208597118,0.0387436858031093,0.0069892197054075,4285589750.0,,,,2.9720979533174707e-08,1.8846206870772827e-08
25,25,0.1,175,2.25,100000.0,898757000000.0,493.0,0.493,175.0,0.0180741648760058,0.0259960660200831,0.0083238924022961,4430872010.0,,,,3.182362566364605e-08,1.9893780084543148e-08
26,26,0.1,180,2.25,100000.0,906368000000.0,463.0,0.4629999999999999,180.0,0.0189789568707559,0.0385332968728457,0.0082562217519395,4196483840.0,,,,3.1158670160594835e-08,1.9245070463873792e-08
27,27,0.1,185,2.25,100000.0,913816000000.0,370.0,0.37,185.0,0.0186168593813018,0.0211151264624293,0.0081549516184858,3381119200.0,,,,2.5845075268105957e-08,1.5794050229942246e-08
28,28,0.1,190,2.25,100000.0,921108000000.0,200.0,0.2,190.0,0.0201075951913731,0.0417715707838684,0.0076757112443899,1842216000.0,,,,1.4484250174286513e-08,8.768448709161525e-09
29,29,0.1,195,2.25,100000.0,928250000000.0,257.0,0.257,195.0,0.0214079921520678,0.0339762984316277,0.0062968733357591,2385602500.0,,,,1.9299360789905212e-08,1.1555660237981638e-08
30,30,0.1,200,2.25,100000.0,935249000000.0,267.0,0.267,200.0,0.0226921401607845,0.0338759682277919,0.0094002853203162,2497114830.0,,,,2.0754682033083973e-08,1.2313614523183742e-08
31,31,0.1,205,2.25,100000.0,942112000000.0,275.0,0.2749999999999999,205.0,0.0232457819460843,0.0252412124221998,0.0067311942306049,2590807999.9999995,,,,2.209897491409191e-08,1.2987254904418049e-08
32,32,0.1,210,2.25,100000.0,948842000000.0,296.0,0.296,210.0,0.0236170972652908,0.0351867129661278,0.0076447863792515,2808572320.0,,,,2.4590839575929163e-08,1.4316011091628268e-08
33,33,0.1,215,2.25,100000.0,955447000000.0,270.0,0.27,215.0,0.0250286555674141,0.0349657827420665,0.0072828413093213,2579706900.0,,,,2.3160307329795867e-08,1.3399717431221254e-08
34,34,0.1,220,2.25,100000.0,961930000000.0,293.0,0.293,220.0,0.0259751837573195,0.0143941229541029,0.0082132555803486,2818454900.0,,,,2.5939903981245326e-08,1.4923909348441924e-08
35,35,0.1,225,2.25,100000.0,968296000000.0,316.0,0.316,225.0,0.0277961872362233,0.041598641843353,0.0094823801537972,3059815360.0,,,,2.8842128248414864e-08,1.6511116591166018e-08
36,36,0.1,230,2.25,100000.0,974549000000.0,312.0,0.312,230.0,0.0287383424716919,0.0277761458777244,0.0092260705306517,3040592880.0,,,,2.9330338287224442e-08,1.6726589431296825e-08
37,37,0.1,235,2.25,100000.0,980694000000.0,336.0,0.336,235.0,0.0264865723069514,0.042111417466342,0.0075731154610192,3295131840.0,,,,3.253871237261024e-08,1.845629667799952e-08
38,38,0.1,240,2.25,100000.0,986735000000.0,336.0,0.336,240.0,0.0310221083073641,0.0344518080733514,0.0075093420982295,3315429600.0,,,,3.3476521462301906e-08,1.891375305205029e-08
39,39,0.1,245,2.25,100000.0,992674000000.0,337.0,0.337,245.0,0.0299558961878371,0.0361801874513378,0.0074287752281213,3345311380.0,,,,3.451347242291509e-08,1.941607106375076e-08
40,40,0.1,250,2.25,100000.0,998515000000.0,388.0,0.388,250.0,0.0319091075323879,0.0295612455804784,0.008468941337469,3874238200.0,,,,4.0854395594984966e-08,2.288386414648553e-08
41,41,0.1,255,2.25,100000.0,1004260000000.0,315.0,0.315,255.0,0.0328323680002592,0.0353273146533002,0.0091409199930929,3163419000.0,,,,3.407240722104013e-08,1.8995691557554485e-08
42,42,0.1,260,2.25,100000.0,1009920000000.0,348.0,0.348,260.0,0.0318184355613135,0.0266628554230881,0.0088426809454889,3514521599.9999995,,,,3.8619707614792514e-08,2.1460499368004543e-08
43,43,0.1,265,2.25,100000.0,1015480000000.0,393.0,0.393,265.0,0.0348294630757109,0.036262716485695,0.0091581562726292,3990836400.0,,,,4.476486327197264e-08,2.4756281753047363e-08
44,44,0.1,270,2.25,100000.0,1020970000000.0,408.0,0.408,270.0,0.0362844927527365,0.0374960494507503,0.0089152459790162,4165557600.000001,,,,4.766395684004996e-08,2.6257430835271653e-08
45,45,0.1,275,2.25,100000.0,1026360000000.0,390.0,0.3899999999999999,275.0,0.0395995575554221,0.0391503285302885,0.0097401981980877,4002804000.0,,,,4.67133355755716e-08,2.5637224793044373e-08
46,46,0.1,280,2.25,100000.0,1031680000000.0,401.0,0.4009999999999999,280.0,0.0373938895427089,0.0380993812668471,0.0085809930412616,4137036800.0,,,,4.919849858190507e-08,2.6929976175287396e-08
47,47,0.1,285,2.25,100000.0,1036920000000.0,303.0,0.303,285.0,0.0400651343158506,0.0367723344580853,0.0101995345553388,3141867600.0,,,,3.8055338892238686e-08,2.0805347901663768e-08
48,48,0.1,290,2.25,100000.0,1042090000000.0,395.0,0.395,290.0,0.0409435843884394,0.0202061179979948,0.0099452202908788,4116255500.0,,,,5.079525321854008e-08,2.7737010033489888e-08
49,49,0.1,295,2.25,100000.0,1047180000000.0,448.0,0.4479999999999999,295.0,0.0420120063002604,0.0322250702710782,0.0087819371785514,4691366399.999999,,,,5.8932485083047935e-08,3.2139030355344546e-08
50,50,0.1,300,2.25,100000.0,1052190000000.0,452.0,0.4519999999999999,300.0,0.0429585046413813,0.0340015826259853,0.0087231199523767,4755898800.0,,,,6.078773344282087e-08,3.3133147088944475e-08
51,51,0.1,305,2.25,100000.0,1057140000000.0,461.0,0.461,305.0,0.0427245117487987,0.0397648059855683,0.0094452850289961,4873415400.0,,,,6.33993840550028e-08,3.4499247140940736e-08
52,52,0.1,310,2.25,100000.0,1062020000000.0,468.0,0.468,310.0,0.0437194109785124,0.0298235591445051,0.0093234815819186,4970253600.0,,,,6.577840746613527e-08,3.576133655672595e-08
53,53,0.1,315,2.25,100000.0,1066840000000.0,442.0,0.442,315.0,0.043602759882042,0.0451519253825902,0.0086494468841113,4715432800.000001,,,,6.347680624195363e-08,3.446046946709932e-08
54,54,0.1,320,2.25,100000.0,1071590000000.0,464.0,0.464,320.0,0.0423886274519882,0.0317113100658935,0.0091193569769042,4972177600.0,,,,6.803619254003783e-08,3.6916262770254223e-08
55,55,0.1,325,2.25,100000.0,1076280000000.0,429.0,0.429,325.0,0.0462563976879458,0.0312790537817357,0.0096108103174118,4617241200.000001,,,,6.419308881841207e-08,3.480284468430713e-08
56,56,0.1,330,2.25,100000.0,1080910000000.0,467.0,0.4669999999999999,330.0,0.0474326248171608,0.0210416201306485,0.0090786889728484,5047849700.0,,,,7.1326211635576e-08,3.863672664926636e-08
57,57,0.1,335,2.25,100000.0,1085470000000.0,502.0,0.502,335.0,0.0482594414650402,0.0309113466885329,0.009872523537603,5449059400.0,,,,7.819992867733183e-08,4.232361327404416e-08
58,58,0.1,340,2.25,100000.0,1089980000000.0,510.0,0.51,340.0,0.0498065315150652,0.0382007215038645,0.0087193393935187,5558898000.0,,,,8.099720366863206e-08,4.38239912965328e-08
59,59,0.1,345,2.25,100000.0,1094440000000.0,516.0,0.516,345.0,0.0480024600740083,0.0278968402614903,0.009394061889702,5647310400.0,,,,8.356419120568756e-08,4.5159877330539824e-08
60,60,0.1,350,2.25,100000.0,1098840000000.0,520.0,0.52,350.0,0.0521223081267838,0.0237484035264166,0.0092818894291106,5713968000.0,,,,8.583358011262638e-08,4.6358162213910775e-08
61,61,0.1,355,2.25,100000.0,1103180000000.0,562.0,0.562,355.0,0.0556341611703364,0.0372864730618071,0.0102590975538425,6199871600.000001,,,,9.447020347877696e-08,5.100004606551175e-08
62,62,0.1,360,2.25,100000.0,1107470000000.0,572.0,0.5720000000000001,360.0,0.0559117732919296,0.0332146980942417,0.0093291748980358,6334728400.000001,,,,9.795766015791916e-08,5.28444496350365e-08
63,63,0.1,365,2.25,100000.0,1111710000000.0,540.0,0.54,365.0,0.0570604810398543,0.0286803091459934,0.00877554119782,6003234000.0,,,,9.41770636784416e-08,5.075528838837316e-08
64,64,0.1,370,2.25,100000.0,1115900000000.0,540.0,0.54,370.0,0.0555789758958436,0.0296170181556284,0.008120017199668,6025860000.0,,,,9.589841651994796e-08,5.1643883751424826e-08
65,65,0.1,375,2.25,100000.0,1120040000000.0,635.0,0.635,375.0,0.0546223123729308,0.0299540217967384,0.0093086322216546,7112254000.0,,,,1.1476437976290692e-07,6.175600649491608e-08
66,66,0.1,380,2.25,100000.0,1124140000000.0,607.0,0.607,380.0,0.060768706323362,0.0351546587332355,0.0100760857269374,6823529800.0,,,,1.1161094580124236e-07,6.003827263688597e-08
67,67,0.1,385,2.25,100000.0,1128180000000.0,605.0,0.605,385.0,0.0571964411930061,0.0446938115082723,0.009757452183901,6825489000.0,,,,1.1318776283230653e-07,6.082076757883856e-08
68,68,0.1,390,2.25,100000.0,1132180000000.0,641.0,0.641,390.0,0.0587031214540982,0.0283912669796212,0.0103609947500107,7257273800.0,,,,1.219564024238932e-07,6.550299928695856e-08
69,69,0.1,395,2.25,100000.0,1136140000000.0,639.0,0.639,395.0,0.0609059648274739,0.0410049187029935,0.0092208584542174,7259934600.0,,,,1.2359739497615324e-07,6.643880756823538e-08
70,70,0.1,400,2.25,100000.0,1140050000000.0,624.0,0.624,400.0,0.0629790837165659,0.0318446966660015,0.0094681022449219,7113912000.0,,,,1.227219811170515e-07,6.602115970005198e-08
71,71,0.1,405,2.25,100000.0,1143920000000.0,681.0,0.681,405.0,0.0613550964565094,0.0302889425987372,0.0096159958956809,7790095200.000001,,,,1.3613740966974985e-07,7.338657673231185e-08
72,72,0.1,410,2.25,100000.0,1147750000000.0,701.0,0.701,410.0,0.062290408862144,0.0338202284709006,0.0101462557554116,8045727499.999999,,,,1.4241990354304457e-07,7.695505064513969e-08
73,73,0.1,415,2.25,100000.0,1151530000000.0,770.0,0.77,415.0,0.0634741829060555,0.035863757829651,0.0094518026442512,8866781000.0,,,,1.589148578208944e-07,8.60489113820862e-08
74,74,0.1,420,2.25,100000.0,1155270000000.0,703.0,0.703,420.0,0.0669208331290337,0.0352768988297846,0.0095506275551966,8121548099.999999,,,,1.473449298673042e-07,7.998688248502993e-08
75,75,0.1,425,2.25,100000.0,1158980000000.0,685.0,0.685,425.0,0.0658522941177485,0.0367139100175361,0.0094348540632159,7939013000.000001,,,,1.4581825109706076e-07,7.929881741175039e-08
76,76,0.1,430,2.25,100000.0,1162640000000.0,742.0,0.742,430.0,0.0682366136706423,0.0309067822014548,0.0102827654268888,8626788800.0,,,,1.6035656777135617e-07,8.740918979110243e-08
77,77,0.1,435,2.25,100000.0,1166270000000.0,739.0,0.739,435.0,0.0680608776614992,0.0321006868155922,0.0093394945530915,8618735300.0,,,,1.620997722198128e-07,8.852994384405764e-08
78,78,0.1,440,2.25,100000.0,1169860000000.0,797.0,0.7969999999999999,440.0,0.0714867804079155,0.0399135207935621,0.0102923005920104,9323784200.0,,,,1.7746129947424197e-07,9.710909611669193e-08
79,79,0.1,445,2.25,100000.0,1173420000000.0,769.0,0.769,445.0,0.0720697731376047,0.0303199726567681,0.0095073936361518,9023599800.0,,,,1.73770283608613e-07,9.524191294435532e-08
80,80,0.1,450,2.25,100000.0,1176930000000.0,795.0,0.795,450.0,0.0712057189773419,0.0289322369417349,0.0097995750686435,9356593500.0,,,,1.822006278910059e-07,1.0009781812151978e-07
81,81,0.1,455,2.25,100000.0,1180420000000.0,796.0,0.796,455.0,0.0749966893555086,0.0310568666904323,0.0100866637667522,9396143200.0,,,,1.850791332980373e-07,1.0185416193545977e-07
82,82,0.1,460,2.25,100000.0,1183860000000.0,795.0,0.795,460.0,0.0730574198627049,0.0291724319856126,0.0096639150816014,9411687000.0,,,,1.8749880693878969e-07,1.0339400004833709e-07
83,83,0.1,465,2.25,100000.0,1187280000000.0,835.0,0.835,465.0,0.0433999999999628,0.0354225516551665,0.0096446977681874,9913788000.0,,,,1.9972962091301777e-07,1.1032291341513697e-07
84,84,0.1,470,2.25,100000.0,1190660000000.0,779.0,0.779,470.0,0.0736799044870918,0.0226584411730023,0.0091575351579878,9275241400.0,,,,1.8890228529631897e-07,1.0457374371023625e-07
85,85,0.1,475,2.25,100000.0,1194000000000.0,863.0,0.8630000000000001,475.0,0.0443333333333271,0.0290737570440788,0.0098780331312916,10304220000.000002,,,,2.1213051451938665e-07,1.1763801965006181e-07
86,86,0.1,480,2.25,100000.0,1197320000000.0,862.0,0.8619999999999999,480.0,0.0810063768696704,0.0362764304557678,0.0098477298957215,10320898399.999998,,,,2.147898082515825e-07,1.1933122980246158e-07
87,87,0.1,485,2.25,100000.0,1200600000000.0,835.0,0.835,485.0,0.0802094034748803,0.0303503932775152,0.0096478962866649,10025010000.0,,,,2.108286494417493e-07,1.1732863161011589e-07
88,88,0.1,490,2.25,100000.0,1203850000000.0,838.0,0.8380000000000001,490.0,0.0798947872597592,0.0363490970601892,0.0101012521985382,10088263000.0,,,,2.143856817690139e-07,1.1953173171939685e-07
89,89,0.1,495,2.25,100000.0,1207070000000.0,884.0,0.8840000000000001,495.0,0.0803636530614044,0.0269299071855657,0.0089014121715296,10670498800.000002,,,,2.2914034044342293e-07,1.2793396661882858e-07
90,90,0.1,500,2.25,100000.0,1210260000000.0,856.0,0.856,500.0,0.0811358907022191,0.0398697428171242,0.0101379002325726,10359825600.0,,,,2.247990364181934e-07,1.2570407113320005e-07
91,91,0.1,505,2.25,100000.0,1213420000000.0,837.0,0.8370000000000001,505.0,0.0849318408669192,0.0353655959604356,0.0103188206901671,10156325400.0,,,,2.226528349123207e-07,1.2465832855671738e-07
92,92,0.1,510,2.25,100000.0,1216550000000.0,899.0,0.899,510.0,0.0834418672313235,0.0335618354924287,0.0099133113565637,10936784500.0,,,,2.421632062961943e-07,1.3580635447684281e-07
93,93,0.1,515,2.25,100000.0,1219660000000.0,836.0,0.836,515.0,0.0863074008631587,0.0396982752409241,0.0092964177652574,10196357600.0,,,,2.2801568205372723e-07,1.2802031981357604e-07
94,94,0.1,520,2.25,100000.0,1222730000000.0,869.0,0.869,520.0,0.0485333333333528,0.0373586808596832,0.009624282893811,10625523700.0,,,,2.3998178224336724e-07,1.3490912588273833e-07
95,95,0.1,525,2.25,100000.0,1225780000000.0,855.0,0.855,525.0,0.0865098852375127,0.0310264815991079,0.0101996167647476,10480419000.0,,,,2.389981696837559e-07,1.3456058033349918e-07
96,96,0.1,530,2.25,100000.0,1228800000000.0,879.0,0.8789999999999999,530.0,0.0901711158869423,0.0263876414908657,0.0096476625638356,10801151999.999998,,,,2.486947658214062e-07,1.4025302583107285e-07
97,97,0.1,535,2.25,100000.0,1231790000000.0,822.0,0.822,535.0,0.0892933833283543,0.0295734114250132,0.009502823973297,10125313800.0,,,,2.353938293821308e-07,1.3295787368539924e-07
98,98,0.1,540,2.25,100000.0,1234760000000.0,830.0,0.83,540.0,0.0915096611068503,0.0327961658666514,0.0102029140526002,10248508000.0,,,,2.4055549773286964e-07,1.3610832878466124e-07
99,99,0.1,545,2.25,100000.0,1237700000000.0,853.0,0.853,545.0,0.0933734765316864,0.0361078902947932,0.009484309046858,10557581000.0,,,,2.489246734797004e-07,1.4174550717516092e-07
100,100,0.1,550,2.25,100000.0,1240610000000.0,807.0,0.807,550.0,0.0949656405962931,0.0427725779926396,0.0097096448601646,10011722700.0,,,,2.3831721175341746e-07,1.359021713457294e-07
101,101,0.1,555,2.25,100000.0,1243500000000.0,765.0,0.765,555.0,0.0914990740438458,0.0312554921250767,0.0095979795532351,9512775000.0,,,,2.285919481724397e-07,1.3049083024062432e-07
102,102,0.1,560,2.25,100000.0,1246370000000.0,827.0,0.827,560.0,0.0522666666668101,0.0391596199833156,0.0100255912194971,10307479900.0,,,,2.499941184005707e-07,1.4289885112288288e-07
103,103,0.1,565,2.25,100000.0,1249210000000.0,762.0,0.762,565.0,0.0527333333334354,0.029541391015765,0.0100456775221888,9518980200.0,,,,2.329659221697828e-07,1.3330346100981186e-07
104,104,0.1,570,2.25,100000.0,1252020000000.0,624.0,0.624,570.0,0.0950434909131368,0.0352406872890178,0.0100269643564143,7812604800.0,,,,1.929321254465989e-07,1.1052642837134685e-07
105,105,0.1,575,2.25,100000.0,1254810000000.0,308.0,0.308,575.0,0.0960531276889864,0.037817133698132,0.0074339728639587,3864814800.0,,,,9.630721739664596e-08,5.5150816528057634e-08
106,106,0.1,580,2.25,100000.0,1257580000000.0,545.0,0.545,580.0,0.1028163629156759,0.0375631167612996,0.0098078219317348,6853811000.000001,,,,1.7229417121351705e-07,9.865999222674865e-08
107,107,0.1,585,2.25,100000.0,1260330000000.0,610.0,0.61,585.0,0.0994593096536839,0.0350095046699547,0.0086323922213564,7688013000.0,,,,1.949668188191257e-07,1.1155442440669704e-07
108,108,0.1,590,2.25,100000.0,1263050000000.0,587.0,0.587,590.0,0.0550666666666757,0.0336977282961117,0.0097902763718919,7414103500.0,,,,1.8967658841084698e-07,1.084483429459097e-07
109,109,0.1,595,2.25,100000.0,1265750000000.0,653.0,0.653,595.0,0.1014265580938727,0.0268093379494966,0.0092119170337428,8265347500.0,,,,2.1332492246251082e-07,1.2184326440719446e-07
110,110,0.1,600,2.25,100000.0,1268430000000.0,679.0,0.679,600.0,0.1037249350369428,0.0398747152045832,0.0095284111432069,8612639700.0,,,,2.2420602476674026e-07,1.279614851463083e-07
111,111,0.1,605,2.25,100000.0,1271090000000.0,712.0,0.712,605.0,0.1050289156650773,0.0325582731183019,0.0090734372476802,9050160800.0,,,,2.3758527954690059e-07,1.3548439000547168e-07
112,112,0.1,610,2.25,100000.0,1273720000000.0,694.0,0.694,610.0,0.1034686088111085,0.0315142922903991,0.009961016373722,8839616800.0,,,,2.3401045993614122e-07,1.3334645937734765e-07
113,113,0.1,615,2.25,100000.0,1276330000000.0,684.0,0.6839999999999999,615.0,0.105043174052981,0.0276768942425878,0.0094129909103177,8730097200.0,,,,2.330657249832009e-07,1.3267090611092414e-07
114,114,0.1,620,2.25,100000.0,1278930000000.0,710.0,0.7100000000000001,620.0,0.1105392954873224,0.0294121130765965,0.0098469457975229,9080403000.000002,,,,2.44406687762998e-07,1.390254108186978e-07
115,115,0.1,625,2.25,100000.0,1281500000000.0,721.0,0.721,625.0,0.1064240997741541,0.0356030176986028,0.008785292212817,9239615000.0,,,,2.507346022625248e-07,1.4248627317329689e-07
116,116,0.1,630,2.25,100000.0,1284050000000.0,771.0,0.771,630.0,0.1102659699920983,0.0348782495438872,0.0097244915943743,9900025500.0,,,,2.708653084023049e-07,1.537829817045324e-07
117,117,0.1,635,2.25,100000.0,1286580000000.0,760.0,0.76,635.0,0.1101358095950937,0.0256132351528453,0.0097924420543616,9778008000.0,,,,2.697297153514922e-07,1.530240615976901e-07
118,118,0.1,640,2.25,100000.0,1289090000000.0,762.0,0.762,640.0,0.1109306945248345,0.0270679128800241,0.0101449688410597,9822865800.0,,,,2.7316116656075666e-07,1.5488495499870705e-07
119,119,0.1,645,2.25,100000.0,1291580000000.0,789.0,0.7889999999999999,645.0,0.1083821435416176,0.0381298758180557,0.0085276822238287,10190566199.999998,,,,2.855688016949628e-07,1.6205533588038148e-07
120,120,0.1,650,2.25,100000.0,1294050000000.0,748.0,0.748,650.0,0.1154998614292047,0.0329480738661284,0.0092566591285966,9679494000.0,,,,2.734304311521129e-07,1.55254201946874e-07
121,121,0.1,655,2.25,100000.0,1296510000000.0,810.0,0.8099999999999999,655.0,0.1129019334575388,0.0337191201623376,0.008847048990587,10501731000.0,,,,2.98994412376167e-07,1.698333643295518e-07
122,122,0.1,660,2.25,100000.0,1298940000000.0,764.0,0.764,660.0,0.1169396625347025,0.041503237188671,0.0098768611621992,9923901600.0,,,,2.847208569549658e-07,1.61824994414993e-07
123,123,0.1,665,2.25,100000.0,1301360000000.0,758.0,0.758,665.0,0.1138155690668336,0.0356050486867233,0.0097567735245053,9864308800.0,,,,2.851866681377662e-07,1.621429818318099e-07
124,124,0.1,670,2.25,100000.0,1303760000000.0,843.0,0.843,670.0,0.1148433619523775,0.0377758791920615,0.009906300111164,10990696800.0,,,,3.2019973046037765e-07,1.8211804942228005e-07
125,125,0.1,675,2.25,100000.0,1306130000000.0,829.0,0.8290000000000001,675.0,0.1201816140334018,0.0309575525403035,0.0096036416227582,10827817700.0,,,,3.178203063516931e-07,1.808125966448579e-07
126,126,0.1,680,2.25,100000.0,1308500000000.0,766.0,0.766,680.0,0.1219178679182603,0.033469527744704,0.009932904791684,10023110000.0,,,,2.9642330427894666e-07,1.6868498513104373e-07
127,127,0.1,685,2.25,100000.0,1310840000000.0,764.0,0.764,685.0,0.1206074461175454,0.0386211223483314,0.0092972956003594,10014817600.0,,,,2.9839980961448145e-07,1.698141946226504e-07
128,128,0.1,690,2.25,100000.0,1313170000000.0,781.0,0.781,690.0,0.1222227834524633,0.0284584041612314,0.0091493052428753,10255857700.0,,,,3.078916889253745e-07,1.752203559810836e-07
129,129,0.1,695,2.25,100000.0,1315470000000.0,824.0,0.8240000000000001,695.0,0.1219828725355942,0.0293047572912441,0.009555926088193,10839472800.0,,,,3.278187718648228e-07,1.8654926112401402e-07
130,130,0.1,700,2.25,100000.0,1317770000000.0,800.0,0.8,700.0,0.1266133412044484,0.030790483182133,0.0106439429784331,10542160000.0,,,,3.211208448278088e-07,1.82772616077574e-07
131,131,0.1,705,2.25,100000.0,1320040000000.0,827.0,0.827,705.0,0.126609437273109,0.0290206511836237,0.0086598514141474,10916730800.0,,,,3.349427181634534e-07,1.9057141061584173e-07
132,132,0.1,710,2.25,100000.0,1322300000000.0,814.0,0.814,710.0,0.1271506498954782,0.0356162021108542,0.0098185229846275,10763522000.0,,,,3.326331458400624e-07,1.892011678821852e-07
133,133,0.1,715,2.25,100000.0,1324540000000.0,831.0,0.831,715.0,0.1276953302221512,0.0421297597369612,0.0098893587417245,11006927400.0,,,,3.4255074415299306e-07,1.94728090070518e-07
134,134,0.1,720,2.25,100000.0,1326770000000.0,779.0,0.779,720.0,0.1262525429983473,0.0322749529393549,0.0088712985416876,10335538300.0,,,,3.239413026952496e-07,1.840376905941784e-07
135,135,0.1,725,2.25,100000.0,1328980000000.0,890.0,0.89,725.0,0.1267889304203903,0.0360935598044113,0.0096018473012912,11827922000.0,,,,3.733319305021357e-07,2.1193270715895774e-07
136,136,0.1,730,2.25,100000.0,1331170000000.0,821.0,0.8210000000000001,730.0,0.1307406690251896,0.0391292968315797,0.0090246465868938,10928905700.0,,,,3.474114287261324e-07,1.970603104596671e-07
137,137,0.1,735,2.25,100000.0,1333350000000.0,795.0,0.795,735.0,0.1334946224734487,0.0349733456437981,0.0094858582485394,10600132500.0,,,,3.393181628271377e-07,1.9229788565675253e-07
138,138,0.1,740,2.25,100000.0,1335510000000.0,800.0,0.8,740.0,0.1355055813196857,0.0384684391256064,0.0096217161278664,10684080000.0,,,,3.442812835616763e-07,1.9501015746349975e-07
139,139,0.1,745,2.25,100000.0,1337660000000.0,852.0,0.852,745.0,0.1317666780673804,0.0402524651315063,0.0098979628805074,11396863200.0,,,,3.698128811545956e-07,2.092538268186684e-07
140,140,0.1,750,2.25,100000.0,1339790000000.0,824.0,0.8240000000000001,750.0,0.1305827512364839,0.0283615285443393,0.0098813121221402,11039869600.0,,,,3.60672937613538e-07,2.03908469135392e-07
141,141,0.1,755,2.25,100000.0,1341900000000.0,791.0,0.791,755.0,0.1319956680962481,0.0279548947363339,0.0093337312995886,10614429000.0,,,,3.49085603068216e-07,1.9718078540319286e-07
142,142,0.1,760,2.25,100000.0,1344010000000.0,822.0,0.822,760.0,0.1347491698523879,0.0337674456627781,0.0098896858921739,11047762200.0,,,,3.65783556789892e-07,2.064207464041883e-07
143,143,0.1,765,2.25,100000.0,1346090000000.0,792.0,0.792,765.0,0.1361565668718325,0.0299320796102637,0.0097979881788948,10661032800.0,,,,3.55327586606746e-07,2.0031496382560762e-07
144,144,0.1,770,2.25,100000.0,1348170000000.0,759.0,0.759,770.0,0.1342376147262932,0.0342912492238138,0.0090039141896622,10232610300.0,,,,3.432775258512698e-07,1.9335231028247179e-07
145,145,0.1,775,2.25,100000.0,1350220000000.0,820.0,0.8200000000000001,775.0,0.1377308899077611,0.0393326610507974,0.0093705678173303,11071804000.0,,,,3.738834253530634e-07,2.103957722471054e-07
146,146,0.1,780,2.25,100000.0,1352270000000.0,796.0,0.796,780.0,0.1403428300996029,0.0396457378945742,0.0096755074282266,10764069200.0,,,,3.658635483009293e-07,2.0571442877537253e-07
147,147,0.1,785,2.25,100000.0,1354300000000.0,866.0,0.8659999999999999,785.0,0.1361805957296179,0.0330035877061346,0.008989948524095,11728237999.999998,,,,4.012788611010758e-07,2.2544787344572818e-07
148,148,0.1,790,2.25,100000.0,1356310000000.0,875.0,0.8750000000000001,790.0,0.1384844451005906,0.0307985848630114,0.00953453561256,11867712500.000002,,,,4.086673020045395e-07,2.2946700993453042e-07
149,149,0.1,795,2.25,100000.0,1358320000000.0,836.0,0.836,795.0,0.1441063940296521,0.0355052708163537,0.0087410944030391,11355555200.0,,,,3.935059322997306e-07,2.208068476915584e-07
150,150,0.1,800,2.25,100000.0,1360310000000.0,785.0,0.7849999999999999,800.0,0.1408620801353089,0.0371257155850645,0.0092119151690099,10678433499.999998,,,,3.72396201241446e-07,2.0882214269650842e-07
151,151,0.1,805,2.25,100000.0,1362280000000.0,778.0,0.7779999999999999,805.0,0.1430076155387153,0.0385558329812415,0.0095108953771701,10598538399.999998,,,,3.719610364408665e-07,2.0839491957501237e-07
152,152,0.1,810,2.25,100000.0,1364240000000.0,842.0,0.8420000000000001,810.0,0.1444242404010301,0.0313267368081328,0.009257224715689,11486900800.000002,,,,4.056276206566747e-07,2.2710630810171733e-07
153,153,0.1,815,2.25,100000.0,1366190000000.0,804.0,0.804,815.0,0.1470198223598836,0.0371074201938033,0.0095143936906215,10984167600.0,,,,3.903123292832054e-07,2.183179912825192e-07
154,154,0.1,820,2.25,100000.0,1368130000000.0,861.0,0.861,820.0,0.1408210228244949,0.0210223081191064,0.0095388703980105,11779599300.0,,,,4.211761762267208e-07,2.3537544059465295e-07
155,155,0.1,825,2.25,100000.0,1370050000000.0,822.0,0.822,825.0,0.1446928855871567,0.0348543770918482,0.0077885530836871,11261811000.0,,,,4.051924950612422e-07,2.261864291890231e-07
156,156,0.1,830,2.25,100000.0,1371960000000.0,823.0,0.823,830.0,0.1472245426831636,0.0394827944443707,0.0095436617765255,11291230800.0,,,,4.087431575919754e-07,2.279495618152417e-07
157,157,0.1,835,2.25,100000.0,1373860000000.0,805.0,0.8049999999999999,835.0,0.1494258525200416,0.0288544384732137,0.0090903258802188,11059573000.0,,,,4.027541271111807e-07,2.243842231106413e-07
158,158,0.1,840,2.25,100000.0,1375740000000.0,783.0,0.783,840.0,0.1501638881175984,0.0275212177486383,0.0097835924322143,10772044200.0,,,,3.946757452559014e-07,2.1964399141980949e-07
159,159,0.1,845,2.25,100000.0,1377610000000.0,802.0,0.8019999999999999,845.0,0.1532887373039458,0.0348084767020373,0.0097329208830737,11048432200.0,,,,4.07241747975156e-07,2.2636704529622442e-07
160,160,0.1,850,2.25,100000.0,1379470000000.0,804.0,0.804,850.0,0.1538490651263376,0.0335690542358916,0.0100534652320979,11090938800.0,,,,4.112124090799247e-07,2.283401712921025e-07
161,161,0.1,855,2.25,100000.0,1381320000000.0,809.0,0.8089999999999999,855.0,0.1523411268448428,0.0316430246218013,0.0098032437221899,11174878800.0,,,,4.167924242283869e-07,2.3113903241152505e-07
162,162,0.1,860,2.25,100000.0,1383160000000.0,813.0,0.8130000000000001,860.0,0.1498221076063398,0.036222293980458,0.0090292305185708,11245090800.0,,,,4.218948252138404e-07,2.336787914051785e-07
163,163,0.1,865,2.25,100000.0,1384980000000.0,851.0,0.851,865.0,0.1582774747458852,0.033581517766772,0.0095584961096183,11786179800.0,,,,4.448480502785718e-07,2.460279861436547e-07
164,164,0.1,870,2.25,100000.0,1386790000000.0,804.0,0.804,870.0,0.1585729030593244,0.0237064497921427,0.0097183714906497,11149791600.0,,,,4.231990974950805e-07,2.3379873641478138e-07
165,165,0.1,875,2.25,100000.0,1388590000000.0,844.0,0.844,875.0,0.1599152701203799,0.0276880647219187,0.0101362141276259,11719699600.0,,,,4.47419759678183e-07,2.468209322994107e-07
166,166,0.1,880,2.25,100000.0,1390380000000.0,813.0,0.8130000000000001,880.0,0.1576920211473125,0.0392687598024037,0.0089619312730682,11303789400.0,,,,4.340873094221236e-07,2.391045975187994e-07
167,167,0.1,885,2.25,100000.0,1392160000000.0,783.0,0.783,885.0,0.1599079202094453,0.0287957553159333,0.0089766889467767,10900612800.0,,,,4.209984417962364e-07,2.315483404333959e-07
168,168,0.1,890,2.25,100000.0,1393930000000.0,825.0,0.8250000000000001,890.0,0.1588379929835773,0.0386145059213164,0.0085972495073378,11499922500.0,,,,4.4663759863927467e-07,2.4531283997389e-07
169,169,0.1,895,2.25,100000.0,1395680000000.0,809.0,0.8089999999999999,895.0,0.1616619151023308,0.036813250430838,0.0092737158333358,11291051200.0,,,,4.410375877532553e-07,2.4184054146675804e-07
170,170,0.1,900,2.25,100000.0,1397430000000.0,809.0,0.8089999999999999,900.0,0.1599219591950827,0.0379261319464277,0.010332880073025,11305208700.0,,,,4.440738793643414e-07,2.431363624632775e-07
171,171,0.1,905,2.25,100000.0,1399160000000.0,828.0,0.828,905.0,0.1672031831736647,0.0340303657545796,0.0093265019506312,11585044800.0,,,,4.575773184045663e-07,2.501367228869359e-07
172,172,0.1,910,2.25,100000.0,1400880000000.0,816.0,0.8160000000000001,910.0,0.164370124104824,0.0361014012676206,0.0089093642600708,11431180800.0,,,,4.540279234650207e-07,2.477912612204464e-07
173,173,0.1,915,2.25,100000.0,1402590000000.0,800.0,0.8,915.0,0.1642687859369242,0.0378858817463184,0.009174951641507,11220720000.0,,,,4.481503910091859e-07,2.4415746057719295e-07
174,174,0.1,920,2.25,100000.0,1404290000000.0,801.0,0.8009999999999999,920.0,0.1646297480795561,0.0380389194801846,0.0089667639768309,11248362900.0,,,,4.517756985470248e-07,2.45696687526621e-07
175,175,0.1,925,2.25,100000.0,1405980000000.0,838.0,0.8380000000000001,925.0,0.1700838384447503,0.0315521019557809,0.0096172412208923,11782112400.000002,,,,4.758197776418325e-07,2.583026202711473e-07
176,176,0.1,930,2.25,100000.0,1407660000000.0,822.0,0.822,930.0,0.1726526845923822,0.0373151485778639,0.0096852438297395,11570965200.0,,,,4.698012778424773e-07,2.546107816581107e-07
177,177,0.1,935,2.25,100000.0,1409330000000.0,771.0,0.771,935.0,0.1670210390179074,0.0315944999803169,0.0090623004076754,10865934300.0,,,,4.4358026720781627e-07,2.39948730688714e-07
178,178,0.1,940,2.25,100000.0,1410990000000.0,765.0,0.765,940.0,0.1638157952130217,0.0388328352545258,0.0095806001109626,10794073500.0,,,,4.430193480612427e-07,2.392139170402743e-07
179,179,0.1,945,2.25,100000.0,1412630000000.0,791.0,0.791,945.0,0.1727775761527261,0.0356497498346028,0.0094567912840347,11173903300.0,,,,4.610311285306133e-07,2.484845579765256e-07
180,180,0.1,950,2.25,100000.0,1414270000000.0,811.0,0.8109999999999999,950.0,0.1757142018995348,0.0306387618344344,0.0094093416402809,11469729700.0,,,,4.757756306448856e-07,2.5594476862895615e-07
181,181,0.1,955,2.25,100000.0,1415900000000.0,820.0,0.8200000000000001,955.0,0.1732591854656867,0.03782442248603,0.0096949741074394,11610380000.0,,,,4.841624969518902e-07,2.5994241601963053e-07
182,182,0.1,960,2.25,100000.0,1417520000000.0,747.0,0.747,960.0,0.177795637996509,0.0299806311327346,0.0085085750983374,10588874400.0,,,,4.439581555658927e-07,2.378608310065121e-07
183,183,0.1,965,2.25,100000.0,1419130000000.0,796.0,0.796,965.0,0.1784659463237772,0.0277561587427102,0.0096767725638588,11296274800.0,,,,4.760141220633503e-07,2.5456451282143734e-07
184,184,0.1,970,2.25,100000.0,1420720000000.0,804.0,0.804,970.0,0.1755027201018417,0.0374746713176078,0.0095745469673422,11422588800.0,,,,4.838663495999049e-07,2.582385610645518e-07
185,185,0.1,975,2.25,100000.0,1422310000000.0,800.0,0.8,975.0,0.1769089743206222,0.0337452266173908,0.0088565357196732,11378480000.0,,,,4.845535032118814e-07,2.580370688697238e-07
186,186,0.1,980,2.25,100000.0,1423890000000.0,815.0,0.815,980.0,0.1785582664129485,0.0271063543109978,0.00926414244576,11604703500.0,,,,4.967397640427362e-07,2.6398384664205334e-07
187,187,0.1,985,2.25,100000.0,1425460000000.0,781.0,0.781,985.0,0.1814567294670477,0.0347722407610387,0.0094636682288413,11132842600.0,,,,4.789555068595003e-07,2.540025439400041e-07
188,188,0.1,990,2.25,100000.0,1427020000000.0,711.0,0.711,990.0,0.1775667230786481,0.0388471690730673,0.0088100907990451,10146112200.0,,,,4.387524833467672e-07,2.3217966837073281e-07
189,189,0.1,995,2.25,100000.0,1428570000000.0,850.0,0.8500000000000001,995.0,0.1832216124422912,0.0359637577947305,0.0097401302101773,12142845000.000002,,,,5.277693851399633e-07,2.786682822886296e-07
190,190,0.1,1000,2.25,100000.0,1430110000000.0,803.0,0.803,1000.0,0.180198541099524,0.0375213734381594,0.0094679808833823,11483783300.0,,,,5.015956840751117e-07,2.64300634987123e-07
191,191,0.1,1005,2.25,100000.0,1431640000000.0,788.0,0.788,1005.0,0.1820329484247735,0.033491354772234,0.0099032913718459,11281323200.0,,,,4.952526011599423e-07,2.603576543788268e-07
192,192,0.1,1010,2.25,100000.0,1433160000000.0,772.0,0.772,1010.0,0.1811786182463882,0.0312248514546544,0.0090734717849384,11063995200.0,,,,4.881462342059977e-07,2.560487659249488e-07
193,193,0.1,1015,2.25,100000.0,1434680000000.0,770.0,0.77,1015.0,0.1874795524366591,0.0318582513655525,0.0093563452691473,11047036000.0,,,,4.89882710684168e-07,2.563771728283321e-07
194,194,0.1,1020,2.25,100000.0,1436180000000.0,802.0,0.8019999999999999,1020.0,0.1894082385338108,0.0347398226284616,0.0098047886355238,11518163600.0,,,,5.133099010847599e-07,2.68066878454646e-07
195,195,0.1,1025,2.25,100000.0,1437680000000.0,765.0,0.765,1025.0,0.1893852965774647,0.0290960915409246,0.0097682359830787,10998252000.0,,,,4.925244928200921e-07,2.56668059117715e-07
196,196,0.1,1030,2.25,100000.0,1439160000000.0,842.0,0.8420000000000001,1030.0,0.1885543162974974,0.0396985832137483,0.009675735579647,12117727200.000002,,,,5.453440110850643e-07,2.835703618072343e-07
197,197,0.1,1035,2.25,100000.0,1440640000000.0,807.0,0.807,1035.0,0.1900681802698922,0.0297571064749814,0.0094740451269093,11625964800.0,,,,5.25771971560139e-07,2.72784465363354e-07
198,198,0.1,1040,2.25,100000.0,1442110000000.0,805.0,0.8049999999999999,1040.0,0.19126210210672,0.0365303121512508,0.0091158581897368,11608985500.0,,,,5.275016650315055e-07,2.731108301083364e-07
199,199,0.1,1045,2.25,100000.0,1443570000000.0,817.0,0.8170000000000001,1045.0,0.1929374242094625,0.0326609846509294,0.0095446317481693,11793966900.0,,,,5.385230193134831e-07,2.781802633922096e-07
200,200,0.1,1050,2.25,100000.0,1445020000000.0,820.0,0.8200000000000001,1050.0,0.1899564406810854,0.0292381949650361,0.0085877904208363,11849164000.0,,,,5.436520259540273e-07,2.80206871109934e-07
201,201,0.1,1055,2.25,100000.0,1446470000000.0,810.0,0.8099999999999999,1055.0,0.1925630731185535,0.0377535799237184,0.0084999403122429,11716407000.0,,,,5.40200027264968e-07,2.777568052913252e-07
202,202,0.1,1060,2.25,100000.0,1447900000000.0,787.0,0.787,1060.0,0.1943256846841661,0.0306281933285327,0.0088359457306387,11394973000.0,,,,5.277924422564398e-07,2.708104607472438e-07
203,203,0.1,1065,2.25,100000.0,1449330000000.0,798.0,0.7979999999999999,1065.0,0.1908171696739988,0.0315917652179645,0.0062346472167633,11565653399.999998,,,,5.382446304246406e-07,2.7552752022565057e-07
204,204,0.1,1070,2.25,100000.0,1450750000000.0,796.0,0.796,1070.0,0.203452914745629,0.0289962637128896,0.0088689872478015,11547970000.0,,,,5.400239715819546e-07,2.757691251447744e-07
205,205,0.1,1075,2.25,100000.0,1452160000000.0,819.0,0.819,1075.0,0.1973923830419122,0.0326044870245056,0.0087787262261651,11893190400.0,,,,5.58766614487666e-07,2.846673982898209e-07
206,206,0.1,1080,2.25,100000.0,1453560000000.0,831.0,0.831,1080.0,0.2005452994920323,0.0328873175973118,0.0095387241651614,12079083600.0,,,,5.701188954351216e-07,2.8978441091092295e-07
207,207,0.1,1085,2.25,100000.0,1454950000000.0,793.0,0.7929999999999999,1085.0,0.2017480627487879,0.0372180130202711,0.0080869272423625,11537753499.999998,,,,5.47130000624943e-07,2.7741653041596535e-07
208,208,0.1,1090,2.25,100000.0,1456340000000.0,811.0,0.8109999999999999,1090.0,0.2004564402829092,0.039924113167747,0.00885580452854,11810917400.0,,,,5.626646938245383e-07,2.8462099428874376e-07
209,209,0.1,1095,2.25,100000.0,1457720000000.0,832.0,0.832,1095.0,0.2022155850108175,0.034698355344169,0.0091177817323298,12128230400.0,,,,5.804103813084749e-07,2.9289264389273205e-07
210,210,0.1,1100,2.25,100000.0,1459090000000.0,828.0,0.828,1100.0,0.2015514729835257,0.0328740297173482,0.0088179335062971,12081265200.0,,,,5.808454045710497e-07,2.923836988956895e-07
211,211,0.1,1105,2.25,100000.0,1460450000000.0,814.0,0.814,1105.0,0.2020854112359011,0.0315574106635218,0.0098765184693082,11888063000.0,,,,5.741545763461971e-07,2.8829925439825e-07
212,212,0.1,1110,2.25,100000.0,1461800000000.0,812.0,0.812,1110.0,0.2026177668735324,0.028020640544913,0.0088848964056734,11869816000.0,,,,5.759517407827288e-07,2.8844958979742605e-07
213,213,0.1,1115,2.25,100000.0,1463150000000.0,839.0,0.839,1115.0,0.208869480680349,0.0284047958740238,0.0087843042273244,12275828500.0,,,,5.983355532915176e-07,3.327089352406446e-07
214,214,0.1,1120,2.25,100000.0,1464490000000.0,805.0,0.8049999999999999,1120.0,0.2074234286226287,0.0321501335437183,0.009182869982909,11789144500.0,,,,5.771485474358348e-07,3.61156043599201e-07
215,215,0.1,1125,2.25,100000.0,1465820000000.0,823.0,0.823,1125.0,0.2051637761808165,0.037639797414848,0.0092845399767115,12063698600.0,,,,5.932696482509222e-07,3.710896755806496e-07
216,216,0.1,1130,2.25,100000.0,1467140000000.0,855.0,0.855,1130.0,0.2160292035090469,0.0357118340618659,0.0096609325486537,12544047000.0,,,,6.196567187352562e-07,3.874621079910672e-07
217,217,0.1,1135,2.25,100000.0,1468460000000.0,779.0,0.779,1135.0,0.2136270222841457,0.0320365010090106,0.0084899475301477,11439303400.0,,,,5.67542843973355e-07,3.547631842554947e-07
218,218,0.1,1140,2.25,100000.0,1469770000000.0,862.0,0.8619999999999999,1140.0,0.2058603336138738,0.0354636730627593,0.0081715605345681,12669417399.999998,,,,6.313883185946345e-07,3.945027821976714e-07
219,219,0.1,1145,2.25,100000.0,1471070000000.0,839.0,0.839,1145.0,0.2112151310057702,0.0337736898328168,0.0086793581432994,12342277300.0,,,,6.177828292721965e-07,3.8988191348050723e-07
220,220,0.1,1150,2.25,100000.0,1472370000000.0,886.0,0.886,1150.0,0.2122310265052719,0.0356951436720348,0.0088533133806916,13045198200.0,,,,6.558904650502545e-07,4.181421309058273e-07
221,221,0.1,1155,2.25,100000.0,1473650000000.0,915.0,0.915,1155.0,0.2104001986361596,0.027065080431379,0.0080729294931884,13483897500.0,,,,6.808202640153192e-07,4.340592119982038e-07
222,222,0.1,1160,2.25,100000.0,1474930000000.0,919.0,0.919,1160.0,0.2112984624661482,0.030264621722328,0.0082538452454728,13554606700.0,,,,6.873531966751852e-07,4.38216521775677e-07
223,223,0.1,1165,2.25,100000.0,1476200000000.0,827.0,0.827,1165.0,0.2166643944298704,0.0333064161874989,0.0088539722757447,12208174000.0,,,,6.218124755266672e-07,3.96352556547938e-07
224,224,0.1,1170,2.25,100000.0,1477470000000.0,835.0,0.835,1170.0,0.2198844730340718,0.0417410378103276,0.0095748380604525,12336874500.0,,,,6.310877041861134e-07,4.022286143723937e-07
225,225,0.1,1175,2.25,100000.0,1478730000000.0,866.0,0.8659999999999999,1175.0,0.2188495171547396,0.0391485719040303,0.0095050709351063,12805801799.999998,,,,6.578267384465764e-07,4.192465427830596e-07
226,226,0.1,1180,2.25,100000.0,1479980000000.0,888.0,0.8880000000000001,1180.0,0.215679904407792,0.0376172253534317,0.0098898511932333,13142222400.000002,,,,6.780309675234422e-07,4.320498647195932e-07
227,227,0.1,1185,2.25,100000.0,1481220000000.0,809.0,0.8089999999999999,1185.0,0.217142617290401,0.030865309741017,0.0083565468692186,11983069800.0,,,,6.208478042959061e-07,3.955539571670012e-07
228,228,0.1,1190,2.25,100000.0,1482460000000.0,905.0,0.905,1190.0,0.2178087588293528,0.0334644824842316,0.0085116258651671,13416263000.0,,,,6.979838986634428e-07,4.446814935118742e-07
229,229,0.1,1195,2.25,100000.0,1483690000000.0,861.0,0.861,1195.0,0.2196494985060046,0.0372170427787862,0.0088714218187845,12774570900.0,,,,6.674410848124817e-07,4.251119271611554e-07
230,230,0.1,1200,2.25,100000.0,1484910000000.0,870.0,0.8699999999999999,1200.0,0.2194099774625859,0.0329175833394618,0.0086753312340708,12918716999.999998,,,,6.777965294673705e-07,4.3164113427310354e-07
231,231,0.1,1205,2.25,100000.0,1486130000000.0,945.0,0.945,1205.0,0.2249294153804874,0.0271528522720725,0.0086948912844224,14043928500.0,,,,7.399836227356454e-07,4.710925518425838e-07
232,232,0.1,1210,2.25,100000.0,1487340000000.0,888.0,0.8880000000000001,1210.0,0.224834708790173,0.0338815628714084,0.0086192184709596,13207579200.000002,,,,6.988034579513293e-07,4.447969825045886e-07
233,233,0.1,1215,2.25,100000.0,1488540000000.0,870.0,0.8699999999999999,1215.0,0.2259938361935835,0.0303197721207073,0.008979814723765,12950297999.999998,,,,6.879718438399375e-07,4.37825124160291e-07
234,234,0.1,1220,2.25,100000.0,1489740000000.0,921.0,0.921,1220.0,0.2249536276133531,0.0263951340708933,0.0081476342456093,13720505399.999998,,,,7.319415327803734e-07,4.656717338845162e-07
235,235,0.1,1225,2.25,100000.0,1490930000000.0,987.0,0.987,1225.0,0.2231166396594606,0.0258652238211501,0.008702700403577,14715479100.0,,,,7.882372349951536e-07,5.01351000710352e-07
236,236,0.1,1230,2.25,100000.0,1492120000000.0,947.0,0.947,1230.0,0.2283667941771476,0.0469366555218351,0.0092185746871976,14130376400.0,,,,7.599297845577054e-07,4.832649233568404e-07
237,237,0.1,1235,2.25,100000.0,1493290000000.0,884.0,0.8840000000000001,1235.0,0.2313198836976559,0.030478172030807,0.0082455190635496,13200683600.000002,,,,7.128430466000843e-07,4.531630032166042e-07
238,238,0.1,1240,2.25,100000.0,1494460000000.0,905.0,0.905,1240.0,0.2258582508263986,0.0364107233237184,0.0089871173419124,13524863000.0,,,,7.333057628693536e-07,4.660403228029551e-07
239,239,0.1,1245,2.25,100000.0,1495630000000.0,949.0,0.949,1245.0,0.2323289221062442,0.0295154172119054,0.0079618594004725,14193528700.000002,,,,7.727482099801804e-07,4.908869113804535e-07
240,240,0.1,1250,2.25,100000.0,1496790000000.0,939.0,0.939,1250.0,0.2323338443616072,0.0356776474314947,0.008539718202602,14054858100.0,,,,7.682715557410085e-07,4.878922391199453e-07
241,241,0.1,1255,2.25,100000.0,1497940000000.0,934.0,0.934,1255.0,0.2380268533810889,0.0361500168103452,0.0086945192219251,13990759600.0,,,,7.67714325467335e-07,4.874260182173857e-07
242,242,0.1,1260,2.25,100000.0,1499080000000.0,912.0,0.912,1260.0,0.2368147073279482,0.0219634493266581,0.0086328468516932,13671609599.999998,,,,7.532732713945951e-07,4.780383364685971e-07
243,243,0.1,1265,2.25,100000.0,1500220000000.0,966.0,0.966,1265.0,0.2341684606282344,0.0343569336769089,0.0090687170675,14492125200.0,,,,8.016503136963367e-07,5.085339841426633e-07
244,244,0.1,1270,2.25,100000.0,1501360000000.0,982.0,0.982,1270.0,0.2378121571861136,0.026601723365235,0.007869731093129,14743355200.000002,,,,8.187109292525047e-07,5.191998675883831e-07
245,245,0.1,1275,2.25,100000.0,1502480000000.0,996.0,0.996,1275.0,0.2355372418616991,0.0351784634888641,0.0086638408411257,14964700800.0,,,,8.343046695156525e-07,5.288422064451834e-07
246,246,0.1,1280,2.25,100000.0,1503600000000.0,1010.0,1.01,1280.0,0.2362653717751762,0.0343359277237183,0.0088559880942659,15186360000.0,,,,8.499516057593369e-07,5.385635100486206e-07
247,247,0.1,1285,2.25,100000.0,1504720000000.0,1020.0,1.02,1285.0,0.2373964030042107,0.0392229822481547,0.0080886350206469,15348144000.0,,,,8.622986437043633e-07,5.461720276286149e-07
248,248,0.1,1290,2.25,100000.0,1505830000000.0,974.0,0.974,1290.0,0.2428589470270807,0.0318667374674691,0.0089761418056745,14666784200.000002,,,,8.272546877202175e-07,5.237258103104123e-07
249,249,0.1,1295,2.25,100000.0,1506930000000.0,1005.0,1.005,1295.0,0.243783801090773,0.0347070314085758,0.0083684051274526,15144646499.999998,,,,8.575185697665069e-07,5.426185494244059e-07
250,250,0.1,1300,2.25,100000.0,1508030000000.0,972.0,0.972,1300.0,0.24265142995505,0.0374218926966622,0.0084161908319668,14658051600.0,,,,8.332322098527526e-07,5.269666485715005e-07
251,251,0.1,1305,2.25,100000.0,1509120000000.0,997.0,0.997,1305.0,0.2446310838046414,0.0283298520947284,0.0091073675728552,15045926400.0,,,,8.585389105688872e-07,5.462287811625297e-07
252,252,0.1,1310,2.25,100000.0,1510200000000.0,977.0,0.977,1310.0,0.2421343215505937,0.0350884888512421,0.008855447646362,14754653999.999998,,,,8.450823580137207e-07,5.409727839027949e-07
253,253,0.1,1315,2.25,100000.0,1511280000000.0,958.0,0.958,1315.0,0.2453025508545371,0.0396755919527758,0.0082020364636203,14478062400.0,,,,8.3243593810402e-07,5.324745321375571e-07
254,254,0.1,1320,2.25,100000.0,1512360000000.0,1030.0,1.03,1320.0,0.2459092543054513,0.0324414096996431,0.0077398799553023,15577308000.0,,,,8.990110884021012e-07,5.746811775990556e-07
255,255,0.1,1325,2.25,100000.0,1513420000000.0,1034.0,1.034,1325.0,0.2466140914510021,0.03477898579494,0.0082286665915931,15648762800.0,,,,9.06489474290308e-07,5.84694470183829e-07
256,256,0.1,1330,2.25,100000.0,1514480000000.0,983.0,0.983,1330.0,0.2509024611864725,0.0381731443057716,0.008612499887373,14887338400.0,,,,8.656365410262977e-07,5.634447960033306e-07
257,257,0.1,1335,2.25,100000.0,1515540000000.0,1011.0,1.011,1335.0,0.2539735634708493,0.034960410739009,0.0086960314598529,15322109399.999998,,,,8.942331967094722e-07,5.82023178958884e-07
258,258,0.1,1340,2.25,100000.0,1516590000000.0,991.0,0.991,1340.0,0.2490007138669085,0.0327188773855683,0.0080105196700167,15029406900.0,,,,8.805001536643715e-07,5.730028708462325e-07
259,259,0.1,1345,2.25,100000.0,1517640000000.0,1012.0,1.012,1345.0,0.2501165986960963,0.0283659362050646,0.0091061357325865,15358516800.0,,,,9.0310540427697e-07,5.876653657192708e-07
260,260,0.1,1350,2.25,100000.0,1518680000000.0,1031.0,1.031,1350.0,0.2491812466535237,0.0334385068166427,0.0085501724037103,15657590799.999998,,,,9.239786137302644e-07,6.012807330148538e-07
261,261,0.1,1355,2.25,100000.0,1519710000000.0,990.0,0.99,1355.0,0.2521787497558216,0.030367363502113,0.008075232780551,15045129000.000002,,,,8.911572419107032e-07,5.815250552241142e-07
262,262,0.1,1360,2.25,100000.0,1520740000000.0,1092.0,1.092,1360.0,0.2560852236340003,0.0342921911548471,0.0090527635143295,16606480799.999998,,,,9.8723314528247e-07,6.460836079413926e-07
263,263,0.1,1365,2.25,100000.0,1521760000000.0,1056.0,1.056,1365.0,0.2548810226352452,0.0354046189271561,0.0084637850961588,16069785600.0,,,,9.58734131312506e-07,6.273743272813871e-07
264,264,0.1,1370,2.25,100000.0,1522780000000.0,1076.0,1.076,1370.0,0.2562458303939172,0.0365461299899641,0.0090675645778744,16385112800.000002,,,,9.811275198353394e-07,6.4191404640084e-07
265,265,0.1,1375,2.25,100000.0,1523790000000.0,929.0,0.929,1375.0,0.2595609405594411,0.0416062567841574,0.0087675974815578,14156009099.999998,,,,8.506818074896573e-07,5.564775223479279e-07
266,266,0.1,1380,2.25,100000.0,1524800000000.0,1074.0,1.0739999999999998,1380.0,0.262162551003313,0.0358111780751812,0.0091718434735257,16376351999.999998,,,,9.875795745533034e-07,6.459640735569072e-07
267,267,0.1,1385,2.25,100000.0,1525800000000.0,1044.0,1.044,1385.0,0.254115410257799,0.0227581224619904,0.0080853453328852,15929352000.0,,,,9.640683105549678e-07,6.304384753295789e-07
268,268,0.1,1390,2.25,100000.0,1526800000000.0,1057.0,1.057,1390.0,0.2571806883345815,0.0288671353569738,0.0078419681690433,16138276000.0,,,,9.801668626857897e-07,6.408553592985577e-07
269,269,0.1,1395,2.25,100000.0,1527790000000.0,1120.0,1.12,1395.0,0.2572168322777056,0.0326159800888739,0.0077445367829154,17111247999.999998,,,,1.0430374324751284e-06,6.817298180260759e-07
270,270,0.1,1400,2.25,100000.0,1528770000000.0,1048.0,1.048,1400.0,0.2608107272652251,0.0312748315048439,0.007379106891984,16021509600.0,,,,9.800395951067089e-07,6.404223351227761e-07
271,271,0.1,1405,2.25,100000.0,1529750000000.0,1051.0,1.051,1405.0,0.2635380034373186,0.0365047431399826,0.0073699746811329,16077672499.999998,,,,9.868427369171116e-07,6.447510150884756e-07
272,272,0.1,1410,2.25,100000.0,1530730000000.0,1099.0,1.099,1410.0,0.2630549040591476,0.0384959801065729,0.0090510530121817,16822722700.0,,,,1.0362103314387891e-06,6.76823656026457e-07
273,273,0.1,1415,2.25,100000.0,1531700000000.0,1083.0,1.083,1415.0,0.2628567743154861,0.0405452998852565,0.0082281957361718,16588311000.0,,,,1.0252820196345846e-06,6.695179302968539e-07
274,274,0.1,1420,2.25,100000.0,1532660000000.0,969.0,0.969,1420.0,0.2626443471607666,0.0363720069428759,0.008324684041627,14851475400.000002,,,,9.21040978489868e-07,6.013327367841411e-07
275,275,0.1,1425,2.25,100000.0,1533620000000.0,1045.0,1.045,1425.0,0.260526396068417,0.0322155334919104,0.008416363610822,16026328999.999998,,,,9.973647030049384e-07,6.509316994711746e-07
276,276,0.1,1430,2.25,100000.0,1534580000000.0,1022.0,1.022,1430.0,0.2668889126427388,0.0371548279378191,0.0076406514825619,15683407600.0,,,,9.793405617511788e-07,6.390019231082645e-07
277,277,0.1,1435,2.25,100000.0,1535530000000.0,1079.0,1.079,1435.0,0.2684159514486031,0.0375907480854302,0.0081309567244531,16568368700.0,,,,1.0382188906264056e-06,6.77129159676401e-07
278,278,0.1,1440,2.25,100000.0,1536470000000.0,1068.0,1.068,1440.0,0.264741651140209,0.036574944183104,0.0079000775844158,16409499600.0,,,,1.031695086714712e-06,6.726996781929612e-07
279,279,0.1,1445,2.25,100000.0,1537410000000.0,1042.0,1.042,1445.0,0.2766254333011194,0.0346673811754717,0.009373487591838,16019812200.0,,,,1.0104694055030611e-06,6.587026120208468e-07
280,280,0.1,1450,2.25,100000.0,1538350000000.0,1024.0,1.024,1450.0,0.2684535971445354,0.0347833856271196,0.008148575324035,15752704000.0,,,,9.970227661501194e-07,6.496764135769373e-07
281,281,0.1,1455,2.25,100000.0,1539280000000.0,1042.0,1.042,1455.0,0.2705860360968065,0.0329050317666229,0.0082977439783676,16039297600.0,,,,1.018550283269847e-06,6.634539419121465e-07
282,282,0.1,1460,2.25,100000.0,1540210000000.0,1017.0,1.017,1460.0,0.2719413985920266,0.0361245265086243,0.0089696653453298,15663935700.000002,,,,9.979119329190376e-07,6.49850675616809e-07
283,283,0.1,1465,2.25,100000.0,1541130000000.0,1035.0,1.035,1465.0,0.2764595154760392,0.0313920283758698,0.0084034492027796,15950695499.999998,,,,1.0195859071371346e-06,6.636707296523057e-07
284,284,0.1,1470,2.25,100000.0,1542040000000.0,1056.0,1.056,1470.0,0.2741799737944487,0.0274302012030458,0.0070328572587769,16283942400.0,,,,1.0442481703578074e-06,6.79511204212951e-07
285,285,0.1,1475,2.25,100000.0,1542950000000.0,956.0,0.956,1475.0,0.2749182001146997,0.029388199277065,0.0073817360058251,14750602000.000002,,,,9.489620335387068e-07,6.172794362271747e-07
286,286,0.1,1480,2.25,100000.0,1543860000000.0,1050.0,1.05,1480.0,0.281012608499617,0.039138557842909,0.0084058560921221,16210530000.0,,,,1.0463046112219548e-06,6.803114809825375e-07
287,287,0.1,1485,2.25,100000.0,1544760000000.0,975.0,0.975,1485.0,0.278400711724614,0.0339403214472556,0.0083320020847042,15061410000.0,,,,9.752400141828866e-07,6.339097331388853e-07
288,288,0.1,1490,2.25,100000.0,1545660000000.0,1028.0,1.028,1490.0,0.2740550419081048,0.0319331381875107,0.0080361759741174,15889384800.0,,,,1.0322404213689462e-06,6.706928707103964e-07
289,289,0.1,1495,2.25,100000.0,1546550000000.0,1023.0,1.023,1495.0,0.2790901231610876,0.0293733571296786,0.0085203959845522,15821206499.999998,,,,1.031032931780824e-06,6.698437291615948e-07
290,290,0.1,1500,2.25,100000.0,1547440000000.0,1051.0,1.051,1500.0,0.281333210852432,0.036487977514392,0.0081033296415546,16263594399.999998,,,,1.063133459562365e-06,6.906718080475634e-07
291,291,0.1,1505,2.25,100000.0,1548320000000.0,1029.0,1.029,1505.0,0.2806608626383113,0.0299346506715851,0.0081513797667442,15932212800.000002,,,,1.0447893084151104e-06,6.786306938705968e-07
292,292,0.1,1510,2.25,100000.0,1549200000000.0,988.0,0.988,1510.0,0.2825616832882,0.0328393557214329,0.0086689086620062,15306096000.0,,,,1.0068428181979185e-06,6.539250208275479e-07
293,293,0.1,1515,2.25,100000.0,1550070000000.0,975.0,0.975,1515.0,0.287134636285521,0.0340454664692989,0.0081904022936521,15113182500.0,,,,9.971879767319171e-07,6.47593567420605e-07
294,294,0.1,1520,2.25,100000.0,1550940000000.0,1025.0,1.025,1520.0,0.2767526851676221,0.0299629783568873,0.0073086892126885,15897135000.000002,,,,1.0521824008804623e-06,6.83207053342731e-07
295,295,0.1,1525,2.25,100000.0,1551810000000.0,1018.0,1.018,1525.0,0.2839317796806329,0.0265599637871524,0.0062693268795943,15797425800.0,,,,1.0487521861381189e-06,6.830285491925546e-07
296,296,0.1,1530,2.25,100000.0,1552670000000.0,1002.0,1.002,1530.0,0.2859047609566863,0.0386663957164463,0.0066142635667712,15557753400.0,,,,1.0360747405519324e-06,6.767594981860574e-07
297,297,0.1,1535,2.25,100000.0,1553520000000.0,1012.0,1.012,1535.0,0.2887533253485929,0.0396898168750333,0.0064833483585285,15721622400.0,,,,1.0501385354584433e-06,6.857970215401795e-07
298,298,0.1,1540,2.25,100000.0,1554380000000.0,1034.0,1.034,1540.0,0.2876895814275459,0.0335716094279853,0.0082284898320861,16072289200.0,,,,1.076701647959259e-06,7.030563152323211e-07
299,299,0.1,1545,2.25,100000.0,1555220000000.0,1043.0,1.043,1545.0,0.2907233522545697,0.0341186872887978,0.008890622820247,16220944599.999998,,,,1.089947449847107e-06,7.115104724557962e-07
300,300,0.1,1550,2.25,100000.0,1556070000000.0,1021.0,1.021,1550.0,0.2874471591885334,0.0332508733015742,0.0083267323190912,15887474700.000002,,,,1.07067951518671e-06,6.988051435659242e-07
301,301,0.1,1555,2.25,100000.0,1556900000000.0,986.0,0.986,1555.0,0.2940126360350286,0.0373181057873161,0.0078393755910287,15351034000.000002,,,,1.037482746709225e-06,6.77033953060671e-07
302,302,0.1,1560,2.25,100000.0,1557740000000.0,989.0,0.989,1560.0,0.2973293584485632,0.0335577412441752,0.0082399368574454,15406048600.0,,,,1.0443177254027702e-06,6.81300711547051e-07
303,303,0.1,1565,2.25,100000.0,1558570000000.0,958.0,0.958,1565.0,0.2952478148036095,0.0354939623218282,0.0076518739147515,14931100600.0,,,,1.015029835826373e-06,6.620537940024919e-07
304,304,0.1,1570,2.25,100000.0,1559390000000.0,915.0,0.915,1570.0,0.2892492228001361,0.0269050467268905,0.0073402901837256,14268418500.0,,,,9.728278426797016e-07,6.343577471801963e-07
305,305,0.1,1575,2.25,100000.0,1560210000000.0,1005.0,1.005,1575.0,0.2921325105858789,0.0320077245357881,0.0088934117263873,15680110499.999998,,,,1.0720471640685536e-06,6.989424780634792e-07
306,306,0.1,1580,2.25,100000.0,1561030000000.0,937.0,0.937,1580.0,0.2924113470579486,0.032372324989057,0.0082704841861017,14626851100.0,,,,1.002840399509164e-06,6.53702329343833e-07
307,307,0.1,1585,2.25,100000.0,1561840000000.0,1001.0,1.001,1585.0,0.2977134514017654,0.0366201704627686,0.0072863525610917,15634018399.999998,,,,1.0750075615730789e-06,7.005084841451557e-07
308,308,0.1,1590,2.25,100000.0,1562650000000.0,929.0,0.929,1590.0,0.2913743107406952,0.0349056163176564,0.0076920519437215,14517018499.999998,,,,1.000980843972324e-06,6.521337283475886e-07
309,309,0.1,1595,2.25,100000.0,1563460000000.0,945.0,0.945,1595.0,0.3009452004748397,0.0339700639228676,0.0077677354940315,14774697000.000002,,,,1.0214988865754012e-06,6.653875201815837e-07
310,310,0.1,1600,2.25,100000.0,1564260000000.0,882.0,0.882,1600.0,0.2975148470423097,0.0329587604206254,0.0068504261651416,13796773200.0,,,,9.565587314954304e-07,6.229213355306228e-07
311,311,0.1,1605,2.25,100000.0,1565050000000.0,910.0,0.91,1605.0,0.2975431279222866,0.0269030737834348,0.0081135014749335,14241955000.0,,,,9.90070326028471e-07,6.446219476316563e-07
312,312,0.1,1610,2.25,100000.0,1565840000000.0,905.0,0.905,1610.0,0.3008287018369901,0.0317377321281282,0.0078342632725082,14170852000.0,,,,9.87757683870187e-07,6.430043787009098e-07
313,313,0.1,1615,2.25,100000.0,1566630000000.0,857.0,0.857,1615.0,0.3054780099878748,0.0304432871786826,0.0069859929235694,13426019100.0,,,,9.383991748131008e-07,6.106969194555316e-07
314,314,0.1,1620,2.25,100000.0,1567420000000.0,883.0,0.8829999999999999,1620.0,0.3130174312195064,0.035509860589896,0.0084931635524385,13840318599.999998,,,,9.698841672392223e-07,6.310847020199716e-07
315,315,0.1,1625,2.25,100000.0,1568200000000.0,892.0,0.8920000000000001,1625.0,0.305905911935892,0.0415649085605964,0.0076761827513353,13988344000.000002,,,,9.82955014564355e-07,6.393663170837058e-07
316,316,0.1,1630,2.25,100000.0,1568970000000.0,875.0,0.8750000000000001,1630.0,0.3092528581338767,0.040946281427221,0.0068205185187557,13728487500.000002,,,,9.671972160014231e-07,6.289998350583483e-07
317,317,0.1,1635,2.25,100000.0,1569740000000.0,882.0,0.882,1635.0,0.3045415067136226,0.030817396284056,0.0083316463213559,13845106800.0,,,,9.778975717660398e-07,6.358389404143828e-07
318,318,0.1,1640,2.25,100000.0,1570510000000.0,817.0,0.8170000000000001,1640.0,0.3008335912943776,0.037606658612184,0.0083752641096862,12831066700.0,,,,9.086415318231324e-07,5.906619052441629e-07
319,319,0.1,1645,2.25,100000.0,1571280000000.0,770.0,0.77,1645.0,0.3035845163840254,0.029901544605919,0.0078394315337743,12098856000.0,,,,8.589552237187692e-07,5.582481347673823e-07
320,320,0.1,1650,2.25,100000.0,1572040000000.0,824.0,0.8240000000000001,1650.0,0.3113334784963118,0.0304071373081513,0.00821648576976,12953609600.000002,,,,9.219198309232184e-07,5.990773357505573e-07
321,321,0.1,1655,2.25,100000.0,1572790000000.0,802.0,0.8019999999999999,1655.0,0.3072718986641117,0.0321314390807228,0.0069896675245069,12613775799.999998,,,,9.000191560701737e-07,5.846911381608832e-07
322,322,0.1,1660,2.25,100000.0,1573540000000.0,815.0,0.815,1660.0,0.3106727569621657,0.0222097746250711,0.0082839825711658,12824351000.0,,,,9.172970006270028e-07,5.958108082994954e-07
323,323,0.1,1665,2.25,100000.0,1574290000000.0,755.0,0.755,1665.0,0.3154658235843106,0.0336107000351032,0.0079528156573726,11885889500.0,,,,8.523512292619807e-07,5.534460087119898e-07
324,324,0.1,1670,2.25,100000.0,1575040000000.0,689.0,0.6890000000000001,1670.0,0.3177119328981622,0.0372553355501409,0.0079528090013756,10852025600.0,,,,7.800259450679065e-07,5.064390029913992e-07
325,325,0.1,1675,2.25,100000.0,1575780000000.0,671.0,0.6709999999999999,1675.0,0.3168069328593432,0.0311235729249748,0.0083476976391031,10573483799.999998,,,,7.618262686515132e-07,4.945236247816417e-07
326,326,0.1,1680,2.25,100000.0,1576510000000.0,686.0,0.6859999999999999,1680.0,0.3135123823665342,0.0329007976483897,0.0078667999847783,10814858600.0,,,,7.81135960579335e-07,5.069259030101902e-07
327,327,0.1,1685,2.25,100000.0,1577250000000.0,665.0,0.6649999999999999,1685.0,0.3163264481194438,0.0296137342640646,0.0077127344395559,10488712499.999998,,,,7.593807116890218e-07,4.927007685008596e-07
328,328,0.1,1690,2.25,100000.0,1577980000000.0,661.0,0.661,1690.0,0.3172405394275469,0.0346609868818052,0.0059658732983467,10430447800.0,,,,7.568948345842284e-07,4.910248373520634e-07
329,329,0.1,1695,2.25,100000.0,1578700000000.0,655.0,0.655,1695.0,0.3180551502098421,0.0403012562466851,0.0073756030326054,10340485000.0,,,,7.521373171027484e-07,4.878197038780792e-07
330,330,0.1,1700,2.25,100000.0,1579420000000.0,613.0,0.613,1700.0,0.3217513834372318,0.0410901298685258,0.0069968295084607,9681844600.0,,,,7.058324023625316e-07,4.57716326675334e-07
331,331,0.1,1705,2.25,100000.0,1580140000000.0,620.0,0.62,1705.0,0.3154822808107028,0.0339290675678098,0.0078571098554157,9796868000.0,,,,7.158100743482966e-07,4.641184733200528e-07
332,332,0.1,1710,2.25,100000.0,1580860000000.0,597.0,0.597,1710.0,0.3232490902341263,0.0239178165820828,0.0081634450039006,9437734200.0,,,,6.911525264235475e-07,4.480376650873979e-07
333,333,0.1,1715,2.25,100000.0,1581570000000.0,577.0,0.577,1715.0,0.3241541489307423,0.0397977450960021,0.0083286221621795,9125658900.0,,,,6.698010914052204e-07,4.341066088851044e-07
334,334,0.1,1720,2.25,100000.0,1582270000000.0,567.0,0.567,1720.0,0.3227506809667242,0.0268276693373465,0.0085012209075936,8971470900.0,,,,6.599835541834712e-07,4.276446174233037e-07
335,335,0.1,1725,2.25,100000.0,1582980000000.0,542.0,0.542,1725.0,0.3258524158089504,0.040301662487331,0.0076935097014282,8579751600.000001,,,,6.325273818778232e-07,4.097948387281664e-07
336,336,0.1,1730,2.25,100000.0,1583680000000.0,503.0,0.503,1730.0,0.3278658394733901,0.0288254690437279,0.0077962250754973,7965910400.0,,,,5.885115660971946e-07,3.812425411350301e-07
337,337,0.1,1735,2.25,100000.0,1584370000000.0,464.0,0.464,1735.0,0.3212908753301003,0.0365805020199781,0.0066438458545429,7351476800.0,,,,5.442994056289602e-07,3.525271019701587e-07
338,338,0.1,1740,2.25,100000.0,1585070000000.0,483.0,0.483,1740.0,0.3166883058208005,0.0395087486957144,0.009132066684671,7655888100.0,,,,5.680018472732319e-07,3.678469444137474e-07
339,339,0.1,1745,2.25,100000.0,1585760000000.0,447.0,0.447,1745.0,0.3257686812868886,0.0369789964825565,0.0088715759534009,7088347200.0,,,,5.269703399856224e-07,3.413126604037963e-07
340,340,0.1,1750,2.25,100000.0,1586440000000.0,457.0,0.457,1750.0,0.3264210824376616,0.0312009476053961,0.0089212071367884,7250030800.0,,,,5.401079172272011e-07,3.498526185754062e-07
341,341,0.1,1755,2.25,100000.0,1587120000000.0,446.0,0.446,1755.0,0.3314554944039646,0.0382362850759193,0.0076019239128106,7078555200.000001,,,,5.284022299086007e-07,3.423014898956929e-07
342,342,0.1,1760,2.25,100000.0,1587800000000.0,473.0,0.473,1760.0,0.3311594954680533,0.0314546506065481,0.0084294753582775,7510294000.0,,,,5.617833096664508e-07,3.639501829371714e-07
343,343,0.1,1765,2.25,100000.0,1588480000000.0,424.0,0.424,1765.0,0.3248754090016182,0.0297445956141175,0.006170525298624,6735155200.0,,,,5.047566576462929e-07,3.2707153644808984e-07
344,344,0.1,1770,2.25,100000.0,1589150000000.0,357.0,0.357,1770.0,0.3308048482058527,0.0363266897437822,0.0066240637231544,5673265500.0,,,,4.259931751869793e-07,2.7608340511263266e-07
345,345,0.1,1775,2.25,100000.0,1589820000000.0,407.0,0.407,1775.0,0.3422507568223979,0.0373451060564966,0.0059669407918971,6470567400.0,,,,4.868284984433152e-07,3.1553123095153334e-07
346,346,0.1,1780,2.25,100000.0,1590480000000.0,344.0,0.344,1780.0,0.3328018920264522,0.0322296183953257,0.0078533210371942,5471251200.0,,,,4.1241204480189787e-07,2.6735066724652693e-07
347,347,0.1,1785,2.25,100000.0,1591140000000.0,370.0,0.37,1785.0,0.326856353608382,0.0321417635391314,0.0048132628727507,5887218000.0,,,,4.445755749848182e-07,2.882612910807317e-07
348,348,0.1,1790,2.25,100000.0,1591800000000.0,357.0,0.357,1790.0,0.3317432559436717,0.0370052507393656,0.0069330767733652,5682726000.0,,,,4.299441955943946e-07,2.788151135577504e-07
349,349,0.1,1795,2.25,100000.0,1592460000000.0,344.0,0.344,1795.0,0.3289542232309001,0.0242897374559067,0.007605931472884,5478062400.0,,,,4.152078322648657e-07,2.6930937533030333e-07
350,350,0.1,1800,2.25,100000.0,1593110000000.0,337.0,0.337,1800.0,0.3305895078919035,0.0399237886535504,0.0058550141048203,5368780700.0,,,,4.076248311680343e-07,2.644641389909658e-07
351,351,0.1,1805,2.25,100000.0,1593760000000.0,328.0,0.328,1805.0,0.3500645541127905,0.0423707839179883,0.0079531890393175,5227532800.0,,,,3.976251399299005e-07,2.5801470835019693e-07
352,352,0.1,1810,2.25,100000.0,1594400000000.0,324.0,0.3239999999999999,1810.0,0.3501186440107258,0.0304612784481867,0.0079710228187489,5165855999.999999,,,,3.936177588656641e-07,2.554749117236877e-07
353,353,0.1,1815,2.25,100000.0,1595040000000.0,262.0,0.262,1815.0,0.3511080412984544,0.0292752950590043,0.0064237176854646,4179004800.0,,,,3.189872694550428e-07,2.070710700393925e-07
354,354,0.1,1820,2.25,100000.0,1595680000000.0,274.0,0.2739999999999999,1820.0,0.3395467851086579,0.0386413669967211,0.0066432607946476,4372163199.999999,,,,3.342936228322607e-07,2.1706267376280883e-07
355,355,0.1,1825,2.25,100000.0,1596310000000.0,263.0,0.263,1825.0,0.3454533882457062,0.0290904585523593,0.0051342417823771,4198295300.0,,,,3.215133576614369e-07,2.0882937432693574e-07
356,356,0.1,1830,2.25,100000.0,1596940000000.0,241.0,0.241,1830.0,0.3306099465055142,0.0334018730803774,0.0073152392397089,3848625400.0,,,,2.952378002055452e-07,1.918031147990332e-07
357,357,0.1,1835,2.25,100000.0,1597570000000.0,258.0,0.258,1835.0,0.3492398946012544,0.0270948004242425,0.0085795212636702,4121730600.0,,,,3.1668875788996333e-07,2.0579995356466122e-07
358,358,0.1,1840,2.25,100000.0,1598200000000.0,223.0,0.223,1840.0,0.348949415161984,0.040455645467278,0.0061235107081471,3563986000.0000005,,,,2.7818497944975494e-07,1.7828666046362721e-07
359,359,0.1,1845,2.25,100000.0,1598820000000.0,222.0,0.222,1845.0,0.334992381461452,0.0352307560468581,0.0061397947160766,3549380400.0000005,,,,2.77797786854739e-07,1.7788438002736396e-07
360,360,0.1,1850,2.25,100000.0,1599440000000.0,209.0,0.209,1850.0,0.3365918937355144,0.0429898112403119,0.0072128423917477,3342829600.0,,,,2.623705206264876e-07,1.678430640075516e-07
361,361,0.1,1855,2.25,100000.0,1600050000000.0,194.0,0.194,1855.0,0.3461753066937468,0.0366499883863376,0.0073822859622911,3104097000.0,,,,2.443099011944736e-07,1.5614012937495598e-07
362,362,0.1,1860,2.25,100000.0,1600660000000.0,171.0,0.1709999999999999,1860.0,0.3620712448378211,0.0282710250272771,0.0062468736945388,2737128600.0,,,,2.160733443411737e-07,1.3793230195525096e-07
363,363,0.1,1865,2.25,100000.0,1601270000000.0,179.0,0.179,1865.0,0.3454103559455539,0.0250368173017702,0.0049411372111781,2866273300.0,,,,2.2689361232085522e-07,1.446998899456796e-07
364,364,0.1,1870,2.25,100000.0,1601880000000.0,179.0,0.179,1870.0,0.3630073419373117,0.0444660396230369,0.0070453700377445,2867365200.0,,,,2.276572992298597e-07,1.4501563764363168e-07
365,365,0.1,1875,2.25,100000.0,1602480000000.0,152.0,0.152,1875.0,0.3584921227235091,0.0382951369231706,0.0060379421640815,2435769600.0,,,,1.9392206020650093e-07,1.2340539924358913e-07
366,366,0.1,1880,2.25,100000.0,1603080000000.0,137.0,0.1369999999999999,1880.0,0.3588199194949416,0.0261936583492856,0.0068827374899224,2196219599.9999995,,,,1.7532995607512965e-07,1.1146568814044489e-07
367,367,0.1,1885,2.25,100000.0,1603680000000.0,136.0,0.136,1885.0,0.3716635113227196,0.0202296379579602,0.0071556294506101,2181004800.0,,,,1.7463767327114817e-07,1.1088595701844029e-07
368,368,0.1,1890,2.25,100000.0,1604270000000.0,149.0,0.149,1890.0,0.3516026965199654,0.0139000038409506,0.0079065924437912,2390362300.0,,,,1.919163059205952e-07,1.217417276556301e-07
369,369,0.1,1895,2.25,100000.0,1604860000000.0,131.0,0.131,1895.0,0.357071319193124,0.024582785016853,0.0081538226691569,2102366600.0,,,,1.692531506460726e-07,1.0725758248261577e-07
370,370,0.1,1900,2.25,100000.0,1605450000000.0,135.0,0.135,1900.0,0.3692907320247922,0.0230407432535835,0.0070402361031232,2167357500.0,,,,1.749984741449532e-07,1.1076312763510927e-07
371,371,0.1,1905,2.25,100000.0,1606030000000.0,120.0,0.12,1905.0,0.3624201057757579,0.0299804585388828,0.0070308784534692,1927236000.0,,,,1.5603166169091264e-07,9.865756145505924e-08
372,372,0.1,1910,2.25,100000.0,1606610000000.0,129.0,0.129,1910.0,0.3562473400228719,0.0365237594576501,0.0074932661346177,2072526900.0,,,,1.6828575556647225e-07,1.0627416584195225e-07
373,373,0.1,1915,2.25,100000.0,1607190000000.0,121.0,0.121,1915.0,0.3693525459004289,0.0222838731148433,0.007950882144637,1944699900.0,,,,1.583317155685177e-07,9.98849425251934e-08
374,374,0.1,1920,2.25,100000.0,1607770000000.0,109.0,0.109,1920.0,0.3694228951619547,0.0348049698406822,0.0068180042368926,1752469300.0,,,,1.430641852648233e-07,9.016104768715497e-08
375,375,0.1,1925,2.25,100000.0,1608340000000.0,101.0,0.101,1925.0,0.3646740364097716,0.0329822443911238,0.0060312872328539,1624423400.0,,,,1.329914708593861e-07,8.370986426458614e-08
376,376,0.1,1930,2.25,100000.0,1608910000000.0,95.0,0.095,1930.0,0.3578741097254018,0.0445120567122644,0.0063705266188584,1528464500.0,,,,1.254697994816947e-07,7.88937838409803e-08
377,377,0.1,1935,2.25,100000.0,1609470000000.0,95.0,0.095,1935.0,0.3616114077593042,0.0447653959121245,0.0064197199045301,1528996500.0,,,,1.258481155903456e-07,7.904813727213509e-08
378,378,0.1,1940,2.25,100000.0,1610040000000.0,86.0,0.086,1940.0,0.3585919343948185,0.0395186683948593,0.0063814575084341,1384634400.0,,,,1.1429062187237129e-07,7.169999223260751e-08
379,379,0.1,1945,2.25,100000.0,1610600000000.0,61.0,0.061,1945.0,0.374818927512101,0.0423892418799363,0.0075089137445451,982466000.0,,,,8.13099306793049e-08,5.0955005043812455e-08
380,380,0.1,1950,2.25,100000.0,1611150000000.0,68.0,0.068,1950.0,0.3640876423041603,0.0450462296173981,0.0066270269393892,1095582000.0,,,,9.091146561158457e-08,5.691157678202239e-08
381,381,0.1,1955,2.25,100000.0,1611710000000.0,73.0,0.073,1955.0,0.363480770246117,0.0488741018014757,0.0058637446805372,1176548300.0,,,,9.790618471319597e-08,6.121224402730375e-08
382,382,0.1,1960,2.25,100000.0,1612260000000.0,76.0,0.076,1960.0,0.3617362305000813,0.0447619850286299,0.0070364064137626,1225317600.0,,,,1.0223298477849497e-07,6.384855400969204e-08
383,383,0.1,1965,2.25,100000.0,1612810000000.0,55.0,0.055,1965.0,0.3711325171814798,0.04297442143306,0.0064811849487561,887045500.0,,,,7.42179844010375e-08,4.629263061210645e-08
384,384,0.1,1970,2.25,100000.0,1613360000000.0,67.0,0.067,1970.0,0.3843841441112641,0.0399096485930447,0.0061158514179121,1080951200.0,,,,9.067878659548937e-08,5.649846333967512e-08
385,385,0.1,1975,2.25,100000.0,1613900000000.0,61.0,0.061,1975.0,0.3875620492875743,0.044004233075955,0.0064662408320566,984479000.0,,,,8.279865508885102e-08,5.15334202274952e-08
386,386,0.1,1980,2.25,100000.0,1614440000000.0,42.0,0.042,1980.0,0.3736702983770569,0.0387979921904704,0.0063311879268793,678064800.0,,,,5.71895677813174e-08,3.5547302752293574e-08
387,387,0.1,1985,2.25,100000.0,1614980000000.0,43.0,0.043,1985.0,0.3765653907878608,0.0360451170121142,0.0067658460919309,694441400.0,,,,5.8720923078773494e-08,3.6459741268874566e-08
388,388,0.1,1990,2.25,100000.0,1615510000000.0,48.0,0.048,1990.0,0.3754513325403217,0.0412560685877965,0.0064107144285839,775444800.0,,,,6.573808631080918e-08,4.0772969619214884e-08
389,389,0.1,1995,2.25,100000.0,1616040000000.0,39.0,0.039,1995.0,0.3329528190249045,0.0422203111812947,0.0054586521017245,630255600.0,,,,5.35800797043404e-08,3.3187154934323975e-08
390,390,0.1,2000,2.25,100000.0,1616570000000.0,37.0,0.037,2000.0,0.3545821395685915,0.0414410875823676,0.0066095373682307,598130900.0,,,,5.0978412273338274e-08,3.154149857883385e-08
391,391,0.1,2005,2.25,100000.0,1617100000000.0,38.0,0.038,2005.0,0.3873661228966066,0.0377127125366076,0.0065722109200674,614498000.0,,,,5.2511854390746913e-08,3.2450538511706264e-08
392,392,0.1,2010,2.25,100000.0,1617620000000.0,26.0,0.026,2010.0,0.3477978281550217,0.0415791592358052,0.0062690072144329,420581200.0,,,,3.603600087382525e-08,2.224167618564116e-08
393,393,0.1,2015,2.25,100000.0,1618140000000.0,26.0,0.026,2015.0,0.346266659228312,0.0418728028428275,0.0066123866940535,420716400.0,,,,3.614312893492591e-08,2.2279872373664492e-08
394,394,0.1,2020,2.25,100000.0,1618660000000.0,36.0,0.036,2020.0,0.3611327654533796,0.0384476887064455,0.0059974523296664,582717600.0000001,,,,5.019345192448624e-08,3.090208889053875e-08
395,395,0.1,2025,2.25,100000.0,1619170000000.0,26.0,0.026,2025.0,0.3503933343354181,0.0375644655424532,0.0072385946083095,420984200.0,,,,3.6353146964343154e-08,2.2355794403938173e-08
396,396,0.1,2030,2.25,100000.0,1619680000000.0,16.0,0.016,2030.0,0.3161861122391473,0.0308275310101515,0.0050171892065301,259148800.0,,,,2.243445034048077e-08,1.3780625674676821e-08
397,397,0.1,2035,2.25,100000.0,1620190000000.0,12.0,0.012,2035.0,0.3912699618978531,0.0470040360777268,0.0057032936834977,194422800.0,,,,1.6875335021621692e-08,1.0352624194291282e-08
398,398,0.1,2040,2.25,100000.0,1620700000000.0,3.0,0.003,2040.0,0.2264548542348393,0.0165477750455052,0.0015782155101478,48621000.0,,,,4.231273233931383e-09,2.5924563311792183e-09
399,399,0.1,2045,2.25,100000.0,1621210000000.0,15.0,0.015,2045.0,0.3273983202994451,0.0390506053416324,0.0055238052684129,243181500.0,,,,2.1217945768791863e-08,1.2983251825908684e-08
400,400,0.1,2050,2.25,100000.0,1621710000000.0,10.0,0.01,2050.0,0.3770305161170562,0.0377676060139436,0.0048588018751385,162171000.0,,,,1.4186476402495677e-08,8.669464342991553e-09
401,401,0.1,2055,2.25,100000.0,1622210000000.0,11.0,0.011,2055.0,0.403196272171816,0.0479693742067364,0.005674287369098,178443100.00000003,,,,1.5650259733829715e-08,9.551452444292192e-09
402,402,0.1,2060,2.25,100000.0,1622700000000.0,12.0,0.012,2060.0,0.3105057909195607,0.0283647238995077,0.0069696394502598,194724000.0,,,,1.7122399088367527e-08,1.0436152766016744e-08
403,403,0.1,2065,2.25,100000.0,1623200000000.0,19.0,0.019,2065.0,0.4014132766797464,0.0381132995573224,0.0061956852025826,308408000.0,,,,2.7185499580612645e-08,1.6549488878752917e-08
404,404,0.1,2070,2.25,100000.0,1623690000000.0,11.0,0.011,2070.0,0.386315541735841,0.0275276282235295,0.0058618909425552,178605900.00000003,,,,1.578253133880063e-08,9.596070361694356e-09
405,405,0.1,2075,2.25,100000.0,1624180000000.0,18.0,0.018,2075.0,0.3692233719245516,0.0441228214379712,0.0063738122585059,292352400.00000006,,,,2.5899881939660744e-08,1.57267066712212e-08
406,406,0.1,2080,2.25,100000.0,1624660000000.0,12.0,0.012,2080.0,0.3718594812590784,0.0473925506492877,0.0059984379261739,194959200.0,,,,1.7316015363150698e-08,1.0500476659826464e-08
407,407,0.1,2085,2.25,100000.0,1625140000000.0,16.0,0.016,2085.0,0.432882808784245,0.0385093215836546,0.0066838739624249,260022400.0,,,,2.3153690662370488e-08,1.4021537383051578e-08
408,408,0.1,2090,2.25,100000.0,1625620000000.0,13.0,0.013,2090.0,0.3860800203639924,0.0321255637862503,0.0051598015345282,211330600.0,,,,1.886600329998653e-08,1.1409522575490084e-08
409,409,0.1,2095,2.25,100000.0,1626100000000.0,10.0,0.01,2095.0,0.4097946617384952,0.0467434649148369,0.0072067802689359,162610000.0,,,,1.4553146639170933e-08,8.789492175887139e-09
410,410,0.1,2100,2.25,100000.0,1626580000000.0,7.0,0.0069999999999999,2100.0,0.4119252721078587,0.032094306192007,0.0060512383756018,113860600.0,,,,1.0215932447446081e-08,6.1617213332106685e-09
411,411,0.1,2105,2.25,100000.0,1627050000000.0,3.0,0.003,2105.0,0.2336703275317473,0.0064662272066272,0.0039360619359928,48811500.0,,,,4.390088747366853e-09,2.644549069749802e-09
412,412,0.1,2110,2.25,100000.0,1627520000000.0,2.0,0.002,2110.0,0.2484335147505124,0.0198351874887554,0.0063058043960982,32550400.0,,,,2.934651977291795e-09,1.765579488069602e-09
413,413,0.1,2115,2.25,100000.0,,,,2115.0,,,,,,,,,
414,414,0.1,2120,2.25,100000.0,1628450000000.0,2.0,0.002,2120.0,0.4992218495465355,0.0191539195889662,0.005315881198229,32569000.0,,,,2.951130147493811e-09,1.7705835983582051e-09
415,415,0.1,2125,2.25,100000.0,1628920000000.0,2.0,0.002,2125.0,0.0,0.0156603496794059,0.0047605503140505,32578400.0,,,,2.9593149810406053e-09,1.7730706433003155e-09
416,416,0.1,2130,2.25,100000.0,1629380000000.0,4.0,0.004,2130.0,0.2171890689061529,0.0193005786066279,0.0041806639666848,65175200.0,,,,5.9350447350476e-09,3.5511046939275887e-09
417,417,0.1,2135,2.25,100000.0,1629840000000.0,6.0,0.006,2135.0,0.374730765993881,0.0273087877890441,0.0077764671943693,97790400.0,,,,8.926269138014847e-09,5.3339587804871395e-09
418,418,0.1,2140,2.25,100000.0,1630290000000.0,5.0,0.005,2140.0,0.3771077961252708,0.0273144604393231,0.0072552880195039,81514500.0,,,,7.458357780891717e-09,4.451036388257907e-09
419,419,0.1,2145,2.25,100000.0,1630740000000.0,14.0,0.0139999999999999,2145.0,0.4462751455145496,0.0474134046312478,0.0068139185982915,228303600.0,,,,2.09405981539306e-08,1.2620884664180857e-08
420,420,0.1,2150,2.25,100000.0,1631190000000.0,7.0,0.0069999999999999,2150.0,0.4574336819304195,0.0427007616026374,0.0072040652097258,114183300.0,,,,1.0499038433693411e-08,6.391416784680745e-09
421,421,0.1,2155,2.25,100000.0,1631640000000.0,3.0,0.003,2155.0,0.0,0.0350727748139101,0.0013946488029332,48949200.0,,,,4.5119463240662686e-09,2.742190651189889e-09
422,422,0.1,2160,2.25,100000.0,1632090000000.0,6.0,0.006,2160.0,0.2397757280132998,0.0325813531023587,0.0056060239802648,97925400.0,,,,9.048731900233144e-09,5.490415290681049e-09
423,423,0.1,2165,2.25,100000.0,1632530000000.0,6.0,0.006,2165.0,0.4575761430470086,0.0346489668145229,0.0072072319087538,97951800.0,,,,9.07326104940562e-09,5.497088757130791e-09
424,424,0.1,2170,2.25,100000.0,1632970000000.0,8.0,0.008,2170.0,0.4737059237013409,0.0329925020110358,0.0074194659179181,130637600.0,,,,1.2130546959796697e-08,7.338366475676891e-09
425,425,0.1,2175,2.25,100000.0,1633410000000.0,10.0,0.01,2175.0,0.3832754469969353,0.0452163607457264,0.0074162296874909,163341000.0,,,,1.5202704538617652e-08,9.185878780210046e-09
426,426,0.1,2180,2.25,100000.0,1633850000000.0,12.0,0.012,2180.0,0.3313664970436041,0.0316726246434319,0.0032338629687206,196062000.0,,,,1.8290892569141693e-08,1.103859471328435e-08
427,427,0.1,2185,2.25,100000.0,1634280000000.0,5.0,0.005,2185.0,0.3850376329596956,0.0328596719378568,0.0033094942873087,81714000.0,,,,7.641511539383263e-09,4.60577229288144e-09
428,428,0.1,2190,2.25,100000.0,1634710000000.0,12.0,0.012,2190.0,0.3843842517692766,0.0355206447340646,0.0064351413581815,196165200.0,,,,1.838859737335072e-08,1.106914647496304e-08
429,429,0.1,2195,2.25,100000.0,1635140000000.0,11.0,0.011,2195.0,0.430664631346777,0.0306776798594139,0.0062767822905742,179865400.00000003,,,,1.6901263693806105e-08,1.0160566706021253e-08
430,430,0.1,2200,2.25,100000.0,1635570000000.0,3.0,0.003,2200.0,0.4229945534025409,0.0348864377658513,0.0096662717973713,49067100.0,,,,4.62178109766202e-09,2.7748490058135592e-09
431,431,0.1,2205,2.25,100000.0,1635990000000.0,9.0,0.009,2205.0,0.2580113470778327,0.0360065764433012,0.0029888300323696,147239100.00000003,,,,1.3902168761308657e-08,8.335546875000002e-09
432,432,0.1,2210,2.25,100000.0,1636410000000.0,4.0,0.004,2210.0,0.450692809654621,0.027060445966616,0.0077204713884627,65456400.0,,,,6.1951872481235924e-09,3.7095867431369437e-09
433,433,0.1,2215,2.25,100000.0,1636830000000.0,9.0,0.009,2215.0,0.384428240045931,0.0565563840232784,0.0063287990738277,147314700.00000003,,,,1.3974483202332148e-08,8.353446516058794e-09
434,434,0.1,2220,2.25,100000.0,1637250000000.0,9.0,0.009,2220.0,0.4573661655529725,0.0472134784636006,0.0069289055645187,147352500.00000003,,,,1.4009956205748406e-08,8.360330662914465e-09
435,435,0.1,2225,2.25,100000.0,1637660000000.0,7.0,0.0069999999999999,2225.0,0.3960670512212419,0.056584344049165,0.0055070873234686,114636200.0,,,,1.0925281188914376e-08,6.5045875203558795e-09
436,436,0.1,2230,2.25,100000.0,1638080000000.0,9.0,0.009,2230.0,0.3500832466945325,0.0289587658695645,0.0038047345947908,147427200.00000003,,,,1.4083885579844089e-08,8.365803002962106e-09
437,437,0.1,2235,2.25,100000.0,1638490000000.0,4.0,0.004,2235.0,0.2278955723027881,0.0111282336596585,0.000449592093184,65539600.0,,,,6.275897745350175e-09,3.715154624273361e-09
438,438,0.1,2240,2.25,100000.0,1638900000000.0,5.0,0.005,2240.0,0.2584112180790628,0.036946406292148,0.0056380278720521,81945000.0,,,,7.8654607636134e-09,4.640226051405177e-09
439,439,0.1,2245,2.25,100000.0,1639300000000.0,3.0,0.003,2245.0,0.2492113469396568,0.0213434101028742,0.0043989102255766,49179000.0,,,,4.731470907698696e-09,2.7795816977948843e-09
440,440,0.1,2250,2.25,100000.0,1639710000000.0,5.0,0.005,2250.0,0.2119338040526997,0.0522080809327778,0.0054288547030529,81985500.0,,,,7.906252458489667e-09,4.6251029549480445e-09
441,441,0.1,2255,2.25,100000.0,1640110000000.0,5.0,0.005,2255.0,0.3358414264775411,0.0382049191994626,0.0074523178146927,82005500.0,,,,7.925863730989028e-09,4.619989126852449e-09
442,442,0.1,2260,2.25,100000.0,1640510000000.0,4.0,0.004,2260.0,0.441268081407134,0.0342247469536095,0.0081386387350278,65620400.0,,,,6.356450320849613e-09,3.6919112641427684e-09
443,443,0.1,2265,2.25,100000.0,1640900000000.0,2.0,0.002,2265.0,0.2666833701000077,0.0336877176856234,0.0007873719863837,32818000.0,,,,3.186414194153184e-09,1.8459219344550902e-09
444,444,0.1,2270,2.25,100000.0,1641300000000.0,3.0,0.003,2270.0,0.4364534710109348,0.0234746760976404,0.007936384274878,49239000.0,,,,4.791991618502427e-09,2.768849250978452e-09
445,445,0.1,2275,2.25,100000.0,1641690000000.0,3.0,0.003,2275.0,0.5050831307689225,0.0248708470447911,0.0070966996095982,49250700.0,,,,4.804201930702109e-09,2.770332828961801e-09
446,446,0.1,2280,2.25,100000.0,1642080000000.0,,,2280.0,,,,,,,,,
447,447,0.1,2285,2.25,100000.0,1642470000000.0,,,2285.0,,,,,,,,,
448,448,0.1,2290,2.25,100000.0,1642850000000.0,,,2290.0,,,,,,,,,
449,449,0.1,2295,2.25,100000.0,1643240000000.0,,,2295.0,,,,,,,,,
450,450,0.1,2300,2.25,100000.0,1643620000000.0,,,2300.0,,,,,,,,,
451,451,0.1,2305,2.25,100000.0,1644000000000.0,,,2305.0,,,,,,,,,
452,452,0.1,2310,2.25,100000.0,1644370000000.0,,,2310.0,,,,,,,,,
453,453,0.1,2315,2.25,100000.0,1644750000000.0,,,2315.0,,,,,,,,,
454,454,0.1,2320,2.25,100000.0,1645120000000.0,,,2320.0,,,,,,,,,
455,455,0.1,2325,2.25,100000.0,1645490000000.0,,,2325.0,,,,,,,,,
456,456,0.1,2330,2.25,100000.0,1645860000000.0,,,2330.0,,,,,,,,,
457,457,0.1,2335,2.25,100000.0,1646230000000.0,,,2335.0,,,,,,,,,
458,458,0.1,2340,2.25,100000.0,1646590000000.0,,,2340.0,,,,,,,,,
459,459,0.1,2345,2.25,100000.0,1646950000000.0,,,2345.0,,,,,,,,,
460,460,0.1,2350,2.25,100000.0,1647310000000.0,,,2350.0,,,,,,,,,
461,461,0.1,2355,2.25,100000.0,1647670000000.0,,,2355.0,,,,,,,,,
462,462,0.1,2360,2.25,100000.0,1648030000000.0,,,2360.0,,,,,,,,,
463,463,0.1,2365,2.25,100000.0,1648380000000.0,,,2365.0,,,,,,,,,
464,464,0.1,2370,2.25,100000.0,1648730000000.0,,,2370.0,,,,,,,,,
465,465,0.1,2375,2.25,100000.0,1649080000000.0,,,2375.0,,,,,,,,,
466,466,0.1,2380,2.25,100000.0,1649430000000.0,,,2380.0,,,,,,,,,
467,467,0.1,2385,2.25,100000.0,1649780000000.0,,,2385.0,,,,,,,,,
468,468,0.1,2390,2.25,100000.0,1650120000000.0,,,2390.0,,,,,,,,,
469,469,0.1,2395,2.25,100000.0,1650460000000.0,,,2395.0,,,,,,,,,
470,470,0.1,2400,2.25,100000.0,1650800000000.0,,,2400.0,,,,,,,,,
471,471,0.1,2405,2.25,100000.0,1651140000000.0,,,2405.0,,,,,,,,,
472,472,0.1,2410,2.25,100000.0,1651480000000.0,,,2410.0,,,,,,,,,
473,473,0.1,2415,2.25,100000.0,1651810000000.0,,,2415.0,,,,,,,,,
474,474,0.1,2420,2.25,100000.0,1652140000000.0,,,2420.0,,,,,,,,,
475,475,0.1,2425,2.25,100000.0,1652470000000.0,,,2425.0,,,,,,,,,
476,476,0.1,2430,2.25,100000.0,1652800000000.0,,,2430.0,,,,,,,,,
477,477,0.1,2435,2.25,100000.0,1653130000000.0,,,2435.0,,,,,,,,,
478,478,0.1,2440,2.25,100000.0,1653450000000.0,,,2440.0,,,,,,,,,
479,479,0.1,2445,2.25,100000.0,1653770000000.0,,,2445.0,,,,,,,,,
480,480,0.1,2450,2.25,100000.0,1654090000000.0,,,2450.0,,,,,,,,,
481,481,0.1,2455,2.25,100000.0,1654410000000.0,,,2455.0,,,,,,,,,
482,482,0.1,2460,2.25,100000.0,1654730000000.0,,,2460.0,,,,,,,,,
483,483,0.1,2465,2.25,100000.0,1655040000000.0,,,2465.0,,,,,,,,,
484,484,0.1,2470,2.25,100000.0,1655350000000.0,,,2470.0,,,,,,,,,
485,485,0.1,2475,2.25,100000.0,1655660000000.0,,,2475.0,,,,,,,,,
486,486,0.1,2480,2.25,100000.0,1655970000000.0,,,2480.0,,,,,,,,,
487,487,0.1,2485,2.25,100000.0,1656280000000.0,,,2485.0,,,,,,,,,
488,488,0.1,2490,2.25,100000.0,1656590000000.0,,,2490.0,,,,,,,,,
489,489,0.1,2495,2.25,100000.0,1656890000000.0,,,2495.0,,,,,,,,,
490,490,0.1,2500,2.25,100000.0,1657190000000.0,,,2500.0,,,,,,,,,
491,491,0.1,2505,2.25,100000.0,1657490000000.0,,,2505.0,,,,,,,,,
492,492,0.1,2510,2.25,100000.0,1657790000000.0,,,2510.0,,,,,,,,,
493,493,0.1,2515,2.25,100000.0,1658080000000.0,,,2515.0,,,,,,,,,
494,494,0.1,2520,2.25,100000.0,1658380000000.0,,,2520.0,,,,,,,,,
495,495,0.1,2525,2.25,100000.0,1658670000000.0,,,2525.0,,,,,,,,,
496,496,0.1,2530,2.25,100000.0,1658960000000.0,,,2530.0,,,,,,,,,
497,497,0.1,2535,2.25,100000.0,1659250000000.0,,,2535.0,,,,,,,,,
498,498,0.1,2540,2.25,100000.0,1659530000000.0,,,2540.0,,,,,,,,,
499,499,0.1,2545,2.25,100000.0,1659820000000.0,,,2545.0,,,,,,,,,
500,500,0.1,2550,2.25,100000.0,1660100000000.0,,,2550.0,,,,,,,,,
