,Simulation Number,PG.cFactor,ExitSlit.openingHeight,SU.photonEnergy,SU.numberRays,SU.electronSigmaX,SU.electronSigmaY,SU.electronSigmaYs,SourcePhotonFlux,SourceBandwidth,NumberRaysSurvived,PercentageRaysSurvived,PhotonEnergy,Bandwidth,HorizontalFocusFWHM,VerticalFocusFWHM,HorizontalCenter,VerticalCenter,PhotonFlux1,PhotonFlux3,PhotonFlux5,PhotonFlux7,PhotonFlux9,PhotonFlux11,EnergyPerMilPerBw,FluxPerMilPerBwPerc,FluxPerMilPerBwAbs1,FluxPerMilPerBwAbs3,FluxPerMilPerBwAbs5,FluxPerMilPerBwAbs7,FluxPerMilPerBwAbs9,FluxPerMilPerBwAbs11,AXUVCurrentAmp1,AXUVCurrentAmp3,AXUVCurrentAmp5,AXUVCurrentAmp7,AXUVCurrentAmp9,AXUVCurrentAmp11,GaAsPCurrentAmp1,GaAsPCurrentAmp3,GaAsPCurrentAmp5,GaAsPCurrentAmp7,GaAsPCurrentAmp9,GaAsPCurrentAmp11
0,0,2.25,0.02,500,100000.0,17.15,2.43,0.81,,0.5,3190.1,3.1901,500.0,0.0381007216451223,0.0039040345764809,0.0029084478483221,-8.440939151891642e-05,-3.669822524577845e-07,77619181234428.1,46320252000000.0,33559852000000.0,25734536700000.0,20234804300000.0,16132335700000.0,13.1556849067146,41.956014131268745,1020843065963190.6,609201325186022.1,441377268660947.1,338459165996944.9,266126997634637.6,212171563461826.03,0.0016842674599723,0.0010051084273317,0.0007282190534111,0.0005584166448543,0.0004390773246945,0.000350057390979,0.0009418157656237,0.0005620407598671,0.0004072085946144,0.0003122577692732,0.0002455251060493,0.0001957465649206
1,1,2.25,0.02,550,100000.0,17.15,2.43,0.81,,0.5499999999999999,2729.9,2.7299,550.0,0.0437072625396467,0.0038812403521613,0.0028424233122259,-6.738713153166694e-05,-3.639927467909604e-06,65663787783876.5,39638148000000.0,28718548000000.0,22022103300000.0,17315755700000.0,13805104300000.0,12.648473574931348,34.54547876341523,830941421448884.9,501600351644789.2,363418436591128.3,278678377184470.7,219121971796342.88,174696486106590.88,0.0015630487666044,0.0009435392083351,0.0006836110517689,0.0005242101097547,0.0004121810742747,0.0003286141719387,0.0008913402424353,0.0005380602862005,0.0003898343120406,0.000298934733387,0.000235049338524,0.0001873946878316
2,2,2.25,0.02,600,100000.0,17.15,2.43,0.81,,0.5999999999999999,1836.5,1.8365,600.0,0.0479517456198891,0.0037587209008742,0.0028709468224243,-8.72390164647782e-05,9.053310550628088e-06,43611915414396.06,26665980000000.0,19319980000000.0,14815045500000.0,11648919500000.0,9287180500000.0,12.569920239819314,23.061916123002256,547658227743137.1,334859022105992.7,242611357613983.7,186040477364259.2,146281733968203.3,116624109834022.4,0.00113531443647,0.0006941743275652,0.0005029417304398,0.0003856683402526,0.0003032470908915,0.0002417658109157,0.0006479599357327,0.0003961872924605,0.0002870447876504,0.0002201131465757,0.0001730727270025,0.0001379834117061
3,3,2.25,0.02,650,100000.0,17.15,2.43,0.81,,0.6500000000000001,2464.4,2.4644000000000004,650.0,0.0529257597968694,0.0038149951332774,0.0029005962545928,-6.743559861513318e-05,2.2404226139796228e-06,57705631888751.55,35783088000000.0,25925488000000.0,19880314800000.0,15631689200000.0,12462470800000.0,12.365639462455764,30.45671290541412,713165015200947.8,442231471386613.0,320404619764956.5,245694303007975.7,193186929959041.7,154019597162679.2,0.001630093040736,0.0010108157698939,0.000732354125295,0.0005615875217447,0.0004415705529226,0.000352045134184,0.0009255692318966,0.0005739426844661,0.0004158317521063,0.0003188702228366,0.0002507244109895,0.0001998917462358
4,4,2.25,0.02,700,100000.0,17.15,2.43,0.81,,0.7000000000000001,2729.5,2.7295,700.0,0.0617142759571265,0.0036903635734859,0.0028556626327197,-7.937331569724371e-05,4.710435973511218e-06,62923544765443.21,39632340000000.0,28714340000000.0,22018876500000.0,17313218500000.0,13803081500000.0,11.36044691080662,31.01669883268904,715032290703417.9,450362467050644.9,326295671719888.7,250211709483302.44,196738920695746.56,156851445996908.47,0.0019166908730885,0.0012072260811164,0.0008746569127647,0.0006707088702731,0.0005273715587135,0.0004204505710885,0.0010909245249222,0.0006871178641829,0.0004978291963639,0.0003817479208239,0.0003001645049939,0.0002393081982901
5,5,2.25,0.02,750,100000.0,17.15,2.43,0.81,,0.75,3072.2,3.0722,750.0,0.0699519761163741,0.0037581057323785,0.0029464428736071,-7.505051992128096e-05,1.024132744138528e-05,69616245683848.55,44608344000000.0,32319544000000.0,24783437400000.0,19486964600000.0,15536115400000.0,10.740178709988369,33.015799980874135,748140109015472.9,479389415722292.4,347326215798795.94,266338458445711.7,209419219278684.7,166960900503280.5,0.0022743652548594,0.0014573562057793,0.0010558806669971,0.0008096757928389,0.0006366398356238,0.0005075654499053,0.0012858251590531,0.0008239245086467,0.0005969480599837,0.0004577547528411,0.0003599279034673,0.0002869549752221
6,6,2.25,0.02,800,100000.0,17.15,2.43,0.81,,0.7999999999999999,3448.5,3.4485,800.0,0.0750305004275332,0.0036991212540324,0.0029486556917817,-5.766470785543719e-05,5.175476389307961e-06,76676496045456.05,50072220000000.0,36278220000000.0,27819049500000.0,21873835500000.0,17439064500000.0,10.677662232829634,36.82574917496158,818810906476699.2,534709878020442.1,387406881320595.8,297073318594415.0,233585727016781.3,186227813577780.7,0.0026739910729258,0.0017462022417169,0.0012651547922081,0.0009701524437968,0.0007628209930585,0.0006081642380414,0.0014994474796955,0.0009791874688333,0.0007094388548296,0.0005440155172918,0.0004277538646563,0.0003410296852541
7,7,2.25,0.02,850,100000.0,17.15,2.43,0.81,,0.8499999999999999,3787.1,3.7871,850.0,0.0809908155598008,0.0037624902052988,0.0030508641866947,-5.612686858672449e-05,1.8958428317703957e-06,82512378061324.28,54988692000000.0,39840292000000.0,30550535700000.0,24021575300000.0,19151364700000.0,10.557589668178816,39.97511201222302,870967641571738.5,580438626417478.2,420538178368586.2,322479228602603.06,253562135493530.6,202154141445811.75,0.0030592643574509,0.0020387843551596,0.001477135772471,0.0011327047791372,0.0008906342399984,0.000710064220664,0.0016987642687416,0.001132106810508,0.0008202316560981,0.0006289742176562,0.0004945560261055,0.0003942881639627
8,8,2.25,0.02,900,100000.0,17.15,2.43,0.81,,0.9000000000000001,4047.1,4.0471,900.0,0.0896671051900624,0.003721641069412,0.0029145933476923,-4.200262286999183e-05,-1.17179167234316e-05,86209651129436.94,58763892000000.0,42575492000000.0,32647955700000.0,25670755300000.0,20466184700000.0,10.0538256012896,40.67790476249488,866503911010635.6,590643177151425.4,427931558101446.0,328148657719046.1,258019949908504.9,205708164383936.56,0.0033863553722537,0.0023082731313917,0.0016723852164077,0.0012824269525438,0.0010083592611857,0.0008039212965184,0.0018540746607215,0.0012638102775638,0.0009156531763065,0.0007021458339605,0.0005520901233186,0.0004401576152644
9,9,2.25,0.02,950,100000.0,17.15,2.43,0.81,,0.95,4254.1,4.254099999999999,950.0,0.0980558691484588,0.0036108207535464,0.0029488616347174,-4.560415282660146e-05,5.652372048793141e-06,88437247704510.1,61769532000000.0,44753132000000.0,34317824700000.0,26983756300000.0,21512983700000.0,9.733810878821664,41.45066621584793,861705845101881.2,601863673454112.0,436061008590720.4,334382524363245.25,262921575807123.5,209616019053543.03,0.0036684637214345,0.0025622607341774,0.0018564037826134,0.0014235370070667,0.0011193126609426,0.0008923796510147,0.0019734598368008,0.0013783749913529,0.000998657362881,0.0007657955272206,0.0006021372293492,0.0004800580117955
10,10,2.25,0.02,1000,100000.0,17.15,2.43,0.81,,1.0,4479.2,4.4792000000000005,1000.0,0.1051283009597227,0.003425309951177,0.0028740951741969,-6.283395045522544e-05,2.834519960722218e-07,90690913615355.7,65037984000000.0,47121184000000.0,36133706400000.0,28411565600000.0,22651314400000.0,9.542221764300994,42.74042686210448,865370682361704.2,620590998037756.9,449629290589339.1,344787023496596.9,271102527586328.62,216138338641662.3,0.0039612529830905,0.0028407686929572,0.0020581877858064,0.0015782700444962,0.0012409776735142,0.0009893779118653,0.00208726213565,0.0014968569173089,0.0010844996398133,0.0008316215393891,0.0006538955527885,0.0005213226880737
11,11,2.25,0.02,1050,100000.0,17.15,2.43,0.81,,1.0500000000000005,4615.1,4.6151,1050.0,0.1132833669002593,0.0035365033120192,0.0029852691501086,-3.948170650232148e-05,5.684122984775126e-06,90813974494706.44,67011252000000.0,48550852000000.0,37230011700000.0,29273579300000.0,23338560700000.0,9.282506255277816,42.84172081287423,843021156900109.2,622061786202933.8,450694902951436.9,345604161797456.4,271745035116061.2,216650582150704.9,0.0041666400447309,0.00307454626432,0.0022275638223585,0.0017081518398256,0.0013431024073403,0.0010707975522497,0.0021475523206716,0.0015846698764637,0.0011481217011293,0.0008804085326055,0.0006922562690364,0.0005519060306664
12,12,2.25,0.02,1100,100000.0,17.15,2.43,0.81,,1.1,4788.1,4.7881,1100.0,0.1221363555948982,0.0036359032278428,0.0030549912630835,-4.631245115009829e-05,-1.1410850970660045e-05,91352260737097.88,69523212000000.0,50370812000000.0,38625602700000.0,30370918300000.0,24213421700000.0,9.031237888462616,43.25806721407593,825321575389647.4,628107135948382.6,455074867092078.8,348962828215950.6,274385920338883.7,218756045901582.0,0.0043920516574968,0.0033425504309944,0.0024217376400868,0.0018570491960628,0.0014601788831816,0.0011641375709048,0.0022108538679206,0.0016825600255566,0.001219044867001,0.0009347941960168,0.0007350191626794,0.0005859990392038
13,13,2.25,0.02,1150,100000.0,17.15,2.43,0.81,,1.15,4924.5,4.924500000000001,1150.0,0.1334090371874935,0.0035202548177951,0.0029531736444816,-3.867472361312861e-05,-4.511128018448824e-06,90816702706708.28,71503740000000.0,51805740000000.0,39725941500000.0,31236103500000.0,24903196500000.0,8.642235282107404,42.55888994088493,784863043007181.0,617955081941649.0,447719522178109.4,343322565153118.6,269951038895032.9,215220306431055.0,0.0045661099555108,0.0035950869095597,0.0026047048408104,0.00199735303715,0.001570498365519,0.0012520905304161,0.0029109783545966,0.0022919334572728,0.0016605468299249,0.0012733489807038,0.0010012213443169,0.0007982305436245
14,14,2.25,0.02,1200,100000.0,17.15,2.43,0.81,,1.1999999999999995,5007.7,5.007700000000001,1200.0,0.1406351344991662,0.0035392022246653,0.0030016198750374,-3.177642902531595e-05,-3.836181651348838e-07,88984491067771.1,72711804000000.0,52681004000000.0,40397115900000.0,31763841100000.0,25323938900000.0,8.564143589353142,42.889166548569534,762120466011408.9,622750698285229.8,451194032090951.5,345986906547310.4,272045983417576.56,216890515236116.16,0.0046686818220535,0.0038149150881245,0.0027639742924979,0.0021194848495799,0.0016665293666648,0.0013286519008708,0.0029731564409381,0.0024294522090392,0.0017601816280366,0.0013497514442368,0.0010612958238247,0.0008461253320324
15,15,2.25,0.02,1250,100000.0,17.15,2.43,0.81,,1.25,5112.9,5.112900000000001,1250.0,0.1483349636254388,0.0034226710928893,0.0028736107929381,-3.476202926116573e-05,-3.5317058137335346e-06,87298733800791.0,74239308000000.0,53787708000000.0,41245764300000.0,32431124700000.0,25855935300000.0,8.440768023992302,43.15677763916509,736867930689316.0,626636411320677.2,454009300764016.8,348145725215144.9,273743440565224.2,218243824521257.9,0.0047719538364711,0.0040580949482724,0.0029401624556353,0.0022545903545256,0.0017727614501991,0.0014133461538163,0.00303043790292,0.0025771005266025,0.0018671554779517,0.0014317816768665,0.001125795360898,0.0008975480277568
16,16,2.25,0.02,1300,100000.0,17.15,2.43,0.81,,1.3000000000000005,5232.2,5.232200000000001,1300.0,0.1625802480346692,0.0034660036124699,0.0030747567509434,-3.503524205121138e-05,-7.344150111481198e-06,85541101473237.72,75841254640702.92,55042744000000.0,42208157400000.0,33187844600000.0,26459235400000.0,8.019332641156257,41.96042038249127,686009819540231.4,608220428702928.2,441423622423808.2,338494711225557.1,266154946486142.2,212193845874258.4,0.0048625562904815,0.0043111716295416,0.0031288870083851,0.0023993090776276,0.0018865523093333,0.0015040666921486,0.0030752591673552,0.0027265432590964,0.0019788230472499,0.0015174111713084,0.0011931249609036,0.0009512270104508
17,17,2.25,0.02,1350,100000.0,17.15,2.43,0.81,,1.35,5200.4,5.2004,1350.0,0.1677548251600455,0.0033753360226259,0.0029669844265611,-3.377341785995816e-05,1.1101653191169431e-05,81045284687241.98,74490973896841.64,54708208000000.0,41951626800000.0,32986137200000.0,26298422800000.0,8.063758822788326,41.93425492903201,653521580815087.4,600669850261908.1,441148361853416.8,338283634512501.3,265988979014850.1,212061527176114.9,0.0047826074107577,0.0043958274089408,0.0032284158420787,0.0024756302849856,0.0019465628979377,0.001551910543098,0.0031122903137909,0.0028605925368596,0.0021008973748482,0.001611020829173,0.0012667292821922,0.0010099085574721
18,18,2.25,0.02,1400,100000.0,17.15,2.43,0.81,,1.4,5200.0,5.2,1400.0,0.1791444656428893,0.0034549692095641,0.0028784020356404,-5.000524111065874e-05,-7.943030930145533e-08,76952220472440.94,73557481739130.44,54704000000000.0,41948400000000.0,32983600000000.0,26296400000000.0,7.82185865351274,40.68327893015532,602051663418293.0,575492220575548.2,427988094345234.0,328192011129562.94,258054038253975.2,205735341549795.47,0.0047071858318751,0.0044995288471871,0.0033462568352932,0.002565993715809,0.0020176147439415,0.0016085571117944,0.0030759848452634,0.0029402881124962,0.0021866643216039,0.0016767890762717,0.001318442185545,0.0010511370222767
19,19,2.25,0.02,1450,100000.0,17.15,2.43,0.81,,1.4499999999999995,5227.9,5.2279,1450.0,0.1839063716905684,0.0034946974302272,0.0028307003890137,-3.284592848517277e-05,-6.586230768782866e-06,73055903767143.94,73008144986284.3,54997508000000.0,42173469300000.0,33160569700000.0,26437490300000.0,7.902917100506532,41.31430404919902,577335798470668.8,576958377174650.4,434626478597573.8,333282490764888.5,262056630584069.44,208926435576799.5,0.0046238664331859,0.0046208436764706,0.0034809114395549,0.0026692502455218,0.0020988043023856,0.0016732860408582,0.0030129873290362,0.0030110176511025,0.0022682190786488,0.001739327310595,0.0013676153627252,0.0010903406730729
20,20,2.25,0.02,1500,100000.0,17.15,2.43,0.81,,1.5,5113.4,5.1134,1500.0,0.1928362236554448,0.0034224017051444,0.0028996440470529,-2.7777816124497334e-05,-1.232021836088826e-05,67111030013368.0,70447971167494.53,53792968000000.0,41249797800000.0,32434296200000.0,25858463800000.0,7.802824971736075,39.89656099722513,523624066670892.7,549660065477901.9,419711821690808.4,321845557564615.2,253063886405399.03,201756908962967.5,0.0043869749674097,0.004605107177688,0.0035163877531259,0.0026964543730481,0.0021201946309959,0.0016903396261936,0.002850027816684,0.002991738875358,0.002284444972927,0.0017517697335173,0.0013773987132391,0.0010981405159783
21,21,2.25,0.02,1550,100000.0,17.15,2.43,0.81,,1.5500000000000005,5085.1,5.0851,1550.0,0.2018787733649787,0.0034742407367427,0.0029795244258522,-2.2333977150378344e-05,-6.776557026871171e-06,62250765016927.33,69095213068729.84,53495252000000.0,41021501700000.0,32254789300000.0,25715350700000.0,7.6953526188516195,39.141699332168905,479164761261345.4,531848745398983.5,411770676974416.9,315756088512606.56,248275798863947.4,197939573522778.16,0.0041951675874785,0.0046564246758579,0.0036051211131842,0.0027644973403096,0.0021736961236622,0.0017329940560239,0.0027380786189224,0.0030391293267149,0.0023529703719342,0.0018043167291248,0.0014187158811006,0.0011310809097786
22,22,2.25,0.02,1600,100000.0,17.15,2.43,0.81,,1.6,4966.7,4.9667,1600.0,0.2120726923012853,0.0035897479337764,0.0030451943596252,-2.0641015014137145e-05,-1.4534103761495535e-05,56256680861834.88,66520061945936.125,52249684000000.0,40066368900000.0,31503778100000.0,25116601900000.0,7.553871731701949,37.51328145819201,424904403945013.0,502423300459917.1,394639720940180.0,302619641523235.0,237946744289311.9,189704664334077.0,0.0039003916715351,0.0046119730426532,0.003622578317666,0.0027778839627958,0.002184221888684,0.0017413857939578,0.0025399770125215,0.0030033664557841,0.002359061968079,0.0018089879179176,0.0014223887893084,0.0011340091608912
23,23,2.25,0.02,1650,100000.0,17.15,2.43,0.81,,1.65,4785.9,4.7859,1650.0,0.2231936832176643,0.0034256926127296,0.002968637168943,-3.198292492744851e-05,4.417329956957915e-06,49677689620895.52,63144071769750.52,50347668000000.0,38607855300000.0,30356963700000.0,24202296300000.0,7.407488837829955,35.44447849678902,367914039478048.2,467646355762265.2,372875913786220.5,285930608033597.0,224824327105132.75,179242727758262.06,0.0035356050267217,0.0044940193326323,0.0035832879794322,0.0027477551454448,0.0021605319062298,0.0017224987939152,0.0022974891835808,0.0029202811766276,0.0023284742815387,0.0017855325122787,0.0014039460425665,0.0011193055552985
24,24,2.25,0.02,1700,100000.0,17.15,2.43,0.81,,1.6999999999999995,4598.0,4.598000000000001,1700.0,0.2375345357640753,0.0033499707546791,0.0028554064992231,-2.9046395401867443e-05,-3.033341134506728e-06,43233135234042.56,59740950686517.77,48370960000000.0,37092066000000.0,29165114000000.0,23252086000000.0,7.176943372787134,33.00358174791859,310319337302205.94,428809340948426.06,347197679988103.6,266239893960459.25,209341719027047.6,166899112899224.3,0.0031518113504845,0.0043552753100876,0.0035263725366322,0.0027041109556095,0.0021262149239408,0.0016951393457936,0.0020438782760449,0.0028242973968333,0.0022867727219004,0.0017535547098451,0.0013788022219595,0.0010992594728755
25,25,2.25,0.02,1750,100000.0,17.15,2.43,0.81,,1.75,4284.4,4.2844,1750.0,0.2432397732132585,0.0034133598625506,0.0028545195934536,-2.8607144489733467e-05,1.1916071121501316e-06,35968737828157.2,54780584731006.16,45071888000000.0,34562254800000.0,27175949200000.0,21666210800000.0,7.213938096688544,30.894139822346062,259364955582204.38,395014248022962.4,325006350931080.56,249223025946865.7,195961528893141.03,156231665081604.06,0.002679574833483,0.0040810071487629,0.0033577351910252,0.0025747956070343,0.0020245355814328,0.0016140747966743,0.0017356832630328,0.0026434551168022,0.0021749587658216,0.0016678129623463,0.0013113843585177,0.0010455101215551
26,26,2.25,0.02,1800,100000.0,17.15,2.43,0.81,,1.8000000000000005,3959.1,3.9591,1800.0,0.2603825546313373,0.0035243062255306,0.0029263748713743,-4.475190246022733e-05,4.527957720743368e-06,29128815975236.6,49808323349075.984,41649732000000.0,31938059700000.0,25112571300000.0,20021168700000.0,6.928947155064823,27.42964181151688,201811772522626.53,345084607283818.8,288559831857157.6,221274920493506.7,173986218010451.56,138711698640840.88,0.0022116062021364,0.003781698402382,0.0031622571163492,0.0024248981138393,0.0019066727080801,0.0015201078172412,0.0014348746330273,0.0024535394692312,0.0020516502960503,0.0015732569332925,0.0012370359151945,0.0009862353181678
27,27,2.25,0.02,1850,100000.0,17.15,2.43,0.81,,1.85,3421.7,3.4217,1850.0,0.2623103654812212,0.0034802988940092,0.0029990937453677,-2.4150742740967414e-05,-9.908212904191871e-07,21517977825268.37,42329999290108.57,35996284000000.0,27602853900000.0,21703843100000.0,17303536900000.0,7.064972646396093,24.16591713309344,151971730133319.06,298957610278127.2,254225448240142.9,194946453512664.8,153284412375211.7,122207042942053.52,0.0016888934586569,0.0033223781289553,0.0028252603045332,0.0021664805015845,0.0017034815695488,0.0013581122965802,0.0010804150260723,0.0021253840699176,0.00180736900243,0.0013859359070916,0.0010897472987085,0.000868808464381
28,28,2.25,0.02,1900,100000.0,17.15,2.43,0.81,,1.9,2800.9,2.8009000000000004,1900.0,0.2772387974138609,0.0034902069725106,0.0029467614928175,-2.842514641517618e-05,-1.0785635075955696e-06,14533550418700.615,34053103585407.977,29465468000000.0,22594860300000.0,17766108700000.0,14164151300000.0,6.863852991014436,19.227581485087605,99769725782139.72,233767297657381.8,202274157223121.6,155108899840201.7,121960549359910.69,97233879570088.05,0.0011734792931859,0.0027495423193203,0.0023791238593387,0.0018243718795898,0.0014344850418047,0.0011436529806726,0.0007427392573757,0.0017402889273237,0.0015058371278905,0.001154713698735,0.0009079396294876,0.0007238610604318
29,29,2.25,0.02,1950,100000.0,17.15,2.43,0.81,,1.95,1952.4,1.9524,1950.0,0.288175553823612,0.0032273975020686,0.002888457136856,-4.264828145742032e-05,-3.2896186681726437e-06,7924624569581.75,23315391329213.023,20539248000000.0,15750010800000.0,12384073200000.0,9873286800000.0,6.789327326749334,13.249542811216209,53778760754706.61,158224890174486.28,139385190373994.48,106884061858081.12,84041850051544.38,67002937996320.35,0.0006575858621647,0.0019347126888232,0.0017043481348176,0.0013069369204918,0.0010276311995387,0.0008192859807768,0.0004116559779737,0.0012111514097852,0.0010669406667843,0.0008181568782271,0.0006433084267502,0.0005128820296509
30,30,2.25,0.02,2000,100000.0,17.15,2.43,0.81,,2.0,1153.8,1.1538,2000.0,0.2867212526805133,0.003427071727371,0.003052467655164,-1.6435430187383357e-05,-9.718222063821584e-06,3345869319431.2803,13525031859085.293,12137976000000.0,9307704600000.0,7318553400000.0,5834766600000.0,7.054402645912421,8.142870118259594,23613259924422.37,95452052152760.1,85662993644090.92,65688533244000.15,51650225160120.61,41178494188038.766,0.0002851668515682,0.0011527320359514,0.0010345139244467,0.0007932912384516,0.000623756827259,0.0004972943836432,0.0001764391914608,0.0007132214255474,0.0006400772017528,0.0004908272610779,0.0003859324801062,0.0003076873012608
31,31,2.25,0.02,2050,100000.0,17.15,2.43,0.81,,2.0500000000000003,2280.8,2.2808,2050.0,0.3191290361223309,0.0036369246801394,0.0029077494744448,-3.249563294921308e-05,-1.788862243411393e-05,3896490128774.931,26230620081268.848,23994016000000.0,18399213600000.0,14467114400000.0,11534005600000.0,6.447678160817259,14.704901005934952,25121668543597.902,169115517195434.84,154695558582435.72,118624436414877.28,93273187080645.4,74362684387013.05,0.0003408591256415,0.0022946153924298,0.0020989606143212,0.0016095356725978,0.0012655615186919,0.0010089775500591,0.0002083016213393,0.0014022570341744,0.001282690901315,0.0009835995723297,0.0007733943333689,0.0006165939056986
32,32,2.25,0.02,2100,100000.0,17.15,2.43,0.81,,2.1000000000000005,2033.5,2.0335,2100.0,0.3199925720923147,0.0032870951234348,0.0028636460128443,-2.3316387601275835e-05,7.254251575284671e-07,994121226979.7444,22933123126094.57,21392420000000.0,16404244500000.0,12898490500000.0,10283409500000.0,6.596458807739225,13.413946568599808,6557702985698.145,151277938659726.2,141114717901669.94,108210306968894.66,85084663084628.56,67834327797409.23,8.919569455454553e-05,0.0020576321981892,0.0019193954502908,0.0014718405986213,0.0011572932833835,0.0009226599612281,5.379822319642318e-05,0.0012410571699358,0.0011576799233711,0.0008877380172847,0.0006980193682455,0.0005565007008068
33,33,2.25,0.02,2100,100000.0,17.15,2.43,0.81,,2.1000000000000005,2017.1,2.0171,2100.0,0.3152264328889032,0.0034484494901373,0.0029142192024785,-1.3446471943895352e-05,9.60692904977257e-06,986103726058.9344,22748169489867.4,21219892000000.0,16271945700000.0,12794465300000.0,10200474700000.0,6.715118245588234,13.541469787552852,6620045517733.555,152716102260260.25,142456262165056.03,109239036776188.86,85893542862447.75,68479212715654.77,8.84763390636704e-05,0.0020410375741172,0.0019039156935243,0.0014599703326673,0.0011479598140707,0.0009152187891779,5.3364345222279406e-05,0.0012310481521896,0.0011483433358406,0.0008805784876641,0.0006923899029693,0.0005520125712306
34,34,2.25,0.02,2150,100000.0,17.15,2.43,0.81,,2.1499999999999995,2693.8,2.6938,2150.0,0.3264500099820907,0.0033952401356688,0.0029087099473959,-7.718994172686666e-06,5.95165985790856e-06,0.0,29773202596447.336,28338776000000.0,21730884600000.0,17086773400000.0,13622546600000.0,6.625749953429026,17.850238532029444,0.0,197289616233210.8,187784509356949.75,143997874237881.56,113224063008662.77,90268656256472.9,0.0,0.0027376157314969,0.0026057216632189,0.0019981327620899,0.0015711114553039,0.0012525793204275,0.0,0.0016665567277231,0.0015862646164868,0.0012163875153231,0.0009564331237999,0.0007625228294271
35,35,2.25,0.02,2200,100000.0,17.15,2.43,0.81,,2.2,2726.7,2.7267,2200.0,0.3343454662313433,0.0033603409143216,0.0028740209477145,-1.991273970001421e-05,4.045809462294711e-06,0.0,29520751850149.25,28346711812339.7,21996288900000.0,17295458100000.0,13788921900000.0,6.60672460053574,18.013037622007964,0.0,195019039023984.9,187263133581212.62,145311174496738.3,114256697636396.56,91091931254494.3,0.0,0.0027806504335856,0.0026700639906402,0.0020718981202624,0.0016291124057053,0.0012988209736168,0.0,0.0016694613890418,0.0016030669244881,0.0012439369839617,0.0009780949906123,0.0007797929004455
36,36,2.25,0.02,2250,100000.0,17.15,2.43,0.81,,2.25,2726.2,2.7262,2250.0,0.3694946409875683,0.0033572800500308,0.0031276770196159,-1.635932680570758e-05,4.210858776323059e-06,0.0,28896857381492.53,27971101942187.08,21992255400000.0,17292286600000.0,13786393400000.0,6.10445446549098,16.63409217488741,0.0,176316113729118.34,170667554816048.75,134187221574816.77,105510046665310.84,84118604128405.62,0.0,0.0027866616623066,0.0026973866537018,0.0021208179900589,0.0016675776014558,0.0013294876132054,0.0,0.001630177780996,0.0015779525189937,0.0012406638422222,0.000975521352574,0.0007777410499711
37,37,2.25,0.02,2300,100000.0,17.15,2.43,0.81,,2.3000000000000003,2734.9,2.7349,2300.0,0.3595857395321672,0.0034627843757579,0.0028827078140315,-3.396269037597015e-05,9.059892504023648e-06,0.0,28354025865823.07,27686568264736.57,22062438300000.0,17347470700000.0,13830389300000.0,6.41139749280414,17.535445892600652,0.0,181798415447562.9,177518856176855.7,141458442015609.5,111227333296765.94,88676749878881.52,0.0,0.0027972705455823,0.0027314224188725,0.002176573059232,0.0017114172449124,0.0013644390678735,0.0,0.0015990585147403,0.0015614164611817,0.0012442370613082,0.0009783309383758,0.0007799810114089
38,38,2.25,0.02,2350,100000.0,17.15,2.43,0.81,,2.3500000000000005,2615.5,2.6154999999999995,2350.0,0.3778603748892237,0.003252576533112,0.0029189842281824,-2.6931426067194624e-05,-1.8270922360863623e-05,0.0,26505115436377.49,26102628603286.383,21099238500000.0,16590116500000.0,13226583500000.0,6.236706157252712,16.301689069489363,0.0,165199063504014.06,162690474244746.3,131505725723570.7,103401613767771.05,82437641624407.72,0.0,0.0026742058059468,0.0026335973193151,0.002128785525692,0.0016738423936363,0.001334482261488,0.0,0.0014896958480003,0.0014670744424996,0.0011858634634082,0.0009324323724307,0.0007433880667479
39,39,2.25,0.02,2400,100000.0,17.15,2.43,0.81,,2.3999999999999995,2537.3,2.5373,2400.0,0.395975717277588,0.0035195519037046,0.0028478595084466,-1.5587746190972888e-05,-9.616248233629763e-06,0.0,25127137922325.023,24960698400536.223,20468399100000.0,16094093900000.0,12831126100000.0,6.083560348184775,15.436447775611224,0.0,152868699912722.38,151856113704591.5,124525824205855.72,97913388240701.95,78062116401265.95,0.0,0.0025914350012096,0.0025742696080128,0.0021109656822212,0.0016598308320725,0.0013233114484929,0.0,0.0014181621010336,0.0014087683442657,0.0011552253966282,0.0009083419723333,0.0007241818310089
40,40,2.25,0.02,2450,100000.0,17.15,2.43,0.81,,2.45,2422.3,2.4223,2450.0,0.4113355765455708,0.0033148917398296,0.0028331837465436,-2.3389380124295216e-05,-2.126870507186562e-05,0.0,23428319361256.11,23486535918306.523,19540694100000.0,15364648900000.0,12249571100000.0,5.96327925084494,14.44606382601035,0.0,139721337913908.16,140068528641266.84,116536396884425.48,91631382848383.66,73053744768134.34,0.0,0.0024681324226571,0.0024742654350075,0.0020585779084603,0.0016186388587286,0.0012904708668754,0.0,0.0013299530175157,0.0013332577908767,0.0011092645905119,0.0008722034582393,0.0006953701542356
41,41,2.25,0.02,2500,100000.0,17.15,2.43,0.81,,2.5,2301.8,2.3018000000000005,2500.0,0.4091532156734502,0.003282771915769,0.002996132720089,-2.8213742593047765e-05,-4.9114342478156685e-06,0.0,21726714374045.965,21990440586409.16,18568620600000.0,14600317400000.0,11640202600000.0,6.136840092402589,14.117681164314078,0.0,133256940777174.66,134874458624431.44,113887333952521.66,89548451625244.2,71393113647936.28,0.0,0.0023374105059367,0.0023657827857419,0.0019976554265858,0.0015707361312549,0.0012522800907703,0.0,0.0012408883645008,0.0012559506874412,0.0010605186247072,0.0008338750014277,0.0006648125306984
42,42,2.25,0.02,2550,100000.0,17.15,2.43,0.81,,2.5500000000000003,1518.4,1.5184000000000002,2550.0,0.4139802443113695,0.0033241092956433,0.0029245848096238,-1.972334168728224e-05,-3.407220420445732e-06,0.0,13978281156076.717,14289067010070.637,12248932800000.0,9631211200000.0,7678548800000.0,6.185667322291203,9.377804055099023,0.0,86331389428853.05,88250836769377.0,75650745312483.81,59483411121493.1,47423555106635.766,0.0,0.0015350345259715,0.0015691636875427,0.0013451249509408,0.0010576580592311,0.0008432250994059,0.0,0.0008028419479682,0.0008206919194802,0.0007035169031071,0.0005531681810349,0.0004410171041295
43,43,2.25,0.02,2600,100000.0,17.15,2.43,0.81,,2.6000000000000005,2311.7,2.3117,2600.0,0.4509720488001221,0.0033940110684184,0.0029127456555004,-1.6196714474230852e-05,-1.915418972387541e-05,0.0,20741495425996.227,21420045761813.625,18648483900000.0,14663113100000.0,11690266900000.0,5.789411422174194,13.384400104681616,0.0,120090181922808.84,124018887717568.6,107971955644466.6,84897249863995.5,67684911329374.92,0.0,0.002323699167444,0.0023997181245165,0.0020892161159321,0.0016427293694505,0.0013096771908105,0.0,0.0011981200821406,0.0012373161365904,0.0010772185227331,0.0008470059612862,0.0006752812779796
44,44,2.25,0.02,2650,100000.0,17.15,2.43,0.81,,2.6499999999999995,2342.9,2.3429,2650.0,0.4654418638578136,0.0033547084561919,0.0030942516348864,-2.299063408582702e-05,-3.500474082807293e-06,0.0,20474718207792.457,21369483801828.47,18900174300000.0,14861014700000.0,11848045300000.0,5.702404186220057,13.363537999398885,0.0,116784615133731.16,121888219221167.66,107803661041150.8,84764921530187.11,67579411662960.15,0.0,0.0023394882600668,0.0024417262289373,0.0021595772620323,0.001698053622545,0.0013537848288207,0.0,0.0011887733088583,0.0012407238873757,0.0010973544306001,0.0008628386207136,0.0006879039736636
45,45,2.25,0.02,2700,100000.0,17.15,2.43,0.81,,2.7,2347.3,2.3473,2700.0,0.4572928368582324,0.0033298968563866,0.0029330992655211,-1.6907440633152066e-05,3.991294614013045e-06,0.0,19966663799505.85,21068557500478.883,18935669100000.0,14888923900000.0,11870296100000.0,5.921053881953573,13.902229581199116,0.0,118255503817725.8,124781631370660.8,112149286031533.28,88181842233546.02,70303574992123.95,0.0,0.0023259511244642,0.0024543126233382,0.0022058487726285,0.0017344364404094,0.0013827912784408,0.0,0.0011624407649698,0.0012265920007264,0.0011024172037376,0.0008668194277064,0.0006910776991819
46,46,2.25,0.02,2750,100000.0,17.15,2.43,0.81,,2.75,2330.0,2.33,2750.0,0.4857986927304409,0.0031618911715101,0.0029936549928694,-2.6884249833469564e-05,-5.416900980374487e-06,0.0,19277496688494.773,20574389251559.246,18796110000000.0,14779190000000.0,11782810000000.0,5.671539383558761,13.211686765903044,0.0,109308260892328.8,116661968322473.44,106578677140539.84,83801729156122.98,66811499975171.67,0.0,0.002288274556816,0.0024422181057601,0.0022311330654143,0.0017543172225019,0.001398641367522,0.0,0.0011233186891647,0.0011988898941541,0.0010952678134395,0.0008611979348763,0.0006865959256927
47,47,2.25,0.02,2800,100000.0,17.15,2.43,0.81,,2.8000000000000003,2304.0,2.3040000000000003,2800.0,0.4838694736818979,0.0032852430103049,0.0028883810357639,-1.963013437995265e-05,1.5984712594910325e-06,0.0,18529078762346.523,20009502336798.336,18586368000000.0,14614272000000.0,11651328000000.0,5.816001089089038,13.39836682903566,0.0,107751473203998.58,116360526204370.8,108084625209830.66,84985840796573.17,67755541054433.33,0.0,0.0022406725577641,0.0024196962706905,0.0022476003939675,0.0017672653153509,0.0014089643228329,0.0,0.001080034901046,0.0011663267857774,0.0010833742131032,0.0008518461179761,0.0006791401259034
48,48,2.25,0.02,2850,100000.0,17.15,2.43,0.81,,2.8500000000000005,2263.3,2.2633,2850.0,0.5108708616609874,0.0033655289216284,0.0029327145525743,-3.492324278496437e-05,-5.616665268442179e-06,0.0,17677880425729.875,19324424303970.617,18258041100000.0,14356111900000.0,11445508100000.0,5.588482053299124,12.645592067988952,0.0,98770496394851.28,107970126230170.05,102011991212466.88,80210990487253.94,63948759087820.125,0.0,0.0021771241226104,0.0023799046771749,0.0022485739666259,0.0017680308256239,0.0014095746311177,0.0,0.0010332624395474,0.001129502028428,0.0010671725135602,0.0008391068865144,0.0006689836867576
49,49,2.25,0.02,2900,100000.0,17.15,2.43,0.81,,2.8999999999999995,1871.3,1.8713,2900.0,0.5210995915746025,0.0034499349700332,0.0029797798595105,-5.314026425999063e-05,-3.683288154783801e-06,0.0,14184814109913.754,15702546403633.115,15095777100000.0,11869655900000.0,9463164100000.0,5.579333395861186,10.44527368207174,0.0,79177184581500.56,87648904339966.45,84262022793272.73,66254370965381.04,52821749010236.79,0.0,0.0017785052761475,0.0019687999723799,0.0018927226688951,0.0014882285718113,0.0011865003764227,0.0,0.000830823402169,0.0009197189984087,0.0008841797144061,0.0006952215109059,0.0005542700899655
50,50,2.25,0.02,2950,100000.0,17.15,2.43,0.81,,2.95,1862.6,1.8626,2950.0,0.5257132518177059,0.0032336339458954,0.0029911478543088,-2.2019206372442963e-05,-1.0181181791915458e-05,0.0,13689684712553.355,15356547082524.64,15025594200000.0,11814471800000.0,9419168200000.0,5.6384907789231775,10.50313785415938,0.0,77195665046669.23,86595045083026.6,84728813069503.72,66621403408932.95,53114368128483.984,0.0,0.0017466660647399,0.0019593409361744,0.0019171146774203,0.0015074077598707,0.0012017911148772,0.0,0.0008029799932283,0.000900751210218,0.0008813388899967,0.0006929877995846,0.0005524892483839
51,51,2.25,0.02,3000,100000.0,17.15,2.43,0.81,,3.0,1463.3,1.4632999999999998,3000.0,0.5480863945046167,0.0034624288511271,0.0030537867206592,-2.9151142908063783e-05,5.749637954638464e-06,0.0,10422410784646.23,11850191967721.756,11804441100000.0,9281711900000.0,7399908100000.0,5.5020273426975645,8.05296703906526,0.0,57357568862403.05,65215065483946.7,64963285104139.44,51079969928790.95,40723854316553.02,0.0,0.0013529348200953,0.0015382753250873,0.0015323363975906,0.0012048605144313,0.00096058326052,0.0,0.0006117658913542,0.0006955725888804,0.0006928871429745,0.0005448101088244,0.0004343535740699
52,52,2.25,0.02,3050,100000.0,17.15,2.43,0.81,,3.0500000000000003,915.3,0.9153,3050.0,0.5527740540958803,0.0031513229695296,0.003201428019547,-5.4831152154561305e-06,-9.976812672238102e-06,0.0,6312818212597.108,7278246153243.464,7314390356427.481,5805747900000.0,4628672100000.0,5.558680491690467,5.095114104503471,0.0,35140969205910.54,40515125785468.04,40716326309273.27,32318308764865.52,25765992026474.05,0.0,0.0008334959286695,0.0009609636033044,0.0009657358057003,0.0007665462673827,0.0006111342383973,0.0,0.000370444464744,0.0004270970444125,0.0004292180337315,0.0003406889127525,0.000271616558693
53,53,2.25,0.02,3100,100000.0,17.15,2.43,0.81,,3.1000000000000005,445.4,0.4453999999999999,3100.0,0.5469001839143403,0.0033975080079931,0.0030013069008094,5.389725998702082e-06,-1.997115048388868e-05,0.0,2971946289509.144,3476433275346.06,3509889042666.6665,2825172200000.0,2252387800000.0,5.714525584913305,2.5413928524534883,0.0,16957528194957.8,19836063488989.555,20026957624467.637,16120054863112.48,12851823654857.293,0.0,0.0003989436719307,0.0004666642398567,0.0004711552250099,0.0003792412316747,0.0003023526578242,0.0,0.0001743639466988,0.0002039621740353,0.0002059250223043,0.0001657527178854,0.0001321474845257
54,54,2.25,0.02,3150,100000.0,17.15,2.43,0.81,,3.1499999999999995,156.4,0.1563999999999999,3150.0,0.4988763212073991,0.0027607528689276,0.0030982615210131,-1.28526467134893e-05,-1.987291554542634e-05,0.0,1008962441578.4408,1197847722534.9685,1215175424987.8276,992045200000.0,790914800000.0,7.547127298563012,1.166292977235815,0.0,7523950191225.3,8932489684082.152,9061704375146.1,7397796354606.775,5897943585881.517,0.0,0.0001376750185446,0.0001634488070296,0.0001658132079807,0.0001353666258314,0.0001079219654468,0.0,5.9218708971084505e-05,7.030489218360057e-05,7.132190146601562e-05,5.822579073712136e-05,4.6420908680060334e-05
55,55,2.25,0.02,3200,100000.0,17.15,2.43,0.81,,3.2,45.6,0.0455999999999999,3200.0,0.5524761045762829,0.003734896819937,0.003780705970327,-5.604797929413096e-06,7.674179173426188e-05,0.0,284078871222.3292,342590831428.078,349256647852.7608,289240800000.0,230599200000.0,5.824365515421362,0.26622195376658,0.0,1658509476329.2358,2000114045730.2632,2039030420116.851,1688645852741.4175,1346284420197.5952,0.0,3.939300414948098e-05,4.7506813815302266e-05,4.8431157582747386e-05,4.01088049441095e-05,3.197701822518709e-05,0.0,1.6667773898843506e-05,2.010084908282746e-05,2.0491952865167023e-05,1.6970640005632612e-05,1.3529958459480392e-05
56,56,2.25,0.02,3250,100000.0,17.15,2.43,0.81,,3.25,8.3,0.0082999999999999,3250.0,0.5023726244548758,0.0038945116310166,0.0032187061565089,1.834487230908228e-06,-7.284063477654685e-05,0.0,49909234785.96221,61146887251.75114,62649103586.39964,52646900000.0,41973100000.0,6.7746188350372405,0.0555525673002859,0.0,334046521006.3784,409261032440.4706,419315487142.8982,352369934385.71423,280929332837.5464,0.0,7.030054396078052e-06,8.612954002884633e-06,8.824551367431411e-06,7.415673118854978e-06,5.912195958071831e-06,0.0,2.9257864035291825e-06,3.584561696979267e-06,3.6726248409229255e-06,3.086274210945927e-06,2.460553158561178e-06
57,57,2.25,0.02,3300,100000.0,17.15,2.43,0.81,,,,,3300.0,,,,,,,,,,,,,,,,,,,,,,,,,,,,,,,
58,58,2.25,0.02,3350,100000.0,17.15,2.43,0.81,,,,,3350.0,,,,,,,,,,,,,,,,,,,,,,,,,,,,,,,
59,59,2.25,0.02,3400,100000.0,17.15,2.43,0.81,,,,,3400.0,,,,,,,,,,,,,,,,,,,,,,,,,,,,,,,
60,60,2.25,0.02,3450,100000.0,17.15,2.43,0.81,,,,,3450.0,,,,,,,,,,,,,,,,,,,,,,,,,,,,,,,
61,61,2.25,0.02,3500,100000.0,17.15,2.43,0.81,,,,,3500.0,,,,,,,,,,,,,,,,,,,,,,,,,,,,,,,
